  0
SECTION
  2
HEADER
  9
$ACADVER
  1
AC1024
  9
$ACADMAINTVER
 70
6
  9
$DWGCODEPAGE
  3
ANSI_1252
  9
$LASTSAVEDBY
  1
ezdxf
  9
$INSBASE
 10
0.0
 20
0.0
 30
0.0
  9
$EXTMIN
 10
1e+20
 20
1e+20
 30
1e+20
  9
$EXTMAX
 10
-1e+20
 20
-1e+20
 30
-1e+20
  9
$LIMMIN
 10
0.0
 20
0.0
  9
$LIMMAX
 10
420.0
 20
297.0
  9
$ORTHOMODE
 70
0
  9
$REGENMODE
 70
1
  9
$FILLMODE
 70
1
  9
$QTEXTMODE
 70
0
  9
$MIRRTEXT
 70
1
  9
$LTSCALE
 40
1.0
  9
$ATTMODE
 70
1
  9
$TEXTSIZE
 40
2.5
  9
$TRACEWID
 40
1.0
  9
$TEXTSTYLE
  7
OpenSans
  9
$CLAYER
  8
0
  9
$CELTYPE
  6
ByLayer
  9
$CECOLOR
 62
256
  9
$CELTSCALE
 40
1.0
  9
$DISPSILH
 70
0
  9
$DIMSCALE
 40
1.0
  9
$DIMASZ
 40
0.175
  9
$DIMEXO
 40
0.125
  9
$DIMDLI
 40
3.75
  9
$DIMRND
 40
0.0
  9
$DIMDLE
 40
0.0
  9
$DIMEXE
 40
0.375
  9
$DIMTP
 40
0.0
  9
$DIMTM
 40
0.0
  9
$DIMTXT
 40
0.25
  9
$DIMCEN
 40
2.5
  9
$DIMTSZ
 40
0.0
  9
$DIMTOL
 70
0
  9
$DIMLIM
 70
0
  9
$DIMTIH
 70
0
  9
$DIMTOH
 70
0
  9
$DIMSE1
 70
0
  9
$DIMSE2
 70
0
  9
$DIMTAD
 70
1
  9
$DIMZIN
 70
12
  9
$DIMBLK
  1
ARCHTICK
  9
$DIMASO
 70
1
  9
$DIMSHO
 70
1
  9
$DIMPOST
  1

  9
$DIMAPOST
  1

  9
$DIMALT
 70
0
  9
$DIMALTD
 70
3
  9
$DIMALTF
 40
0.03937007874
  9
$DIMLFAC
 40
100.0
  9
$DIMTOFL
 70
1
  9
$DIMTVP
 40
0.0
  9
$DIMTIX
 70
0
  9
$DIMSOXD
 70
0
  9
$DIMSAH
 70
0
  9
$DIMBLK1
  1

  9
$DIMBLK2
  1

  9
$DIMSTYLE
  2
EZDXF
  9
$DIMCLRD
 70
0
  9
$DIMCLRE
 70
0
  9
$DIMCLRT
 70
0
  9
$DIMTFAC
 40
0.5
  9
$DIMGAP
 40
0.1
  9
$DIMJUST
 70
0
  9
$DIMSD1
 70
0
  9
$DIMSD2
 70
0
  9
$DIMTOLJ
 70
0
  9
$DIMTZIN
 70
8
  9
$DIMALTZ
 70
0
  9
$DIMALTTZ
 70
0
  9
$DIMUPT
 70
1
  9
$DIMDEC
 70
2
  9
$DIMTDEC
 70
2
  9
$DIMALTU
 70
2
  9
$DIMALTTD
 70
3
  9
$DIMTXSTY
  7
OpenSansCondensed-Light
  9
$DIMAUNIT
 70
0
  9
$DIMADEC
 70
2
  9
$DIMALTRND
 40
0.0
  9
$DIMAZIN
 70
3
  9
$DIMDSEP
 70
46
  9
$DIMATFIT
 70
3
  9
$DIMFRAC
 70
0
  9
$DIMLDRBLK
  1

  9
$DIMLUNIT
 70
2
  9
$DIMLWD
 70
-2
  9
$DIMLWE
 70
-2
  9
$DIMTMOVE
 70
2
  9
$DIMFXL
 40
1.0
  9
$DIMFXLON
 70
0
  9
$DIMJOGANG
 40
0.785398163397
  9
$DIMTFILL
 70
0
  9
$DIMTFILLCLR
 70
0
  9
$DIMARCSYM
 70
0
  9
$DIMLTYPE
  6

  9
$DIMLTEX1
  6

  9
$DIMLTEX2
  6

  9
$DIMTXTDIRECTION
 70
0
  9
$LUNITS
 70
4
  9
$LUPREC
 70
4
  9
$SKETCHINC
 40
1.0
  9
$FILLETRAD
 40
10.0
  9
$AUNITS
 70
0
  9
$AUPREC
 70
2
  9
$MENU
  1
.
  9
$ELEVATION
 40
0.0
  9
$PELEVATION
 40
0.0
  9
$THICKNESS
 40
0.0
  9
$LIMCHECK
 70
0
  9
$CHAMFERA
 40
0.0
  9
$CHAMFERB
 40
0.0
  9
$CHAMFERC
 40
0.0
  9
$CHAMFERD
 40
0.0
  9
$SKPOLY
 70
0
  9
$TDCREATE
 40
2461306.8800462964
  9
$TDUCREATE
 40
2458532.153996898
  9
$TDUPDATE
 40
2461306.8800462964
  9
$TDUUPDATE
 40
2458532.1544311
  9
$TDINDWG
 40
0.0
  9
$TDUSRTIMER
 40
0.0
  9
$USRTIMER
 70
1
  9
$ANGBASE
 50
0.0
  9
$ANGDIR
 70
0
  9
$PDMODE
 70
0
  9
$PDSIZE
 40
0.0
  9
$PLINEWID
 40
0.0
  9
$SPLFRAME
 70
0
  9
$SPLINETYPE
 70
6
  9
$SPLINESEGS
 70
8
  9
$HANDSEED
  5
A9
  9
$SURFTAB1
 70
6
  9
$SURFTAB2
 70
6
  9
$SURFTYPE
 70
6
  9
$SURFU
 70
6
  9
$SURFV
 70
6
  9
$UCSBASE
  2

  9
$UCSNAME
  2

  9
$UCSORG
 10
0.0
 20
0.0
 30
0.0
  9
$UCSXDIR
 10
1.0
 20
0.0
 30
0.0
  9
$UCSYDIR
 10
0.0
 20
1.0
 30
0.0
  9
$UCSORTHOREF
  2

  9
$UCSORTHOVIEW
 70
0
  9
$UCSORGTOP
 10
0.0
 20
0.0
 30
0.0
  9
$UCSORGBOTTOM
 10
0.0
 20
0.0
 30
0.0
  9
$UCSORGLEFT
 10
0.0
 20
0.0
 30
0.0
  9
$UCSORGRIGHT
 10
0.0
 20
0.0
 30
0.0
  9
$UCSORGFRONT
 10
0.0
 20
0.0
 30
0.0
  9
$UCSORGBACK
 10
0.0
 20
0.0
 30
0.0
  9
$PUCSBASE
  2

  9
$PUCSNAME
  2

  9
$PUCSORG
 10
0.0
 20
0.0
 30
0.0
  9
$PUCSXDIR
 10
1.0
 20
0.0
 30
0.0
  9
$PUCSYDIR
 10
0.0
 20
1.0
 30
0.0
  9
$PUCSORTHOREF
  2

  9
$PUCSORTHOVIEW
 70
0
  9
$PUCSORGTOP
 10
0.0
 20
0.0
 30
0.0
  9
$PUCSORGBOTTOM
 10
0.0
 20
0.0
 30
0.0
  9
$PUCSORGLEFT
 10
0.0
 20
0.0
 30
0.0
  9
$PUCSORGRIGHT
 10
0.0
 20
0.0
 30
0.0
  9
$PUCSORGFRONT
 10
0.0
 20
0.0
 30
0.0
  9
$PUCSORGBACK
 10
0.0
 20
0.0
 30
0.0
  9
$USERI1
 70
0
  9
$USERI2
 70
0
  9
$USERI3
 70
0
  9
$USERI4
 70
0
  9
$USERI5
 70
0
  9
$USERR1
 40
0.0
  9
$USERR2
 40
0.0
  9
$USERR3
 40
0.0
  9
$USERR4
 40
0.0
  9
$USERR5
 40
0.0
  9
$WORLDVIEW
 70
1
  9
$SHADEDGE
 70
3
  9
$SHADEDIF
 70
70
  9
$TILEMODE
 70
1
  9
$MAXACTVP
 70
64
  9
$PINSBASE
 10
0.0
 20
0.0
 30
0.0
  9
$PLIMCHECK
 70
0
  9
$PEXTMIN
 10
1e+20
 20
1e+20
 30
1e+20
  9
$PEXTMAX
 10
-1e+20
 20
-1e+20
 30
-1e+20
  9
$PLIMMIN
 10
0.0
 20
0.0
  9
$PLIMMAX
 10
420.0
 20
297.0
  9
$UNITMODE
 70
0
  9
$VISRETAIN
 70
1
  9
$PLINEGEN
 70
0
  9
$PSLTSCALE
 70
1
  9
$TREEDEPTH
 70
3020
  9
$CMLSTYLE
  2
Standard
  9
$CMLJUST
 70
0
  9
$CMLSCALE
 40
20.0
  9
$PROXYGRAPHICS
 70
1
  9
$MEASUREMENT
 70
1
  9
$CELWEIGHT
370
-1
  9
$ENDCAPS
280
0
  9
$JOINSTYLE
280
0
  9
$LWDISPLAY
290
0
  9
$INSUNITS
 70
1
  9
$HYPERLINKBASE
  1

  9
$STYLESHEET
  1

  9
$XEDIT
290
1
  9
$CEPSNTYPE
380
0
  9
$PSTYLEMODE
290
1
  9
$FINGERPRINTGUID
  2
{C498463B-1FC0-49E1-B788-19DBF7B80446}
  9
$VERSIONGUID
  2
{D4467F5B-28FD-4E62-A73C-994C24C95FF3}
  9
$EXTNAMES
290
1
  9
$PSVPSCALE
 40
0.0
  9
$OLESTARTUP
290
0
  9
$SORTENTS
280
127
  9
$INDEXCTL
280
0
  9
$HIDETEXT
280
1
  9
$XCLIPFRAME
280
1
  9
$HALOGAP
280
0
  9
$OBSCOLOR
 70
257
  9
$OBSLTYPE
280
0
  9
$INTERSECTIONDISPLAY
280
0
  9
$INTERSECTIONCOLOR
 70
257
  9
$DIMASSOC
280
2
  9
$PROJECTNAME
  1

  9
$CAMERADISPLAY
290
0
  9
$LENSLENGTH
 40
50.0
  9
$CAMERAHEIGHT
 40
0.0
  9
$STEPSPERSEC
 40
24.0
  9
$STEPSIZE
 40
100.0
  9
$3DDWFPREC
 40
2.0
  9
$PSOLWIDTH
 40
0.005
  9
$PSOLHEIGHT
 40
0.08
  9
$LOFTANG1
 40
1.570796326795
  9
$LOFTANG2
 40
1.570796326795
  9
$LOFTMAG1
 40
0.0
  9
$LOFTMAG2
 40
0.0
  9
$LOFTPARAM
 70
7
  9
$LOFTNORMALS
280
1
  9
$LATITUDE
 40
37.795
  9
$LONGITUDE
 40
-122.394
  9
$NORTHDIRECTION
 40
0.0
  9
$TIMEZONE
 70
-8000
  9
$LIGHTGLYPHDISPLAY
280
1
  9
$TILEMODELIGHTSYNCH
280
1
  9
$CMATERIAL
347
20
  9
$SOLIDHIST
280
0
  9
$SHOWHIST
280
1
  9
$DWFFRAME
280
2
  9
$DGNFRAME
280
2
  9
$REALWORLDSCALE
290
1
  9
$INTERFERECOLOR
 62
256
  9
$CSHADOW
280
0
  9
$SHADOWPLANELOCATION
 40
0.0
  0
ENDSEC
  0
SECTION
  2
CLASSES
  0
CLASS
  1
ACDBDICTIONARYWDFLT
  2
AcDbDictionaryWithDefault
  3
ObjectDBX Classes
 90
0
 91
0
280
0
281
0
  0
CLASS
  1
SUN
  2
AcDbSun
  3
SCENEOE
 90
1153
 91
0
280
0
281
0
  0
CLASS
  1
VISUALSTYLE
  2
AcDbVisualStyle
  3
ObjectDBX Classes
 90
4095
 91
0
280
0
281
0
  0
CLASS
  1
MATERIAL
  2
AcDbMaterial
  3
ObjectDBX Classes
 90
1153
 91
0
280
0
281
0
  0
CLASS
  1
SCALE
  2
AcDbScale
  3
ObjectDBX Classes
 90
1153
 91
0
280
0
281
0
  0
CLASS
  1
TABLESTYLE
  2
AcDbTableStyle
  3
ObjectDBX Classes
 90
4095
 91
0
280
0
281
0
  0
CLASS
  1
MLEADERSTYLE
  2
AcDbMLeaderStyle
  3
ACDB_MLEADERSTYLE_CLASS
 90
4095
 91
0
280
0
281
0
  0
CLASS
  1
DICTIONARYVAR
  2
AcDbDictionaryVar
  3
ObjectDBX Classes
 90
0
 91
0
280
0
281
0
  0
CLASS
  1
CELLSTYLEMAP
  2
AcDbCellStyleMap
  3
ObjectDBX Classes
 90
1152
 91
0
280
0
281
0
  0
CLASS
  1
MENTALRAYRENDERSETTINGS
  2
AcDbMentalRayRenderSettings
  3
SCENEOE
 90
1024
 91
0
280
0
281
0
  0
CLASS
  1
ACDBDETAILVIEWSTYLE
  2
AcDbDetailViewStyle
  3
ObjectDBX Classes
 90
1025
 91
0
280
0
281
0
  0
CLASS
  1
ACDBSECTIONVIEWSTYLE
  2
AcDbSectionViewStyle
  3
ObjectDBX Classes
 90
1025
 91
0
280
0
281
0
  0
CLASS
  1
RASTERVARIABLES
  2
AcDbRasterVariables
  3
ISM
 90
0
 91
0
280
0
281
0
  0
CLASS
  1
ACDBPLACEHOLDER
  2
AcDbPlaceHolder
  3
ObjectDBX Classes
 90
0
 91
0
280
0
281
0
  0
CLASS
  1
LAYOUT
  2
AcDbLayout
  3
ObjectDBX Classes
 90
0
 91
0
280
0
281
0
  0
ENDSEC
  0
SECTION
  2
TABLES
  0
TABLE
  2
VPORT
  5
8
330
0
100
AcDbSymbolTable
 70
1
  0
VPORT
  5
A5
330
8
100
AcDbSymbolTableRecord
100
AcDbViewportTableRecord
  2
*Active
 70
0
 10
0.0
 20
0.0
 11
1.0
 21
1.0
 12
0.0
 22
0.0
 13
0.0
 23
0.0
 14
0.5
 24
0.5
 15
0.5
 25
0.5
 16
1.0
 26
-1.0
 36
1.0
 17
60.0
 27
60.0
 37
48.0
 40
216.0
 41
1.34
 42
50.0
 43
0.0
 44
0.0
 50
0.0
 51
0.0
 71
0
 72
1000
 73
1
 74
3
 75
0
 76
0
 77
0
 78
0
281
0
 65
1
110
0.0
120
0.0
130
0.0
111
1.0
121
0.0
131
0.0
112
0.0
122
1.0
132
0.0
 79
0
146
0.0
  0
ENDTAB
  0
TABLE
  2
LTYPE
  5
2
330
0
100
AcDbSymbolTable
 70
21
  0
LTYPE
  5
24
330
2
100
AcDbSymbolTableRecord
100
AcDbLinetypeTableRecord
  2
ByBlock
 70
0
  3

 72
65
 73
0
 40
0.0
  0
LTYPE
  5
25
330
2
100
AcDbSymbolTableRecord
100
AcDbLinetypeTableRecord
  2
ByLayer
 70
0
  3

 72
65
 73
0
 40
0.0
  0
LTYPE
  5
26
330
2
100
AcDbSymbolTableRecord
100
AcDbLinetypeTableRecord
  2
Continuous
 70
0
  3

 72
65
 73
0
 40
0.0
  0
LTYPE
  5
2F
330
2
100
AcDbSymbolTableRecord
100
AcDbLinetypeTableRecord
  2
CENTER
 70
0
  3
Center ____ _ ____ _ ____ _ ____ _ ____ _ ____
 72
65
 73
4
 40
5.08
 49
3.175
 74
0
 49
-0.635
 74
0
 49
0.635
 74
0
 49
-0.635
 74
0
  0
LTYPE
  5
30
330
2
100
AcDbSymbolTableRecord
100
AcDbLinetypeTableRecord
  2
CENTERX2
 70
0
  3
Center (2x) ________  __  ________  __  ________
 72
65
 73
4
 40
8.89
 49
6.35
 74
0
 49
-0.635
 74
0
 49
1.27
 74
0
 49
-0.635
 74
0
  0
LTYPE
  5
31
330
2
100
AcDbSymbolTableRecord
100
AcDbLinetypeTableRecord
  2
CENTER2
 70
0
  3
Center (.5x) ____ _ ____ _ ____ _ ____ _ ____
 72
65
 73
4
 40
2.54
 49
1.587
 74
0
 49
-0.318
 74
0
 49
0.318
 74
0
 49
-0.318
 74
0
  0
LTYPE
  5
32
330
2
100
AcDbSymbolTableRecord
100
AcDbLinetypeTableRecord
  2
DASHED
 70
0
  3
Dashed __ __ __ __ __ __ __ __ __ __ __ __ __ _
 72
65
 73
2
 40
1.524
 49
1.27
 74
0
 49
-0.254
 74
0
  0
LTYPE
  5
33
330
2
100
AcDbSymbolTableRecord
100
AcDbLinetypeTableRecord
  2
DASHEDX2
 70
0
  3
Dashed (2x) ____  ____  ____  ____  ____  ____
 72
65
 73
2
 40
3.048
 49
2.54
 74
0
 49
-0.508
 74
0
  0
LTYPE
  5
34
330
2
100
AcDbSymbolTableRecord
100
AcDbLinetypeTableRecord
  2
DASHED2
 70
0
  3
Dashed (.5x) _ _ _ _ _ _ _ _ _ _ _ _ _ _
 72
65
 73
2
 40
0.762
 49
0.635
 74
0
 49
-0.127
 74
0
  0
LTYPE
  5
35
330
2
100
AcDbSymbolTableRecord
100
AcDbLinetypeTableRecord
  2
PHANTOM
 70
0
  3
Phantom ______  __  __  ______  __  __  ______
 72
65
 73
6
 40
6.35
 49
3.175
 74
0
 49
-0.635
 74
0
 49
0.635
 74
0
 49
-0.635
 74
0
 49
0.635
 74
0
 49
-0.635
 74
0
  0
LTYPE
  5
36
330
2
100
AcDbSymbolTableRecord
100
AcDbLinetypeTableRecord
  2
PHANTOMX2
 70
0
  3
Phantom (2x)____________    ____    ____    ____________
 72
65
 73
6
 40
10.795
 49
6.35
 74
0
 49
-0.635
 74
0
 49
1.27
 74
0
 49
-0.635
 74
0
 49
1.27
 74
0
 49
-0.635
 74
0
  0
LTYPE
  5
37
330
2
100
AcDbSymbolTableRecord
100
AcDbLinetypeTableRecord
  2
PHANTOM2
 70
0
  3
Phantom (.5x) ___ _ _ ___ _ _ ___ _ _ ___ _ _ ___
 72
65
 73
6
 40
3.175
 49
1.587
 74
0
 49
-0.318
 74
0
 49
0.318
 74
0
 49
-0.318
 74
0
 49
0.318
 74
0
 49
-0.318
 74
0
  0
LTYPE
  5
38
330
2
100
AcDbSymbolTableRecord
100
AcDbLinetypeTableRecord
  2
DASHDOT
 70
0
  3
Dash dot __ . __ . __ . __ . __ . __ . __ . __
 72
65
 73
4
 40
3.556
 49
2.54
 74
0
 49
-0.508
 74
0
 49
0.0
 74
0
 49
-0.508
 74
0
  0
LTYPE
  5
39
330
2
100
AcDbSymbolTableRecord
100
AcDbLinetypeTableRecord
  2
DASHDOTX2
 70
0
  3
Dash dot (2x) ____  .  ____  .  ____  .  ____
 72
65
 73
4
 40
6.096
 49
5.08
 74
0
 49
-0.508
 74
0
 49
0.0
 74
0
 49
-0.508
 74
0
  0
LTYPE
  5
3A
330
2
100
AcDbSymbolTableRecord
100
AcDbLinetypeTableRecord
  2
DASHDOT2
 70
0
  3
Dash dot (.5x) _ . _ . _ . _ . _ . _ . _ . _
 72
65
 73
4
 40
1.778
 49
1.27
 74
0
 49
-0.254
 74
0
 49
0.0
 74
0
 49
-0.254
 74
0
  0
LTYPE
  5
3B
330
2
100
AcDbSymbolTableRecord
100
AcDbLinetypeTableRecord
  2
DOT
 70
0
  3
Dot .  .  .  .  .  .  .  .  .  .  .  .  .  .  .  .
 72
65
 73
2
 40
0.508
 49
0.0
 74
0
 49
-0.508
 74
0
  0
LTYPE
  5
3C
330
2
100
AcDbSymbolTableRecord
100
AcDbLinetypeTableRecord
  2
DOTX2
 70
0
  3
Dot (2x) .    .    .    .    .    .    .    . 
 72
65
 73
2
 40
1.016
 49
0.0
 74
0
 49
-1.016
 74
0
  0
LTYPE
  5
3D
330
2
100
AcDbSymbolTableRecord
100
AcDbLinetypeTableRecord
  2
DOT2
 70
0
  3
Dot (.5) . . . . . . . . . . . . . . . . . . . 
 72
65
 73
2
 40
0.254
 49
0.0
 74
0
 49
-0.254
 74
0
  0
LTYPE
  5
3E
330
2
100
AcDbSymbolTableRecord
100
AcDbLinetypeTableRecord
  2
DIVIDE
 70
0
  3
Divide __ . . __ . . __ . . __ . . __ . . __
 72
65
 73
6
 40
4.064
 49
2.54
 74
0
 49
-0.508
 74
0
 49
0.0
 74
0
 49
-0.508
 74
0
 49
0.0
 74
0
 49
-0.508
 74
0
  0
LTYPE
  5
3F
330
2
100
AcDbSymbolTableRecord
100
AcDbLinetypeTableRecord
  2
DIVIDEX2
 70
0
  3
Divide (2x) ____  . .  ____  . .  ____  . .  ____
 72
65
 73
6
 40
6.604
 49
5.08
 74
0
 49
-0.508
 74
0
 49
0.0
 74
0
 49
-0.508
 74
0
 49
0.0
 74
0
 49
-0.508
 74
0
  0
LTYPE
  5
40
330
2
100
AcDbSymbolTableRecord
100
AcDbLinetypeTableRecord
  2
DIVIDE2
 70
0
  3
Divide(.5x) _ . _ . _ . _ . _ . _ . _ . _
 72
65
 73
6
 40
2.032
 49
1.27
 74
0
 49
-0.254
 74
0
 49
0.0
 74
0
 49
-0.254
 74
0
 49
0.0
 74
0
 49
-0.254
 74
0
  0
ENDTAB
  0
TABLE
  2
LAYER
  5
1
330
0
100
AcDbSymbolTable
 70
6
  0
LAYER
  5
27
330
1
100
AcDbSymbolTableRecord
100
AcDbLayerTableRecord
  2
0
 70
0
 62
7
  6
Continuous
370
-3
390
13
347
21
  0
LAYER
  5
28
330
1
100
AcDbSymbolTableRecord
100
AcDbLayerTableRecord
  2
Defpoints
 70
0
 62
7
  6
Continuous
290
0
370
-3
390
13
347
21
  0
LAYER
  5
8A
330
1
100
AcDbSymbolTableRecord
100
AcDbLayerTableRecord
  2
3D-FRAME
 70
0
 62
250
  6
Continuous
370
-3
390
13
347
21
  0
LAYER
  5
8B
330
1
100
AcDbSymbolTableRecord
100
AcDbLayerTableRecord
  2
3D-CANOPY
 70
0
 62
7
  6
Continuous
370
-3
390
13
347
21
  0
LAYER
  5
8C
330
1
100
AcDbSymbolTableRecord
100
AcDbLayerTableRecord
  2
3D-CARPET
 70
0
 62
8
  6
Continuous
370
-3
390
13
347
21
  0
LAYER
  5
8D
330
1
100
AcDbSymbolTableRecord
100
AcDbLayerTableRecord
  2
3D-LABEL
 70
0
 62
5
  6
Continuous
370
-3
390
13
347
21
  0
ENDTAB
  0
TABLE
  2
STYLE
  5
5
330
0
100
AcDbSymbolTable
 70
26
  0
STYLE
  5
29
330
5
100
AcDbSymbolTableRecord
100
AcDbTextStyleTableRecord
  2
Standard
 70
0
 40
0.0
 41
1.0
 50
0.0
 71
0
 42
2.5
  3
txt
  4

  0
STYLE
  5
41
330
5
100
AcDbSymbolTableRecord
100
AcDbTextStyleTableRecord
  2
OpenSans-Light
 70
0
 40
0.0
 41
1.0
 50
0.0
 71
0
 42
2.5
  3
OpenSans-Light.ttf
  4

  0
STYLE
  5
42
330
5
100
AcDbSymbolTableRecord
100
AcDbTextStyleTableRecord
  2
OpenSans-Light-Italic
 70
0
 40
0.0
 41
1.0
 50
0.0
 71
0
 42
2.5
  3
OpenSans-LightItalic.ttf
  4

  0
STYLE
  5
43
330
5
100
AcDbSymbolTableRecord
100
AcDbTextStyleTableRecord
  2
OpenSans
 70
0
 40
0.0
 41
1.0
 50
0.0
 71
0
 42
2.5
  3
OpenSans-Regular.ttf
  4

  0
STYLE
  5
44
330
5
100
AcDbSymbolTableRecord
100
AcDbTextStyleTableRecord
  2
OpenSans-Italic
 70
0
 40
0.0
 41
1.0
 50
0.0
 71
0
 42
2.5
  3
OpenSans-Italic.ttf
  4

  0
STYLE
  5
45
330
5
100
AcDbSymbolTableRecord
100
AcDbTextStyleTableRecord
  2
OpenSans-SemiBold
 70
0
 40
0.0
 41
1.0
 50
0.0
 71
0
 42
2.5
  3
OpenSans-SemiBold.ttf
  4

  0
STYLE
  5
46
330
5
100
AcDbSymbolTableRecord
100
AcDbTextStyleTableRecord
  2
OpenSans-SemiBoldItalic
 70
0
 40
0.0
 41
1.0
 50
0.0
 71
0
 42
2.5
  3
OpenSans-SemiBoldItalic.ttf
  4

  0
STYLE
  5
47
330
5
100
AcDbSymbolTableRecord
100
AcDbTextStyleTableRecord
  2
OpenSans-Bold
 70
0
 40
0.0
 41
1.0
 50
0.0
 71
0
 42
2.5
  3
OpenSans-Bold.ttf
  4

  0
STYLE
  5
48
330
5
100
AcDbSymbolTableRecord
100
AcDbTextStyleTableRecord
  2
OpenSans-BoldItalic
 70
0
 40
0.0
 41
1.0
 50
0.0
 71
0
 42
2.5
  3
OpenSans-BoldItalic.ttf
  4

  0
STYLE
  5
49
330
5
100
AcDbSymbolTableRecord
100
AcDbTextStyleTableRecord
  2
OpenSans-ExtraBold
 70
0
 40
0.0
 41
1.0
 50
0.0
 71
0
 42
2.5
  3
OpenSans-ExtraBold.ttf
  4

  0
STYLE
  5
4A
330
5
100
AcDbSymbolTableRecord
100
AcDbTextStyleTableRecord
  2
OpenSans-ExtraBoldItalic
 70
0
 40
0.0
 41
1.0
 50
0.0
 71
0
 42
2.5
  3
OpenSans-ExtraBoldItalic.ttf
  4

  0
STYLE
  5
4B
330
5
100
AcDbSymbolTableRecord
100
AcDbTextStyleTableRecord
  2
OpenSansCondensed-Bold
 70
0
 40
0.0
 41
1.0
 50
0.0
 71
0
 42
2.5
  3
OpenSansCondensed-Bold.ttf
  4

  0
STYLE
  5
4C
330
5
100
AcDbSymbolTableRecord
100
AcDbTextStyleTableRecord
  2
OpenSansCondensed-Light
 70
0
 40
0.0
 41
1.0
 50
0.0
 71
0
 42
2.5
  3
OpenSansCondensed-Light.ttf
  4

  0
STYLE
  5
4D
330
5
100
AcDbSymbolTableRecord
100
AcDbTextStyleTableRecord
  2
OpenSansCondensed-Italic
 70
0
 40
0.0
 41
1.0
 50
0.0
 71
0
 42
2.5
  3
OpenSansCondensed-LightItalic.ttf
  4

  0
STYLE
  5
4E
330
5
100
AcDbSymbolTableRecord
100
AcDbTextStyleTableRecord
  2
LiberationSans
 70
0
 40
0.0
 41
1.0
 50
0.0
 71
0
 42
2.5
  3
LiberationSans-Regular.ttf
  4

  0
STYLE
  5
4F
330
5
100
AcDbSymbolTableRecord
100
AcDbTextStyleTableRecord
  2
LiberationSans-Bold
 70
0
 40
0.0
 41
1.0
 50
0.0
 71
0
 42
2.5
  3
LiberationSans-Bold.ttf
  4

  0
STYLE
  5
50
330
5
100
AcDbSymbolTableRecord
100
AcDbTextStyleTableRecord
  2
LiberationSans-BoldItalic
 70
0
 40
0.0
 41
1.0
 50
0.0
 71
0
 42
2.5
  3
LiberationSans-BoldItalic.ttf
  4

  0
STYLE
  5
51
330
5
100
AcDbSymbolTableRecord
100
AcDbTextStyleTableRecord
  2
LiberationSans-Italic
 70
0
 40
0.0
 41
1.0
 50
0.0
 71
0
 42
2.5
  3
LiberationSans-Italic.ttf
  4

  0
STYLE
  5
52
330
5
100
AcDbSymbolTableRecord
100
AcDbTextStyleTableRecord
  2
LiberationSerif
 70
0
 40
0.0
 41
1.0
 50
0.0
 71
0
 42
2.5
  3
LiberationSerif-Regular.ttf
  4

  0
STYLE
  5
53
330
5
100
AcDbSymbolTableRecord
100
AcDbTextStyleTableRecord
  2
LiberationSerif-Bold
 70
0
 40
0.0
 41
1.0
 50
0.0
 71
0
 42
2.5
  3
LiberationSerif-Bold.ttf
  4

  0
STYLE
  5
54
330
5
100
AcDbSymbolTableRecord
100
AcDbTextStyleTableRecord
  2
LiberationSerif-BoldItalic
 70
0
 40
0.0
 41
1.0
 50
0.0
 71
0
 42
2.5
  3
LiberationSerif-BoldItalic.ttf
  4

  0
STYLE
  5
55
330
5
100
AcDbSymbolTableRecord
100
AcDbTextStyleTableRecord
  2
LiberationSerif-Italic
 70
0
 40
0.0
 41
1.0
 50
0.0
 71
0
 42
2.5
  3
LiberationSerif-Italic.ttf
  4

  0
STYLE
  5
56
330
5
100
AcDbSymbolTableRecord
100
AcDbTextStyleTableRecord
  2
LiberationMono
 70
0
 40
0.0
 41
1.0
 50
0.0
 71
0
 42
2.5
  3
LiberationMono-Regular.ttf
  4

  0
STYLE
  5
57
330
5
100
AcDbSymbolTableRecord
100
AcDbTextStyleTableRecord
  2
LiberationMono-Bold
 70
0
 40
0.0
 41
1.0
 50
0.0
 71
0
 42
2.5
  3
LiberationMono-Bold.ttf
  4

  0
STYLE
  5
58
330
5
100
AcDbSymbolTableRecord
100
AcDbTextStyleTableRecord
  2
LiberationMono-BoldItalic
 70
0
 40
0.0
 41
1.0
 50
0.0
 71
0
 42
2.5
  3
LiberationMono-BoldItalic.ttf
  4

  0
STYLE
  5
59
330
5
100
AcDbSymbolTableRecord
100
AcDbTextStyleTableRecord
  2
LiberationMono-Italic
 70
0
 40
0.0
 41
1.0
 50
0.0
 71
0
 42
2.5
  3
LiberationMono-Italic.ttf
  4

  0
ENDTAB
  0
TABLE
  2
VIEW
  5
7
330
0
100
AcDbSymbolTable
 70
0
  0
ENDTAB
  0
TABLE
  2
UCS
  5
6
330
0
100
AcDbSymbolTable
 70
0
  0
ENDTAB
  0
TABLE
  2
APPID
  5
3
330
0
100
AcDbSymbolTable
 70
3
  0
APPID
  5
2A
330
3
100
AcDbSymbolTableRecord
100
AcDbRegAppTableRecord
  2
ACAD
 70
0
  0
APPID
  5
A6
330
3
100
AcDbSymbolTableRecord
100
AcDbRegAppTableRecord
  2
HATCHBACKGROUNDCOLOR
 70
0
  0
APPID
  5
A7
330
3
100
AcDbSymbolTableRecord
100
AcDbRegAppTableRecord
  2
EZDXF
 70
0
  0
ENDTAB
  0
TABLE
  2
DIMSTYLE
  5
4
330
0
100
AcDbSymbolTable
 70
12
100
AcDbDimStyleTable
  0
DIMSTYLE
105
2B
330
4
100
AcDbSymbolTableRecord
100
AcDbDimStyleTableRecord
  2
Standard
 70
0
 40
1.0
 41
2.5
 42
0.625
 43
3.75
 44
1.25
 45
0.0
 46
0.0
 47
0.0
 48
0.0
 49
2.5
140
2.5
141
2.5
142
0.0
143
0.03937007874
144
1.0
145
0.0
146
1.0
147
0.625
148
0.0
 69
0
 70
0
 71
0
 72
0
 73
0
 74
0
 75
0
 76
0
 77
1
 78
8
 79
3
170
0
171
3
172
1
173
0
174
0
175
0
176
0
177
0
178
0
179
2
271
2
272
2
273
2
274
3
275
0
276
0
277
2
278
44
279
0
280
0
281
0
282
0
283
0
284
8
285
0
286
0
288
0
289
3
290
0
371
-2
372
-2
  0
DIMSTYLE
105
73
330
4
100
AcDbSymbolTableRecord
100
AcDbDimStyleTableRecord
  2
EZDXF
 70
0
 40
1.0
 41
0.175
 42
0.125
 43
3.75
 44
0.375
 45
0.0
 46
0.0
 47
0.0
 48
0.0
 49
2.5
140
0.25
141
2.5
142
0.0
143
0.03937007874
144
100.0
145
0.0
146
0.5
147
0.1
148
0.0
 69
0
 70
0
 71
0
 72
0
 73
0
 74
0
 75
0
 76
0
 77
1
 78
12
 79
3
170
0
171
3
172
1
173
0
174
0
175
0
176
0
177
0
178
0
179
2
271
2
272
2
273
2
274
3
275
0
276
0
277
2
278
46
279
2
280
0
281
0
282
0
283
0
284
8
285
0
286
0
288
1
289
3
290
0
340
4C
342
74
371
-2
372
-2
  0
DIMSTYLE
105
7C
330
4
100
AcDbSymbolTableRecord
100
AcDbDimStyleTableRecord
  2
EZ_M_100_H25_CM
 70
0
 40
1.0
 41
0.25
 42
0.125
 43
3.75
 44
0.375
 45
0.0
 46
0.0
 47
0.0
 48
0.0
 49
2.5
140
0.25
141
2.5
142
0.125
143
0.03937007874
144
100.0
145
0.0
146
0.5
147
0.1
148
0.0
 69
0
 70
0
 71
0
 72
0
 73
0
 74
0
 75
0
 76
0
 77
1
 78
12
 79
3
170
0
171
3
172
1
173
0
174
0
175
0
176
0
177
0
178
0
179
2
271
2
272
2
273
2
274
3
275
0
276
0
277
2
278
46
279
2
280
0
281
0
282
0
283
0
284
8
285
0
286
0
288
1
289
3
290
0
340
4C
371
-2
372
-2
  0
DIMSTYLE
105
7D
330
4
100
AcDbSymbolTableRecord
100
AcDbDimStyleTableRecord
  2
EZ_M_50_H25_CM
 70
0
 40
1.0
 41
0.125
 42
0.0625
 43
3.75
 44
0.1875
 45
0.0
 46
0.0
 47
0.0
 48
0.0
 49
2.5
140
0.125
141
2.5
142
0.0625
143
0.03937007874
144
100.0
145
0.0
146
0.5
147
0.05
148
0.0
 69
0
 70
0
 71
0
 72
0
 73
0
 74
0
 75
0
 76
0
 77
1
 78
12
 79
3
170
0
171
3
172
1
173
0
174
0
175
0
176
0
177
0
178
0
179
2
271
2
272
2
273
2
274
3
275
0
276
0
277
2
278
46
279
2
280
0
281
0
282
0
283
0
284
8
285
0
286
0
288
1
289
3
290
0
340
4C
371
-2
372
-2
  0
DIMSTYLE
105
7E
330
4
100
AcDbSymbolTableRecord
100
AcDbDimStyleTableRecord
  2
EZ_M_25_H25_CM
 70
0
 40
1.0
 41
0.0625
 42
0.03125
 43
3.75
 44
0.09375
 45
0.0
 46
0.0
 47
0.0
 48
0.0
 49
2.5
140
0.0625
141
2.5
142
0.03125
143
0.03937007874
144
100.0
145
0.0
146
0.5
147
0.025
148
0.0
 69
0
 70
0
 71
0
 72
0
 73
0
 74
0
 75
0
 76
0
 77
1
 78
12
 79
3
170
0
171
3
172
1
173
0
174
0
175
0
176
0
177
0
178
0
179
2
271
2
272
2
273
2
274
3
275
0
276
0
277
2
278
46
279
2
280
0
281
0
282
0
283
0
284
8
285
0
286
0
288
1
289
3
290
0
340
4C
371
-2
372
-2
  0
DIMSTYLE
105
7F
330
4
100
AcDbSymbolTableRecord
100
AcDbDimStyleTableRecord
  2
EZ_M_20_H25_CM
 70
0
 40
1.0
 41
0.05
 42
0.025
 43
3.75
 44
0.07500000000000001
 45
0.0
 46
0.0
 47
0.0
 48
0.0
 49
2.5
140
0.05
141
2.5
142
0.025
143
0.03937007874
144
100.0
145
0.0
146
0.5
147
0.020000000000000004
148
0.0
 69
0
 70
0
 71
0
 72
0
 73
0
 74
0
 75
0
 76
0
 77
1
 78
12
 79
3
170
0
171
3
172
1
173
0
174
0
175
0
176
0
177
0
178
0
179
2
271
2
272
2
273
2
274
3
275
0
276
0
277
2
278
46
279
2
280
0
281
0
282
0
283
0
284
8
285
0
286
0
288
1
289
3
290
0
340
4C
371
-2
372
-2
  0
DIMSTYLE
105
80
330
4
100
AcDbSymbolTableRecord
100
AcDbDimStyleTableRecord
  2
EZ_M_10_H25_CM
 70
0
 40
1.0
 41
0.025
 42
0.0125
 43
3.75
 44
0.037500000000000006
 45
0.0
 46
0.0
 47
0.0
 48
0.0
 49
2.5
140
0.025
141
2.5
142
0.0125
143
0.03937007874
144
100.0
145
0.0
146
0.5
147
0.010000000000000002
148
0.0
 69
0
 70
0
 71
0
 72
0
 73
0
 74
0
 75
0
 76
0
 77
1
 78
12
 79
3
170
0
171
3
172
1
173
0
174
0
175
0
176
0
177
0
178
0
179
2
271
2
272
2
273
2
274
3
275
0
276
0
277
2
278
46
279
2
280
0
281
0
282
0
283
0
284
8
285
0
286
0
288
1
289
3
290
0
340
4C
371
-2
372
-2
  0
DIMSTYLE
105
81
330
4
100
AcDbSymbolTableRecord
100
AcDbDimStyleTableRecord
  2
EZ_M_5_H25_CM
 70
0
 40
1.0
 41
0.0125
 42
0.00625
 43
3.75
 44
0.018750000000000003
 45
0.0
 46
0.0
 47
0.0
 48
0.0
 49
2.5
140
0.0125
141
2.5
142
0.00625
143
0.03937007874
144
100.0
145
0.0
146
0.5
147
0.005000000000000001
148
0.0
 69
0
 70
0
 71
0
 72
0
 73
0
 74
0
 75
0
 76
0
 77
1
 78
12
 79
3
170
0
171
3
172
1
173
0
174
0
175
0
176
0
177
0
178
0
179
2
271
2
272
2
273
2
274
3
275
0
276
0
277
2
278
46
279
2
280
0
281
0
282
0
283
0
284
8
285
0
286
0
288
1
289
3
290
0
340
4C
371
-2
372
-2
  0
DIMSTYLE
105
82
330
4
100
AcDbSymbolTableRecord
100
AcDbDimStyleTableRecord
  2
EZ_M_1_H25_CM
 70
0
 40
1.0
 41
0.0025
 42
0.00125
 43
3.75
 44
0.00375
 45
0.0
 46
0.0
 47
0.0
 48
0.0
 49
2.5
140
0.0025
141
2.5
142
0.00125
143
0.03937007874
144
100.0
145
0.0
146
0.5
147
0.001
148
0.0
 69
0
 70
0
 71
0
 72
0
 73
0
 74
0
 75
0
 76
0
 77
1
 78
12
 79
3
170
0
171
3
172
1
173
0
174
0
175
0
176
0
177
0
178
0
179
2
271
2
272
2
273
2
274
3
275
0
276
0
277
2
278
46
279
2
280
0
281
0
282
0
283
0
284
8
285
0
286
0
288
1
289
3
290
0
340
4C
371
-2
372
-2
  0
DIMSTYLE
105
83
330
4
100
AcDbSymbolTableRecord
100
AcDbDimStyleTableRecord
  2
EZ_RADIUS
 70
0
 40
1.0
 41
0.25
 42
0.125
 43
3.75
 44
0.375
 45
0.0
 46
0.0
 47
0.0
 48
0.0
 49
2.5
140
0.25
141
0.0
142
0.0
143
0.03937007874
144
100.0
145
0.0
146
0.5
147
0.1
148
0.0
 69
0
 70
0
 71
0
 72
0
 73
0
 74
0
 75
0
 76
0
 77
1
 78
12
 79
3
170
0
171
3
172
0
173
0
174
0
175
0
176
0
177
0
178
0
179
2
271
2
272
2
273
2
274
3
275
0
276
0
277
2
278
46
279
1
280
0
281
0
282
0
283
0
284
8
285
0
286
0
288
1
289
3
290
0
340
4C
342
84
371
-2
372
-2
  0
DIMSTYLE
105
88
330
4
100
AcDbSymbolTableRecord
100
AcDbDimStyleTableRecord
  2
EZ_RADIUS_INSIDE
 70
0
 40
1.0
 41
0.25
 42
0.125
 43
3.75
 44
0.375
 45
0.0
 46
0.0
 47
0.0
 48
0.0
 49
2.5
140
0.25
141
0.0
142
0.0
143
0.03937007874
144
100.0
145
0.0
146
0.5
147
0.1
148
0.0
 69
0
 70
0
 71
0
 72
0
 73
0
 74
0
 75
0
 76
0
 77
0
 78
12
 79
3
170
0
171
3
172
0
173
0
174
1
175
0
176
0
177
0
178
0
179
2
271
2
272
2
273
2
274
3
275
0
276
0
277
2
278
46
279
0
280
0
281
0
282
0
283
0
284
8
285
0
286
0
288
1
289
0
290
0
340
4C
342
84
371
-2
372
-2
  0
DIMSTYLE
105
89
330
4
100
AcDbSymbolTableRecord
100
AcDbDimStyleTableRecord
  2
EZ_CURVED
 70
0
 40
1.0
 41
0.25
 42
0.125
 43
3.75
 44
0.375
 45
0.0
 46
0.0
 47
0.0
 48
0.0
 49
2.5
140
0.25
141
2.5
142
0.0
143
0.03937007874
144
100.0
145
0.0
146
0.5
147
0.1
148
0.0
 69
0
 70
0
 71
0
 72
0
 73
0
 74
0
 75
0
 76
0
 77
1
 78
12
 79
2
 90
2
170
0
171
3
172
1
173
0
174
0
175
0
176
0
177
0
178
0
179
2
271
2
272
2
273
2
274
3
275
0
276
0
277
2
278
46
279
2
280
0
281
0
282
0
283
0
284
8
285
0
286
0
288
1
289
3
290
0
340
4C
371
-2
372
-2
  0
ENDTAB
  0
TABLE
  2
BLOCK_RECORD
  5
9
330
0
100
AcDbSymbolTable
 70
5
  0
BLOCK_RECORD
  5
17
330
9
100
AcDbSymbolTableRecord
100
AcDbBlockTableRecord
  2
*Model_Space
340
1A
 70
0
280
1
281
0
  0
BLOCK_RECORD
  5
1B
330
9
100
AcDbSymbolTableRecord
100
AcDbBlockTableRecord
  2
*Paper_Space
340
1E
 70
0
280
1
281
0
  0
BLOCK_RECORD
  5
74
330
9
100
AcDbSymbolTableRecord
100
AcDbBlockTableRecord
  2
_ARCHTICK
340
0
 70
0
280
1
281
0
  0
BLOCK_RECORD
  5
78
330
9
100
AcDbSymbolTableRecord
100
AcDbBlockTableRecord
  2
_CLOSEDFILLED
340
0
 70
0
280
1
281
0
  0
BLOCK_RECORD
  5
84
330
9
100
AcDbSymbolTableRecord
100
AcDbBlockTableRecord
  2
_CLOSEDBLANK
340
0
 70
0
280
1
281
0
  0
ENDTAB
  0
ENDSEC
  0
SECTION
  2
BLOCKS
  0
BLOCK
  5
18
330
17
100
AcDbEntity
  8
0
100
AcDbBlockBegin
  2
*Model_Space
 70
0
 10
0.0
 20
0.0
 30
0.0
  3
*Model_Space
  1

  0
ENDBLK
  5
19
330
17
100
AcDbEntity
  8
0
100
AcDbBlockEnd
  0
BLOCK
  5
1C
330
1B
100
AcDbEntity
  8
0
100
AcDbBlockBegin
  2
*Paper_Space
 70
0
 10
0.0
 20
0.0
 30
0.0
  3
*Paper_Space
  1

  0
ENDBLK
  5
1D
330
1B
100
AcDbEntity
  8
0
100
AcDbBlockEnd
  0
BLOCK
  5
75
330
74
100
AcDbEntity
  8
0
100
AcDbBlockBegin
  2
_ARCHTICK
 70
0
 10
0.0
 20
0.0
 30
0.0
  3
_ARCHTICK
  1

  0
LWPOLYLINE
  5
77
330
74
100
AcDbEntity
  8
0
  6
BYBLOCK
 62
0
100
AcDbPolyline
 90
2
 70
0
 43
0.15
 10
-0.5
 20
-0.5
 10
0.5
 20
0.5
  0
ENDBLK
  5
76
330
74
100
AcDbEntity
  8
0
100
AcDbBlockEnd
  0
BLOCK
  5
79
330
78
100
AcDbEntity
  8
0
100
AcDbBlockBegin
  2
_CLOSEDFILLED
 70
0
 10
0.0
 20
0.0
 30
0.0
  3
_CLOSEDFILLED
  1

  0
SOLID
  5
7B
330
78
100
AcDbEntity
  8
0
  6
BYBLOCK
 62
0
100
AcDbTrace
 10
-1.0
 20
0.16439898372402537
 30
0.0
 11
0.0
 21
0.0
 31
0.0
 12
-1.0
 22
-0.16439898372402537
 32
0.0
 13
-1.0
 23
-0.16439898372402537
 33
0.0
  0
ENDBLK
  5
7A
330
78
100
AcDbEntity
  8
0
100
AcDbBlockEnd
  0
BLOCK
  5
85
330
84
100
AcDbEntity
  8
0
100
AcDbBlockBegin
  2
_CLOSEDBLANK
 70
0
 10
0.0
 20
0.0
 30
0.0
  3
_CLOSEDBLANK
  1

  0
LWPOLYLINE
  5
87
330
84
100
AcDbEntity
  8
0
  6
BYBLOCK
 62
0
100
AcDbPolyline
 90
3
 70
1
 10
-1.0
 20
0.16439898372402537
 10
0.0
 20
0.0
 10
-1.0
 20
-0.16439898372402537
  0
ENDBLK
  5
86
330
84
100
AcDbEntity
  8
0
100
AcDbBlockEnd
  0
ENDSEC
  0
SECTION
  2
ENTITIES
  0
MESH
  5
8E
330
17
100
AcDbEntity
  8
3D-CARPET
100
AcDbSubDMesh
 71
2
 72
0
 91
0
 92
8
 10
0.0
 20
0.0
 30
-0.5
 10
0.0
 20
0.0
 30
0.0
 10
0.0
 20
120.0
 30
-0.5
 10
0.0
 20
120.0
 30
0.0
 10
120.0
 20
0.0
 30
-0.5
 10
120.0
 20
0.0
 30
0.0
 10
120.0
 20
120.0
 30
-0.5
 10
120.0
 20
120.0
 30
0.0
 93
48
 90
3
 90
1
 90
3
 90
0
 90
3
 90
4
 90
1
 90
0
 90
3
 90
0
 90
3
 90
2
 90
3
 90
2
 90
4
 90
0
 90
3
 90
1
 90
7
 90
3
 90
3
 90
5
 90
1
 90
4
 90
3
 90
5
 90
7
 90
1
 90
3
 90
3
 90
7
 90
2
 90
3
 90
6
 90
4
 90
2
 90
3
 90
2
 90
7
 90
6
 90
3
 90
6
 90
5
 90
4
 90
3
 90
7
 90
5
 90
6
 94
0
 95
0
 90
0
  0
MESH
  5
8F
330
17
100
AcDbEntity
  8
3D-FRAME
100
AcDbSubDMesh
 71
2
 72
0
 91
0
 92
8
 10
0.0
 20
114.0
 30
0.0
 10
6.0
 20
114.0
 30
0.0
 10
6.0
 20
120.0
 30
0.0
 10
0.0
 20
120.0
 30
0.0
 10
0.0
 20
114.0
 30
90.0
 10
6.0
 20
114.0
 30
90.0
 10
6.0
 20
120.0
 30
90.0
 10
0.0
 20
120.0
 30
90.0
 93
48
 90
3
 90
2
 90
1
 90
0
 90
3
 90
3
 90
2
 90
0
 90
3
 90
4
 90
5
 90
6
 90
3
 90
4
 90
6
 90
7
 90
3
 90
0
 90
1
 90
5
 90
3
 90
0
 90
5
 90
4
 90
3
 90
6
 90
2
 90
3
 90
3
 90
7
 90
6
 90
3
 90
3
 90
7
 90
3
 90
0
 90
3
 90
4
 90
7
 90
0
 90
3
 90
1
 90
2
 90
6
 90
3
 90
1
 90
6
 90
5
 94
0
 95
0
 90
0
  0
MESH
  5
90
330
17
100
AcDbEntity
  8
3D-FRAME
100
AcDbSubDMesh
 71
2
 72
0
 91
0
 92
8
 10
0.0
 20
57.0
 30
0.0
 10
6.0
 20
57.0
 30
0.0
 10
6.0
 20
63.0
 30
0.0
 10
0.0
 20
63.0
 30
0.0
 10
0.0
 20
57.0
 30
90.0
 10
6.0
 20
57.0
 30
90.0
 10
6.0
 20
63.0
 30
90.0
 10
0.0
 20
63.0
 30
90.0
 93
48
 90
3
 90
2
 90
1
 90
0
 90
3
 90
3
 90
2
 90
0
 90
3
 90
4
 90
5
 90
6
 90
3
 90
4
 90
6
 90
7
 90
3
 90
0
 90
1
 90
5
 90
3
 90
0
 90
5
 90
4
 90
3
 90
6
 90
2
 90
3
 90
3
 90
7
 90
6
 90
3
 90
3
 90
7
 90
3
 90
0
 90
3
 90
4
 90
7
 90
0
 90
3
 90
1
 90
2
 90
6
 90
3
 90
1
 90
6
 90
5
 94
0
 95
0
 90
0
  0
MESH
  5
91
330
17
100
AcDbEntity
  8
3D-FRAME
100
AcDbSubDMesh
 71
2
 72
0
 91
0
 92
8
 10
0.0
 20
63.0
 30
84.0
 10
6.0
 20
63.0
 30
84.0
 10
6.0
 20
114.0
 30
84.0
 10
0.0
 20
114.0
 30
84.0
 10
0.0
 20
63.0
 30
90.0
 10
6.0
 20
63.0
 30
90.0
 10
6.0
 20
114.0
 30
90.0
 10
0.0
 20
114.0
 30
90.0
 93
48
 90
3
 90
2
 90
1
 90
0
 90
3
 90
3
 90
2
 90
0
 90
3
 90
4
 90
5
 90
6
 90
3
 90
4
 90
6
 90
7
 90
3
 90
0
 90
1
 90
5
 90
3
 90
0
 90
5
 90
4
 90
3
 90
6
 90
2
 90
3
 90
3
 90
7
 90
6
 90
3
 90
3
 90
7
 90
3
 90
0
 90
3
 90
4
 90
7
 90
0
 90
3
 90
1
 90
2
 90
6
 90
3
 90
1
 90
6
 90
5
 94
0
 95
0
 90
0
  0
MESH
  5
92
330
17
100
AcDbEntity
  8
3D-FRAME
100
AcDbSubDMesh
 71
2
 72
0
 91
0
 92
8
 10
114.0
 20
114.0
 30
0.0
 10
120.0
 20
114.0
 30
0.0
 10
120.0
 20
120.0
 30
0.0
 10
114.0
 20
120.0
 30
0.0
 10
114.0
 20
114.0
 30
90.0
 10
120.0
 20
114.0
 30
90.0
 10
120.0
 20
120.0
 30
90.0
 10
114.0
 20
120.0
 30
90.0
 93
48
 90
3
 90
2
 90
1
 90
0
 90
3
 90
3
 90
2
 90
0
 90
3
 90
4
 90
5
 90
6
 90
3
 90
4
 90
6
 90
7
 90
3
 90
0
 90
1
 90
5
 90
3
 90
0
 90
5
 90
4
 90
3
 90
6
 90
2
 90
3
 90
3
 90
7
 90
6
 90
3
 90
3
 90
7
 90
3
 90
0
 90
3
 90
4
 90
7
 90
0
 90
3
 90
1
 90
2
 90
6
 90
3
 90
1
 90
6
 90
5
 94
0
 95
0
 90
0
  0
MESH
  5
93
330
17
100
AcDbEntity
  8
3D-FRAME
100
AcDbSubDMesh
 71
2
 72
0
 91
0
 92
8
 10
114.0
 20
57.0
 30
0.0
 10
120.0
 20
57.0
 30
0.0
 10
120.0
 20
63.0
 30
0.0
 10
114.0
 20
63.0
 30
0.0
 10
114.0
 20
57.0
 30
90.0
 10
120.0
 20
57.0
 30
90.0
 10
120.0
 20
63.0
 30
90.0
 10
114.0
 20
63.0
 30
90.0
 93
48
 90
3
 90
2
 90
1
 90
0
 90
3
 90
3
 90
2
 90
0
 90
3
 90
4
 90
5
 90
6
 90
3
 90
4
 90
6
 90
7
 90
3
 90
0
 90
1
 90
5
 90
3
 90
0
 90
5
 90
4
 90
3
 90
6
 90
2
 90
3
 90
3
 90
7
 90
6
 90
3
 90
3
 90
7
 90
3
 90
0
 90
3
 90
4
 90
7
 90
0
 90
3
 90
1
 90
2
 90
6
 90
3
 90
1
 90
6
 90
5
 94
0
 95
0
 90
0
  0
MESH
  5
94
330
17
100
AcDbEntity
  8
3D-FRAME
100
AcDbSubDMesh
 71
2
 72
0
 91
0
 92
8
 10
114.0
 20
63.0
 30
84.0
 10
120.0
 20
63.0
 30
84.0
 10
120.0
 20
114.0
 30
84.0
 10
114.0
 20
114.0
 30
84.0
 10
114.0
 20
63.0
 30
90.0
 10
120.0
 20
63.0
 30
90.0
 10
120.0
 20
114.0
 30
90.0
 10
114.0
 20
114.0
 30
90.0
 93
48
 90
3
 90
2
 90
1
 90
0
 90
3
 90
3
 90
2
 90
0
 90
3
 90
4
 90
5
 90
6
 90
3
 90
4
 90
6
 90
7
 90
3
 90
0
 90
1
 90
5
 90
3
 90
0
 90
5
 90
4
 90
3
 90
6
 90
2
 90
3
 90
3
 90
7
 90
6
 90
3
 90
3
 90
7
 90
3
 90
0
 90
3
 90
4
 90
7
 90
0
 90
3
 90
1
 90
2
 90
6
 90
3
 90
1
 90
6
 90
5
 94
0
 95
0
 90
0
  0
MESH
  5
95
330
17
100
AcDbEntity
  8
3D-FRAME
100
AcDbSubDMesh
 71
2
 72
0
 91
0
 92
8
 10
6.0
 20
102.0
 30
84.0
 10
114.0
 20
102.0
 30
84.0
 10
114.0
 20
108.0
 30
84.0
 10
6.0
 20
108.0
 30
84.0
 10
6.0
 20
102.0
 30
90.0
 10
114.0
 20
102.0
 30
90.0
 10
114.0
 20
108.0
 30
90.0
 10
6.0
 20
108.0
 30
90.0
 93
48
 90
3
 90
2
 90
1
 90
0
 90
3
 90
3
 90
2
 90
0
 90
3
 90
4
 90
5
 90
6
 90
3
 90
4
 90
6
 90
7
 90
3
 90
0
 90
1
 90
5
 90
3
 90
0
 90
5
 90
4
 90
3
 90
6
 90
2
 90
3
 90
3
 90
7
 90
6
 90
3
 90
3
 90
7
 90
3
 90
0
 90
3
 90
4
 90
7
 90
0
 90
3
 90
1
 90
2
 90
6
 90
3
 90
1
 90
6
 90
5
 94
0
 95
0
 90
0
  0
MESH
  5
96
330
17
100
AcDbEntity
  8
3D-CANOPY
100
AcDbSubDMesh
 71
2
 72
0
 91
0
 92
12
 10
19.5
 20
72.0
 30
96.0
 10
100.5
 20
72.0
 30
96.0
 10
86.64359353944899
 20
64.0
 30
96.0
 10
33.356406460551014
 20
64.0
 30
96.0
 10
22.964101615137753
 20
70.0
 30
91.0
 10
97.03589838486225
 20
70.0
 30
91.0
 10
86.64359353944899
 20
64.0
 30
91.0
 10
33.356406460551014
 20
64.0
 30
91.0
 10
60.0
 20
1.8519422934604677
 30
96.0
 10
60.0
 20
17.851942293460468
 30
96.0
 10
60.0
 20
5.851942293460468
 30
91.0
 10
60.0
 20
17.851942293460468
 30
91.0
 93
96
 90
3
 90
2
 90
1
 90
0
 90
3
 90
3
 90
2
 90
0
 90
3
 90
4
 90
5
 90
6
 90
3
 90
4
 90
6
 90
7
 90
3
 90
0
 90
1
 90
5
 90
3
 90
0
 90
5
 90
4
 90
3
 90
6
 90
2
 90
3
 90
3
 90
7
 90
6
 90
3
 90
3
 90
9
 90
8
 90
1
 90
3
 90
2
 90
9
 90
1
 90
3
 90
5
 90
10
 90
11
 90
3
 90
5
 90
11
 90
6
 90
3
 90
1
 90
8
 90
10
 90
3
 90
1
 90
10
 90
5
 90
3
 90
11
 90
9
 90
2
 90
3
 90
6
 90
11
 90
2
 90
3
 90
3
 90
0
 90
8
 90
3
 90
9
 90
3
 90
8
 90
3
 90
10
 90
4
 90
7
 90
3
 90
10
 90
7
 90
11
 90
3
 90
8
 90
0
 90
4
 90
3
 90
8
 90
4
 90
10
 90
3
 90
7
 90
3
 90
9
 90
3
 90
11
 90
7
 90
9
 94
0
 95
0
 90
0
  0
MESH
  5
97
330
17
100
AcDbEntity
  8
3D-FRAME
100
AcDbSubDMesh
 71
2
 72
0
 91
0
 92
8
 10
26.5
 20
64.0
 30
0.0
 10
31.5
 20
64.0
 30
0.0
 10
31.5
 20
69.0
 30
0.0
 10
26.5
 20
69.0
 30
0.0
 10
26.5
 20
64.0
 30
91.0
 10
31.5
 20
64.0
 30
91.0
 10
31.5
 20
69.0
 30
91.0
 10
26.5
 20
69.0
 30
91.0
 93
48
 90
3
 90
2
 90
1
 90
0
 90
3
 90
3
 90
2
 90
0
 90
3
 90
4
 90
5
 90
6
 90
3
 90
4
 90
6
 90
7
 90
3
 90
0
 90
1
 90
5
 90
3
 90
0
 90
5
 90
4
 90
3
 90
6
 90
2
 90
3
 90
3
 90
7
 90
6
 90
3
 90
3
 90
7
 90
3
 90
0
 90
3
 90
4
 90
7
 90
0
 90
3
 90
1
 90
2
 90
6
 90
3
 90
1
 90
6
 90
5
 94
0
 95
0
 90
0
  0
MESH
  5
98
330
17
100
AcDbEntity
  8
3D-FRAME
100
AcDbSubDMesh
 71
2
 72
0
 91
0
 92
8
 10
88.5
 20
64.0
 30
0.0
 10
93.5
 20
64.0
 30
0.0
 10
93.5
 20
69.0
 30
0.0
 10
88.5
 20
69.0
 30
0.0
 10
88.5
 20
64.0
 30
91.0
 10
93.5
 20
64.0
 30
91.0
 10
93.5
 20
69.0
 30
91.0
 10
88.5
 20
69.0
 30
91.0
 93
48
 90
3
 90
2
 90
1
 90
0
 90
3
 90
3
 90
2
 90
0
 90
3
 90
4
 90
5
 90
6
 90
3
 90
4
 90
6
 90
7
 90
3
 90
0
 90
1
 90
5
 90
3
 90
0
 90
5
 90
4
 90
3
 90
6
 90
2
 90
3
 90
3
 90
7
 90
6
 90
3
 90
3
 90
7
 90
3
 90
0
 90
3
 90
4
 90
7
 90
0
 90
3
 90
1
 90
2
 90
6
 90
3
 90
1
 90
6
 90
5
 94
0
 95
0
 90
0
  0
MESH
  5
99
330
17
100
AcDbEntity
  8
3D-FRAME
100
AcDbSubDMesh
 71
2
 72
0
 91
0
 92
8
 10
57.5
 20
10.5
 30
0.0
 10
62.5
 20
10.5
 30
0.0
 10
62.5
 20
15.5
 30
0.0
 10
57.5
 20
15.5
 30
0.0
 10
57.5
 20
10.5
 30
91.0
 10
62.5
 20
10.5
 30
91.0
 10
62.5
 20
15.5
 30
91.0
 10
57.5
 20
15.5
 30
91.0
 93
48
 90
3
 90
2
 90
1
 90
0
 90
3
 90
3
 90
2
 90
0
 90
3
 90
4
 90
5
 90
6
 90
3
 90
4
 90
6
 90
7
 90
3
 90
0
 90
1
 90
5
 90
3
 90
0
 90
5
 90
4
 90
3
 90
6
 90
2
 90
3
 90
3
 90
7
 90
6
 90
3
 90
3
 90
7
 90
3
 90
0
 90
3
 90
4
 90
7
 90
0
 90
3
 90
1
 90
2
 90
6
 90
3
 90
1
 90
6
 90
5
 94
0
 95
0
 90
0
  0
MESH
  5
9A
330
17
100
AcDbEntity
  8
3D-LABEL
100
AcDbSubDMesh
 71
2
 72
0
 91
0
 92
272
 10
0.0
 20
-1.5
 30
0.4
 10
0.0
 20
-1.5
 30
0.050000000000000044
 10
0.0
 20
-22.5
 30
0.050000000000000044
 10
0.0
 20
-22.5
 30
0.4
 10
0.2474873734152916
 20
-1.5
 30
0.15251262658470838
 10
0.2474873734152916
 20
-22.5
 30
0.15251262658470838
 10
0.35
 20
-1.5
 30
0.4
 10
0.35
 20
-22.5
 30
0.4
 10
0.24748737341529164
 20
-1.5
 30
0.6474873734152916
 10
0.24748737341529164
 20
-22.5
 30
0.6474873734152916
 10
4.286263797015736e-17
 20
-1.5
 30
0.75
 10
4.286263797015736e-17
 20
-22.5
 30
0.75
 10
-0.2474873734152916
 20
-1.5
 30
0.6474873734152917
 10
-0.2474873734152916
 20
-22.5
 30
0.6474873734152917
 10
-0.35
 20
-1.5
 30
0.4000000000000001
 10
-0.35
 20
-22.5
 30
0.4000000000000001
 10
-0.24748737341529167
 20
-1.5
 30
0.15251262658470846
 10
-0.24748737341529167
 20
-22.5
 30
0.15251262658470846
 10
120.0
 20
-1.5
 30
0.4
 10
120.0
 20
-1.5
 30
0.050000000000000044
 10
120.0
 20
-22.5
 30
0.050000000000000044
 10
120.0
 20
-22.5
 30
0.4
 10
120.2474873734153
 20
-1.5
 30
0.15251262658470838
 10
120.2474873734153
 20
-22.5
 30
0.15251262658470838
 10
120.35
 20
-1.5
 30
0.4
 10
120.35
 20
-22.5
 30
0.4
 10
120.2474873734153
 20
-1.5
 30
0.6474873734152916
 10
120.2474873734153
 20
-22.5
 30
0.6474873734152916
 10
120.0
 20
-1.5
 30
0.75
 10
120.0
 20
-22.5
 30
0.75
 10
119.7525126265847
 20
-1.5
 30
0.6474873734152917
 10
119.7525126265847
 20
-22.5
 30
0.6474873734152917
 10
119.65
 20
-1.5
 30
0.4000000000000001
 10
119.65
 20
-22.5
 30
0.4000000000000001
 10
119.7525126265847
 20
-1.5
 30
0.15251262658470846
 10
119.7525126265847
 20
-22.5
 30
0.15251262658470846
 10
0.0
 20
-20.0
 30
0.4
 10
0.0
 20
-20.0
 30
0.050000000000000044
 10
120.0
 20
-20.0
 30
0.050000000000000044
 10
120.0
 20
-20.0
 30
0.4
 10
0.0
 20
-19.752512626584707
 30
0.15251262658470838
 10
120.0
 20
-19.752512626584707
 30
0.15251262658470838
 10
0.0
 20
-19.65
 30
0.4
 10
120.0
 20
-19.65
 30
0.4
 10
0.0
 20
-19.752512626584707
 30
0.6474873734152916
 10
120.0
 20
-19.752512626584707
 30
0.6474873734152916
 10
0.0
 20
-20.0
 30
0.75
 10
120.0
 20
-20.0
 30
0.75
 10
0.0
 20
-20.247487373415293
 30
0.6474873734152917
 10
120.0
 20
-20.247487373415293
 30
0.6474873734152917
 10
0.0
 20
-20.35
 30
0.4000000000000001
 10
120.0
 20
-20.35
 30
0.4000000000000001
 10
0.0
 20
-20.247487373415293
 30
0.15251262658470846
 10
120.0
 20
-20.247487373415293
 30
0.15251262658470846
 10
4.0
 20
-20.0
 30
0.4
 10
4.0
 20
-20.0
 30
1.7999999999999998
 10
0.0
 20
-20.0
 30
0.4
 10
4.0
 20
-19.464243194688873
 30
1.6934313455158012
 10
4.0
 20
-19.010050506338835
 30
1.3899494936611667
 10
4.0
 20
-18.706568654484197
 30
0.9357568053111257
 10
4.0
 20
-18.6
 30
0.40000000000000013
 10
4.0
 20
-18.706568654484197
 30
-0.13575680531112555
 10
4.0
 20
-19.010050506338832
 30
-0.5899494936611663
 10
4.0
 20
-19.464243194688873
 30
-0.8934313455158013
 10
4.0
 20
-20.0
 30
-0.9999999999999999
 10
4.0
 20
-20.535756805311124
 30
-0.8934313455158015
 10
4.0
 20
-20.989949493661165
 30
-0.5899494936611667
 10
4.0
 20
-21.293431345515803
 30
-0.13575680531112644
 10
4.0
 20
-21.4
 30
0.39999999999999974
 10
4.0
 20
-21.293431345515803
 30
0.935756805311126
 10
4.0
 20
-20.989949493661168
 30
1.3899494936611663
 10
4.0
 20
-20.535756805311127
 30
1.6934313455158012
 10
116.0
 20
-20.0
 30
0.4
 10
116.0
 20
-20.0
 30
-0.9999999999999999
 10
120.0
 20
-20.0
 30
0.4
 10
116.0
 20
-19.464243194688873
 30
-0.8934313455158013
 10
116.0
 20
-19.010050506338835
 30
-0.5899494936611666
 10
116.0
 20
-18.706568654484197
 30
-0.13575680531112566
 10
116.0
 20
-18.6
 30
0.3999999999999999
 10
116.0
 20
-18.706568654484197
 30
0.9357568053111256
 10
116.0
 20
-19.010050506338832
 30
1.3899494936611663
 10
116.0
 20
-19.464243194688873
 30
1.6934313455158012
 10
116.0
 20
-20.0
 30
1.7999999999999998
 10
116.0
 20
-20.535756805311124
 30
1.6934313455158017
 10
116.0
 20
-20.989949493661165
 30
1.3899494936611667
 10
116.0
 20
-21.293431345515803
 30
0.9357568053111265
 10
116.0
 20
-21.4
 30
0.4000000000000003
 10
116.0
 20
-21.293431345515803
 30
-0.135756805311126
 10
116.0
 20
-20.989949493661168
 30
-0.5899494936611662
 10
116.0
 20
-20.535756805311127
 30
-0.8934313455158011
 10
49.29558899176955
 20
-22.240697873799725
 30
0.2
 10
50.45728309327846
 20
-21.99957133058985
 30
0.2
 10
51.683277606310014
 20
-21.99957133058985
 30
0.2
 10
51.683277606310014
 20
-26.109439300411523
 30
0.2
 10
52.82246656378601
 20
-26.109439300411523
 30
0.2
 10
52.82246656378601
 20
-27.0
 30
0.2
 10
49.32559585048011
 20
-27.0
 30
0.2
 10
49.32559585048011
 20
-26.109439300411523
 30
0.2
 10
50.4647848079561
 20
-26.109439300411523
 30
0.2
 10
50.4647848079561
 20
-22.8772719478738
 30
0.2
 10
49.29558899176955
 20
-23.118398491083678
 30
0.2
 10
49.29558899176955
 20
-22.240697873799725
 30
0.6000000000000001
 10
50.45728309327846
 20
-21.99957133058985
 30
0.6000000000000001
 10
51.683277606310014
 20
-21.99957133058985
 30
0.6000000000000001
 10
51.683277606310014
 20
-26.109439300411523
 30
0.6000000000000001
 10
52.82246656378601
 20
-26.109439300411523
 30
0.6000000000000001
 10
52.82246656378601
 20
-27.0
 30
0.6000000000000001
 10
49.32559585048011
 20
-27.0
 30
0.6000000000000001
 10
49.32559585048011
 20
-26.109439300411523
 30
0.6000000000000001
 10
50.4647848079561
 20
-26.109439300411523
 30
0.6000000000000001
 10
50.4647848079561
 20
-22.8772719478738
 30
0.6000000000000001
 10
49.29558899176955
 20
-23.118398491083678
 30
0.6000000000000001
 10
55.681691529492454
 20
-27.097522290809327
 30
0.2
 10
54.806670096021946
 20
-26.928733710562415
 30
0.2
 10
54.15777177640604
 20
-26.422367969821675
 30
0.2
 10
53.75589420438958
 20
-25.60548482510288
 30
0.2
 10
53.62193501371742
 20
-24.505144032921812
 30
0.2
 10
53.75589420438958
 20
-23.401856138545952
 30
0.2
 10
54.15777177640604
 20
-22.584705075445815
 30
0.2
 10
54.806670096021946
 20
-22.078339334705074
 30
0.2
 10
55.681691529492454
 20
-21.909550754458163
 30
0.2
 10
56.55430169753086
 20
-22.078339334705074
 30
0.2
 10
57.20239626200274
 20
-22.584705075445815
 30
0.2
 10
57.6042738340192
 20
-23.401856138545952
 30
0.2
 10
57.738233024691354
 20
-24.505144032921812
 30
0.2
 10
57.6042738340192
 20
-25.60548482510288
 30
0.2
 10
57.20239626200274
 20
-26.422367969821675
 30
0.2
 10
56.55430169753086
 20
-26.928733710562415
 30
0.2
 10
55.681691529492454
 20
-22.790466392318244
 30
0.2
 10
55.32616383744856
 20
-22.886381172839506
 30
0.2
 10
55.08905606995884
 20
-23.174125514403293
 30
0.2
 10
54.95563271604938
 20
-23.695494684499312
 30
0.2
 10
54.91115826474623
 20
-24.49442729766804
 30
0.2
 10
54.95563271604938
 20
-25.30300497256516
 30
0.2
 10
55.08905606995884
 20
-25.831875857338822
 30
0.2
 10
55.32616383744856
 20
-26.122835219478738
 30
0.2
 10
55.681691529492454
 20
-26.219821673525377
 30
0.2
 10
56.03534379286694
 20
-26.122835219478738
 30
0.2
 10
56.27111196844993
 20
-25.831875857338822
 30
0.2
 10
56.40453532235939
 20
-25.30300497256516
 30
0.2
 10
56.44900977366255
 20
-24.49442729766804
 30
0.2
 10
56.40507115912209
 20
-23.695494684499312
 30
0.2
 10
56.273255315500684
 20
-23.174125514403293
 30
0.2
 10
56.037487139917694
 20
-22.886381172839506
 30
0.2
 10
55.681691529492454
 20
-27.097522290809327
 30
0.6000000000000001
 10
54.806670096021946
 20
-26.928733710562415
 30
0.6000000000000001
 10
54.15777177640604
 20
-26.422367969821675
 30
0.6000000000000001
 10
53.75589420438958
 20
-25.60548482510288
 30
0.6000000000000001
 10
53.62193501371742
 20
-24.505144032921812
 30
0.6000000000000001
 10
53.75589420438958
 20
-23.401856138545952
 30
0.6000000000000001
 10
54.15777177640604
 20
-22.584705075445815
 30
0.6000000000000001
 10
54.806670096021946
 20
-22.078339334705074
 30
0.6000000000000001
 10
55.681691529492454
 20
-21.909550754458163
 30
0.6000000000000001
 10
56.55430169753086
 20
-22.078339334705074
 30
0.6000000000000001
 10
57.20239626200274
 20
-22.584705075445815
 30
0.6000000000000001
 10
57.6042738340192
 20
-23.401856138545952
 30
0.6000000000000001
 10
57.738233024691354
 20
-24.505144032921812
 30
0.6000000000000001
 10
57.6042738340192
 20
-25.60548482510288
 30
0.6000000000000001
 10
57.20239626200274
 20
-26.422367969821675
 30
0.6000000000000001
 10
56.55430169753086
 20
-26.928733710562415
 30
0.6000000000000001
 10
55.681691529492454
 20
-22.790466392318244
 30
0.6000000000000001
 10
55.32616383744856
 20
-22.886381172839506
 30
0.6000000000000001
 10
55.08905606995884
 20
-23.174125514403293
 30
0.6000000000000001
 10
54.95563271604938
 20
-23.695494684499312
 30
0.6000000000000001
 10
54.91115826474623
 20
-24.49442729766804
 30
0.6000000000000001
 10
54.95563271604938
 20
-25.30300497256516
 30
0.6000000000000001
 10
55.08905606995884
 20
-25.831875857338822
 30
0.6000000000000001
 10
55.32616383744856
 20
-26.122835219478738
 30
0.6000000000000001
 10
55.681691529492454
 20
-26.219821673525377
 30
0.6000000000000001
 10
56.03534379286694
 20
-26.122835219478738
 30
0.6000000000000001
 10
56.27111196844993
 20
-25.831875857338822
 30
0.6000000000000001
 10
56.40453532235939
 20
-25.30300497256516
 30
0.6000000000000001
 10
56.44900977366255
 20
-24.49442729766804
 30
0.6000000000000001
 10
56.40507115912209
 20
-23.695494684499312
 30
0.6000000000000001
 10
56.273255315500684
 20
-23.174125514403293
 30
0.6000000000000001
 10
56.037487139917694
 20
-22.886381172839506
 30
0.6000000000000001
 10
58.71881430041152
 20
-21.99957133058985
 30
0.2
 10
59.51292438271605
 20
-21.99957133058985
 30
0.2
 10
59.51292438271605
 20
-23.85892489711934
 30
0.2
 10
58.71881430041152
 20
-23.85892489711934
 30
0.2
 10
58.71881430041152
 20
-21.99957133058985
 30
0.6000000000000001
 10
59.51292438271605
 20
-21.99957133058985
 30
0.6000000000000001
 10
59.51292438271605
 20
-23.85892489711934
 30
0.6000000000000001
 10
58.71881430041152
 20
-23.85892489711934
 30
0.6000000000000001
 10
60.53744427297668
 20
-25.512517146776407
 30
0.2
 10
60.53744427297668
 20
-24.538365912208505
 30
0.2
 10
62.640067729766805
 20
-24.538365912208505
 30
0.2
 10
62.640067729766805
 20
-25.512517146776407
 30
0.2
 10
60.53744427297668
 20
-25.512517146776407
 30
0.6000000000000001
 10
60.53744427297668
 20
-24.538365912208505
 30
0.6000000000000001
 10
62.640067729766805
 20
-24.538365912208505
 30
0.6000000000000001
 10
62.640067729766805
 20
-25.512517146776407
 30
0.6000000000000001
 10
66.27223722565158
 20
-26.928733710562415
 30
0.2
 10
65.39962705761317
 20
-27.097522290809327
 30
0.2
 10
64.52460562414267
 20
-26.928733710562415
 30
0.2
 10
63.87570730452675
 20
-26.422367969821675
 30
0.2
 10
63.47382973251029
 20
-25.60548482510288
 30
0.2
 10
63.33987054183814
 20
-24.505144032921812
 30
0.2
 10
63.47382973251029
 20
-23.401856138545952
 30
0.2
 10
63.87570730452675
 20
-22.584705075445815
 30
0.2
 10
64.52460562414267
 20
-22.078339334705074
 30
0.2
 10
65.39962705761317
 20
-21.909550754458163
 30
0.2
 10
66.27223722565158
 20
-22.078339334705074
 30
0.2
 10
66.92033179012346
 20
-22.584705075445815
 30
0.2
 10
67.32220936213992
 20
-23.401856138545952
 30
0.2
 10
67.45616855281207
 20
-24.505144032921812
 30
0.2
 10
67.32220936213992
 20
-25.60548482510288
 30
0.2
 10
66.92033179012346
 20
-26.422367969821675
 30
0.2
 10
65.7554226680384
 20
-22.886381172839506
 30
0.2
 10
65.39962705761317
 20
-22.790466392318244
 30
0.2
 10
65.04409936556928
 20
-22.886381172839506
 30
0.2
 10
64.80699159807956
 20
-23.174125514403293
 30
0.2
 10
64.6735682441701
 20
-23.695494684499312
 30
0.2
 10
64.62909379286694
 20
-24.49442729766804
 30
0.2
 10
64.6735682441701
 20
-25.30300497256516
 30
0.2
 10
64.80699159807956
 20
-25.831875857338822
 30
0.2
 10
65.04409936556928
 20
-26.122835219478738
 30
0.2
 10
65.39962705761317
 20
-26.219821673525377
 30
0.2
 10
65.75327932098766
 20
-26.122835219478738
 30
0.2
 10
65.98904749657065
 20
-25.831875857338822
 30
0.2
 10
66.12247085048011
 20
-25.30300497256516
 30
0.2
 10
66.16694530178327
 20
-24.49442729766804
 30
0.2
 10
66.12300668724279
 20
-23.695494684499312
 30
0.2
 10
65.9911908436214
 20
-23.174125514403293
 30
0.2
 10
66.27223722565158
 20
-26.928733710562415
 30
0.6000000000000001
 10
65.39962705761317
 20
-27.097522290809327
 30
0.6000000000000001
 10
64.52460562414267
 20
-26.928733710562415
 30
0.6000000000000001
 10
63.87570730452675
 20
-26.422367969821675
 30
0.6000000000000001
 10
63.47382973251029
 20
-25.60548482510288
 30
0.6000000000000001
 10
63.33987054183814
 20
-24.505144032921812
 30
0.6000000000000001
 10
63.47382973251029
 20
-23.401856138545952
 30
0.6000000000000001
 10
63.87570730452675
 20
-22.584705075445815
 30
0.6000000000000001
 10
64.52460562414267
 20
-22.078339334705074
 30
0.6000000000000001
 10
65.39962705761317
 20
-21.909550754458163
 30
0.6000000000000001
 10
66.27223722565158
 20
-22.078339334705074
 30
0.6000000000000001
 10
66.92033179012346
 20
-22.584705075445815
 30
0.6000000000000001
 10
67.32220936213992
 20
-23.401856138545952
 30
0.6000000000000001
 10
67.45616855281207
 20
-24.505144032921812
 30
0.6000000000000001
 10
67.32220936213992
 20
-25.60548482510288
 30
0.6000000000000001
 10
66.92033179012346
 20
-26.422367969821675
 30
0.6000000000000001
 10
65.7554226680384
 20
-22.886381172839506
 30
0.6000000000000001
 10
65.39962705761317
 20
-22.790466392318244
 30
0.6000000000000001
 10
65.04409936556928
 20
-22.886381172839506
 30
0.6000000000000001
 10
64.80699159807956
 20
-23.174125514403293
 30
0.6000000000000001
 10
64.6735682441701
 20
-23.695494684499312
 30
0.6000000000000001
 10
64.62909379286694
 20
-24.49442729766804
 30
0.6000000000000001
 10
64.6735682441701
 20
-25.30300497256516
 30
0.6000000000000001
 10
64.80699159807956
 20
-25.831875857338822
 30
0.6000000000000001
 10
65.04409936556928
 20
-26.122835219478738
 30
0.6000000000000001
 10
65.39962705761317
 20
-26.219821673525377
 30
0.6000000000000001
 10
65.75327932098766
 20
-26.122835219478738
 30
0.6000000000000001
 10
65.98904749657065
 20
-25.831875857338822
 30
0.6000000000000001
 10
66.12247085048011
 20
-25.30300497256516
 30
0.6000000000000001
 10
66.16694530178327
 20
-24.49442729766804
 30
0.6000000000000001
 10
66.12300668724279
 20
-23.695494684499312
 30
0.6000000000000001
 10
65.9911908436214
 20
-23.174125514403293
 30
0.6000000000000001
 10
69.91030092592592
 20
-23.85892489711934
 30
0.2
 10
69.91030092592592
 20
-21.99957133058985
 30
0.2
 10
70.70441100823045
 20
-21.99957133058985
 30
0.2
 10
70.70441100823045
 20
-23.85892489711934
 30
0.2
 10
69.91030092592592
 20
-23.85892489711934
 30
0.6000000000000001
 10
69.91030092592592
 20
-21.99957133058985
 30
0.6000000000000001
 10
70.70441100823045
 20
-21.99957133058985
 30
0.6000000000000001
 10
70.70441100823045
 20
-23.85892489711934
 30
0.6000000000000001
 10
68.43674982853224
 20
-23.85892489711934
 30
0.2
 10
68.43674982853224
 20
-21.99957133058985
 30
0.2
 10
69.23085991083676
 20
-21.99957133058985
 30
0.2
 10
69.23085991083676
 20
-23.85892489711934
 30
0.2
 10
68.43674982853224
 20
-23.85892489711934
 30
0.6000000000000001
 10
68.43674982853224
 20
-21.99957133058985
 30
0.6000000000000001
 10
69.23085991083676
 20
-21.99957133058985
 30
0.6000000000000001
 10
69.23085991083676
 20
-23.85892489711934
 30
0.6000000000000001
 93
2016
 90
3
 90
1
 90
0
 90
4
 90
3
 90
1
 90
4
 90
2
 90
3
 90
2
 90
4
 90
5
 90
3
 90
2
 90
5
 90
3
 90
3
 90
4
 90
0
 90
6
 90
3
 90
4
 90
6
 90
5
 90
3
 90
5
 90
6
 90
7
 90
3
 90
5
 90
7
 90
3
 90
3
 90
6
 90
0
 90
8
 90
3
 90
6
 90
8
 90
7
 90
3
 90
7
 90
8
 90
9
 90
3
 90
7
 90
9
 90
3
 90
3
 90
8
 90
0
 90
10
 90
3
 90
8
 90
10
 90
9
 90
3
 90
9
 90
10
 90
11
 90
3
 90
9
 90
11
 90
3
 90
3
 90
10
 90
0
 90
12
 90
3
 90
10
 90
12
 90
11
 90
3
 90
11
 90
12
 90
13
 90
3
 90
11
 90
13
 90
3
 90
3
 90
12
 90
0
 90
14
 90
3
 90
12
 90
14
 90
13
 90
3
 90
13
 90
14
 90
15
 90
3
 90
13
 90
15
 90
3
 90
3
 90
14
 90
0
 90
16
 90
3
 90
14
 90
16
 90
15
 90
3
 90
15
 90
16
 90
17
 90
3
 90
15
 90
17
 90
3
 90
3
 90
16
 90
0
 90
1
 90
3
 90
16
 90
1
 90
17
 90
3
 90
17
 90
1
 90
2
 90
3
 90
17
 90
2
 90
3
 90
3
 90
19
 90
18
 90
22
 90
3
 90
19
 90
22
 90
20
 90
3
 90
20
 90
22
 90
23
 90
3
 90
20
 90
23
 90
21
 90
3
 90
22
 90
18
 90
24
 90
3
 90
22
 90
24
 90
23
 90
3
 90
23
 90
24
 90
25
 90
3
 90
23
 90
25
 90
21
 90
3
 90
24
 90
18
 90
26
 90
3
 90
24
 90
26
 90
25
 90
3
 90
25
 90
26
 90
27
 90
3
 90
25
 90
27
 90
21
 90
3
 90
26
 90
18
 90
28
 90
3
 90
26
 90
28
 90
27
 90
3
 90
27
 90
28
 90
29
 90
3
 90
27
 90
29
 90
21
 90
3
 90
28
 90
18
 90
30
 90
3
 90
28
 90
30
 90
29
 90
3
 90
29
 90
30
 90
31
 90
3
 90
29
 90
31
 90
21
 90
3
 90
30
 90
18
 90
32
 90
3
 90
30
 90
32
 90
31
 90
3
 90
31
 90
32
 90
33
 90
3
 90
31
 90
33
 90
21
 90
3
 90
32
 90
18
 90
34
 90
3
 90
32
 90
34
 90
33
 90
3
 90
33
 90
34
 90
35
 90
3
 90
33
 90
35
 90
21
 90
3
 90
34
 90
18
 90
19
 90
3
 90
34
 90
19
 90
35
 90
3
 90
35
 90
19
 90
20
 90
3
 90
35
 90
20
 90
21
 90
3
 90
37
 90
36
 90
40
 90
3
 90
37
 90
40
 90
38
 90
3
 90
38
 90
40
 90
41
 90
3
 90
38
 90
41
 90
39
 90
3
 90
40
 90
36
 90
42
 90
3
 90
40
 90
42
 90
41
 90
3
 90
41
 90
42
 90
43
 90
3
 90
41
 90
43
 90
39
 90
3
 90
42
 90
36
 90
44
 90
3
 90
42
 90
44
 90
43
 90
3
 90
43
 90
44
 90
45
 90
3
 90
43
 90
45
 90
39
 90
3
 90
44
 90
36
 90
46
 90
3
 90
44
 90
46
 90
45
 90
3
 90
45
 90
46
 90
47
 90
3
 90
45
 90
47
 90
39
 90
3
 90
46
 90
36
 90
48
 90
3
 90
46
 90
48
 90
47
 90
3
 90
47
 90
48
 90
49
 90
3
 90
47
 90
49
 90
39
 90
3
 90
48
 90
36
 90
50
 90
3
 90
48
 90
50
 90
49
 90
3
 90
49
 90
50
 90
51
 90
3
 90
49
 90
51
 90
39
 90
3
 90
50
 90
36
 90
52
 90
3
 90
50
 90
52
 90
51
 90
3
 90
51
 90
52
 90
53
 90
3
 90
51
 90
53
 90
39
 90
3
 90
52
 90
36
 90
37
 90
3
 90
52
 90
37
 90
53
 90
3
 90
53
 90
37
 90
38
 90
3
 90
53
 90
38
 90
39
 90
3
 90
55
 90
54
 90
57
 90
3
 90
55
 90
57
 90
56
 90
3
 90
57
 90
54
 90
58
 90
3
 90
57
 90
58
 90
56
 90
3
 90
58
 90
54
 90
59
 90
3
 90
58
 90
59
 90
56
 90
3
 90
59
 90
54
 90
60
 90
3
 90
59
 90
60
 90
56
 90
3
 90
60
 90
54
 90
61
 90
3
 90
60
 90
61
 90
56
 90
3
 90
61
 90
54
 90
62
 90
3
 90
61
 90
62
 90
56
 90
3
 90
62
 90
54
 90
63
 90
3
 90
62
 90
63
 90
56
 90
3
 90
63
 90
54
 90
64
 90
3
 90
63
 90
64
 90
56
 90
3
 90
64
 90
54
 90
65
 90
3
 90
64
 90
65
 90
56
 90
3
 90
65
 90
54
 90
66
 90
3
 90
65
 90
66
 90
56
 90
3
 90
66
 90
54
 90
67
 90
3
 90
66
 90
67
 90
56
 90
3
 90
67
 90
54
 90
68
 90
3
 90
67
 90
68
 90
56
 90
3
 90
68
 90
54
 90
69
 90
3
 90
68
 90
69
 90
56
 90
3
 90
69
 90
54
 90
70
 90
3
 90
69
 90
70
 90
56
 90
3
 90
70
 90
54
 90
71
 90
3
 90
70
 90
71
 90
56
 90
3
 90
71
 90
54
 90
55
 90
3
 90
71
 90
55
 90
56
 90
3
 90
73
 90
72
 90
75
 90
3
 90
73
 90
75
 90
74
 90
3
 90
75
 90
72
 90
76
 90
3
 90
75
 90
76
 90
74
 90
3
 90
76
 90
72
 90
77
 90
3
 90
76
 90
77
 90
74
 90
3
 90
77
 90
72
 90
78
 90
3
 90
77
 90
78
 90
74
 90
3
 90
78
 90
72
 90
79
 90
3
 90
78
 90
79
 90
74
 90
3
 90
79
 90
72
 90
80
 90
3
 90
79
 90
80
 90
74
 90
3
 90
80
 90
72
 90
81
 90
3
 90
80
 90
81
 90
74
 90
3
 90
81
 90
72
 90
82
 90
3
 90
81
 90
82
 90
74
 90
3
 90
82
 90
72
 90
83
 90
3
 90
82
 90
83
 90
74
 90
3
 90
83
 90
72
 90
84
 90
3
 90
83
 90
84
 90
74
 90
3
 90
84
 90
72
 90
85
 90
3
 90
84
 90
85
 90
74
 90
3
 90
85
 90
72
 90
86
 90
3
 90
85
 90
86
 90
74
 90
3
 90
86
 90
72
 90
87
 90
3
 90
86
 90
87
 90
74
 90
3
 90
87
 90
72
 90
88
 90
3
 90
87
 90
88
 90
74
 90
3
 90
88
 90
72
 90
89
 90
3
 90
88
 90
89
 90
74
 90
3
 90
89
 90
72
 90
73
 90
3
 90
89
 90
73
 90
74
 90
3
 90
99
 90
100
 90
90
 90
3
 90
96
 90
97
 90
98
 90
3
 90
95
 90
96
 90
98
 90
3
 90
93
 90
94
 90
95
 90
3
 90
91
 90
92
 90
93
 90
3
 90
99
 90
90
 90
91
 90
3
 90
93
 90
95
 90
98
 90
3
 90
99
 90
91
 90
93
 90
3
 90
98
 90
99
 90
93
 90
3
 90
101
 90
111
 90
110
 90
3
 90
109
 90
108
 90
107
 90
3
 90
109
 90
107
 90
106
 90
3
 90
106
 90
105
 90
104
 90
3
 90
104
 90
103
 90
102
 90
3
 90
102
 90
101
 90
110
 90
3
 90
109
 90
106
 90
104
 90
3
 90
104
 90
102
 90
110
 90
3
 90
104
 90
110
 90
109
 90
3
 90
101
 90
102
 90
90
 90
3
 90
90
 90
102
 90
91
 90
3
 90
102
 90
103
 90
91
 90
3
 90
91
 90
103
 90
92
 90
3
 90
103
 90
104
 90
92
 90
3
 90
92
 90
104
 90
93
 90
3
 90
104
 90
105
 90
93
 90
3
 90
93
 90
105
 90
94
 90
3
 90
105
 90
106
 90
94
 90
3
 90
94
 90
106
 90
95
 90
3
 90
106
 90
107
 90
95
 90
3
 90
95
 90
107
 90
96
 90
3
 90
107
 90
108
 90
96
 90
3
 90
96
 90
108
 90
97
 90
3
 90
108
 90
109
 90
97
 90
3
 90
97
 90
109
 90
98
 90
3
 90
109
 90
110
 90
98
 90
3
 90
98
 90
110
 90
99
 90
3
 90
111
 90
101
 90
100
 90
3
 90
100
 90
101
 90
90
 90
3
 90
110
 90
111
 90
99
 90
3
 90
99
 90
111
 90
100
 90
3
 90
131
 90
132
 90
116
 90
3
 90
130
 90
131
 90
116
 90
3
 90
129
 90
130
 90
116
 90
3
 90
116
 90
132
 90
133
 90
3
 90
115
 90
116
 90
133
 90
3
 90
114
 90
115
 90
133
 90
3
 90
113
 90
114
 90
133
 90
3
 90
127
 90
112
 90
113
 90
3
 90
126
 90
127
 90
113
 90
3
 90
125
 90
126
 90
113
 90
3
 90
123
 90
124
 90
125
 90
3
 90
122
 90
123
 90
125
 90
3
 90
121
 90
122
 90
125
 90
3
 90
120
 90
121
 90
125
 90
3
 90
118
 90
119
 90
120
 90
3
 90
117
 90
118
 90
120
 90
3
 90
116
 90
117
 90
120
 90
3
 90
129
 90
116
 90
120
 90
3
 90
128
 90
129
 90
120
 90
3
 90
143
 90
128
 90
120
 90
3
 90
142
 90
143
 90
120
 90
3
 90
113
 90
133
 90
134
 90
3
 90
142
 90
120
 90
125
 90
3
 90
141
 90
142
 90
125
 90
3
 90
140
 90
141
 90
125
 90
3
 90
139
 90
140
 90
125
 90
3
 90
138
 90
139
 90
125
 90
3
 90
137
 90
138
 90
125
 90
3
 90
113
 90
134
 90
135
 90
3
 90
137
 90
125
 90
113
 90
3
 90
136
 90
137
 90
113
 90
3
 90
135
 90
136
 90
113
 90
3
 90
148
 90
164
 90
163
 90
3
 90
148
 90
163
 90
162
 90
3
 90
148
 90
162
 90
161
 90
3
 90
165
 90
164
 90
148
 90
3
 90
165
 90
148
 90
147
 90
3
 90
165
 90
147
 90
146
 90
3
 90
165
 90
146
 90
145
 90
3
 90
145
 90
144
 90
159
 90
3
 90
145
 90
159
 90
158
 90
3
 90
145
 90
158
 90
157
 90
3
 90
157
 90
156
 90
155
 90
3
 90
157
 90
155
 90
154
 90
3
 90
157
 90
154
 90
153
 90
3
 90
157
 90
153
 90
152
 90
3
 90
152
 90
151
 90
150
 90
3
 90
152
 90
150
 90
149
 90
3
 90
152
 90
149
 90
148
 90
3
 90
152
 90
148
 90
161
 90
3
 90
152
 90
161
 90
160
 90
3
 90
152
 90
160
 90
175
 90
3
 90
152
 90
175
 90
174
 90
3
 90
166
 90
165
 90
145
 90
3
 90
157
 90
152
 90
174
 90
3
 90
157
 90
174
 90
173
 90
3
 90
157
 90
173
 90
172
 90
3
 90
157
 90
172
 90
171
 90
3
 90
157
 90
171
 90
170
 90
3
 90
157
 90
170
 90
169
 90
3
 90
167
 90
166
 90
145
 90
3
 90
145
 90
157
 90
169
 90
3
 90
145
 90
169
 90
168
 90
3
 90
145
 90
168
 90
167
 90
3
 90
144
 90
145
 90
112
 90
3
 90
112
 90
145
 90
113
 90
3
 90
145
 90
146
 90
113
 90
3
 90
113
 90
146
 90
114
 90
3
 90
146
 90
147
 90
114
 90
3
 90
114
 90
147
 90
115
 90
3
 90
147
 90
148
 90
115
 90
3
 90
115
 90
148
 90
116
 90
3
 90
148
 90
149
 90
116
 90
3
 90
116
 90
149
 90
117
 90
3
 90
149
 90
150
 90
117
 90
3
 90
117
 90
150
 90
118
 90
3
 90
150
 90
151
 90
118
 90
3
 90
118
 90
151
 90
119
 90
3
 90
151
 90
152
 90
119
 90
3
 90
119
 90
152
 90
120
 90
3
 90
152
 90
153
 90
120
 90
3
 90
120
 90
153
 90
121
 90
3
 90
153
 90
154
 90
121
 90
3
 90
121
 90
154
 90
122
 90
3
 90
154
 90
155
 90
122
 90
3
 90
122
 90
155
 90
123
 90
3
 90
155
 90
156
 90
123
 90
3
 90
123
 90
156
 90
124
 90
3
 90
156
 90
157
 90
124
 90
3
 90
124
 90
157
 90
125
 90
3
 90
157
 90
158
 90
125
 90
3
 90
125
 90
158
 90
126
 90
3
 90
159
 90
144
 90
127
 90
3
 90
127
 90
144
 90
112
 90
3
 90
158
 90
159
 90
126
 90
3
 90
126
 90
159
 90
127
 90
3
 90
160
 90
161
 90
128
 90
3
 90
128
 90
161
 90
129
 90
3
 90
161
 90
162
 90
129
 90
3
 90
129
 90
162
 90
130
 90
3
 90
162
 90
163
 90
130
 90
3
 90
130
 90
163
 90
131
 90
3
 90
163
 90
164
 90
131
 90
3
 90
131
 90
164
 90
132
 90
3
 90
164
 90
165
 90
132
 90
3
 90
132
 90
165
 90
133
 90
3
 90
165
 90
166
 90
133
 90
3
 90
133
 90
166
 90
134
 90
3
 90
166
 90
167
 90
134
 90
3
 90
134
 90
167
 90
135
 90
3
 90
167
 90
168
 90
135
 90
3
 90
135
 90
168
 90
136
 90
3
 90
168
 90
169
 90
136
 90
3
 90
136
 90
169
 90
137
 90
3
 90
169
 90
170
 90
137
 90
3
 90
137
 90
170
 90
138
 90
3
 90
170
 90
171
 90
138
 90
3
 90
138
 90
171
 90
139
 90
3
 90
171
 90
172
 90
139
 90
3
 90
139
 90
172
 90
140
 90
3
 90
172
 90
173
 90
140
 90
3
 90
140
 90
173
 90
141
 90
3
 90
173
 90
174
 90
141
 90
3
 90
141
 90
174
 90
142
 90
3
 90
175
 90
160
 90
143
 90
3
 90
143
 90
160
 90
128
 90
3
 90
174
 90
175
 90
142
 90
3
 90
142
 90
175
 90
143
 90
3
 90
178
 90
179
 90
176
 90
3
 90
177
 90
178
 90
176
 90
3
 90
180
 90
183
 90
182
 90
3
 90
180
 90
182
 90
181
 90
3
 90
180
 90
181
 90
176
 90
3
 90
176
 90
181
 90
177
 90
3
 90
181
 90
182
 90
177
 90
3
 90
177
 90
182
 90
178
 90
3
 90
183
 90
180
 90
179
 90
3
 90
179
 90
180
 90
176
 90
3
 90
182
 90
183
 90
178
 90
3
 90
178
 90
183
 90
179
 90
3
 90
186
 90
187
 90
184
 90
3
 90
185
 90
186
 90
184
 90
3
 90
188
 90
191
 90
190
 90
3
 90
188
 90
190
 90
189
 90
3
 90
188
 90
189
 90
184
 90
3
 90
184
 90
189
 90
185
 90
3
 90
189
 90
190
 90
185
 90
3
 90
185
 90
190
 90
186
 90
3
 90
191
 90
188
 90
187
 90
3
 90
187
 90
188
 90
184
 90
3
 90
190
 90
191
 90
186
 90
3
 90
186
 90
191
 90
187
 90
3
 90
212
 90
213
 90
197
 90
3
 90
211
 90
212
 90
197
 90
3
 90
210
 90
211
 90
197
 90
3
 90
197
 90
213
 90
214
 90
3
 90
196
 90
197
 90
214
 90
3
 90
195
 90
196
 90
214
 90
3
 90
194
 90
195
 90
214
 90
3
 90
192
 90
193
 90
194
 90
3
 90
207
 90
192
 90
194
 90
3
 90
206
 90
207
 90
194
 90
3
 90
204
 90
205
 90
206
 90
3
 90
203
 90
204
 90
206
 90
3
 90
202
 90
203
 90
206
 90
3
 90
201
 90
202
 90
206
 90
3
 90
199
 90
200
 90
201
 90
3
 90
198
 90
199
 90
201
 90
3
 90
197
 90
198
 90
201
 90
3
 90
210
 90
197
 90
201
 90
3
 90
209
 90
210
 90
201
 90
3
 90
208
 90
209
 90
201
 90
3
 90
223
 90
208
 90
201
 90
3
 90
194
 90
214
 90
215
 90
3
 90
223
 90
201
 90
206
 90
3
 90
222
 90
223
 90
206
 90
3
 90
221
 90
222
 90
206
 90
3
 90
220
 90
221
 90
206
 90
3
 90
219
 90
220
 90
206
 90
3
 90
218
 90
219
 90
206
 90
3
 90
194
 90
215
 90
216
 90
3
 90
218
 90
206
 90
194
 90
3
 90
217
 90
218
 90
194
 90
3
 90
216
 90
217
 90
194
 90
3
 90
229
 90
245
 90
244
 90
3
 90
229
 90
244
 90
243
 90
3
 90
229
 90
243
 90
242
 90
3
 90
246
 90
245
 90
229
 90
3
 90
246
 90
229
 90
228
 90
3
 90
246
 90
228
 90
227
 90
3
 90
246
 90
227
 90
226
 90
3
 90
226
 90
225
 90
224
 90
3
 90
226
 90
224
 90
239
 90
3
 90
226
 90
239
 90
238
 90
3
 90
238
 90
237
 90
236
 90
3
 90
238
 90
236
 90
235
 90
3
 90
238
 90
235
 90
234
 90
3
 90
238
 90
234
 90
233
 90
3
 90
233
 90
232
 90
231
 90
3
 90
233
 90
231
 90
230
 90
3
 90
233
 90
230
 90
229
 90
3
 90
233
 90
229
 90
242
 90
3
 90
233
 90
242
 90
241
 90
3
 90
233
 90
241
 90
240
 90
3
 90
233
 90
240
 90
255
 90
3
 90
247
 90
246
 90
226
 90
3
 90
238
 90
233
 90
255
 90
3
 90
238
 90
255
 90
254
 90
3
 90
238
 90
254
 90
253
 90
3
 90
238
 90
253
 90
252
 90
3
 90
238
 90
252
 90
251
 90
3
 90
238
 90
251
 90
250
 90
3
 90
248
 90
247
 90
226
 90
3
 90
226
 90
238
 90
250
 90
3
 90
226
 90
250
 90
249
 90
3
 90
226
 90
249
 90
248
 90
3
 90
224
 90
225
 90
192
 90
3
 90
192
 90
225
 90
193
 90
3
 90
225
 90
226
 90
193
 90
3
 90
193
 90
226
 90
194
 90
3
 90
226
 90
227
 90
194
 90
3
 90
194
 90
227
 90
195
 90
3
 90
227
 90
228
 90
195
 90
3
 90
195
 90
228
 90
196
 90
3
 90
228
 90
229
 90
196
 90
3
 90
196
 90
229
 90
197
 90
3
 90
229
 90
230
 90
197
 90
3
 90
197
 90
230
 90
198
 90
3
 90
230
 90
231
 90
198
 90
3
 90
198
 90
231
 90
199
 90
3
 90
231
 90
232
 90
199
 90
3
 90
199
 90
232
 90
200
 90
3
 90
232
 90
233
 90
200
 90
3
 90
200
 90
233
 90
201
 90
3
 90
233
 90
234
 90
201
 90
3
 90
201
 90
234
 90
202
 90
3
 90
234
 90
235
 90
202
 90
3
 90
202
 90
235
 90
203
 90
3
 90
235
 90
236
 90
203
 90
3
 90
203
 90
236
 90
204
 90
3
 90
236
 90
237
 90
204
 90
3
 90
204
 90
237
 90
205
 90
3
 90
237
 90
238
 90
205
 90
3
 90
205
 90
238
 90
206
 90
3
 90
239
 90
224
 90
207
 90
3
 90
207
 90
224
 90
192
 90
3
 90
238
 90
239
 90
206
 90
3
 90
206
 90
239
 90
207
 90
3
 90
240
 90
241
 90
208
 90
3
 90
208
 90
241
 90
209
 90
3
 90
241
 90
242
 90
209
 90
3
 90
209
 90
242
 90
210
 90
3
 90
242
 90
243
 90
210
 90
3
 90
210
 90
243
 90
211
 90
3
 90
243
 90
244
 90
211
 90
3
 90
211
 90
244
 90
212
 90
3
 90
244
 90
245
 90
212
 90
3
 90
212
 90
245
 90
213
 90
3
 90
245
 90
246
 90
213
 90
3
 90
213
 90
246
 90
214
 90
3
 90
246
 90
247
 90
214
 90
3
 90
214
 90
247
 90
215
 90
3
 90
247
 90
248
 90
215
 90
3
 90
215
 90
248
 90
216
 90
3
 90
248
 90
249
 90
216
 90
3
 90
216
 90
249
 90
217
 90
3
 90
249
 90
250
 90
217
 90
3
 90
217
 90
250
 90
218
 90
3
 90
250
 90
251
 90
218
 90
3
 90
218
 90
251
 90
219
 90
3
 90
251
 90
252
 90
219
 90
3
 90
219
 90
252
 90
220
 90
3
 90
252
 90
253
 90
220
 90
3
 90
220
 90
253
 90
221
 90
3
 90
253
 90
254
 90
221
 90
3
 90
221
 90
254
 90
222
 90
3
 90
255
 90
240
 90
223
 90
3
 90
223
 90
240
 90
208
 90
3
 90
254
 90
255
 90
222
 90
3
 90
222
 90
255
 90
223
 90
3
 90
258
 90
259
 90
256
 90
3
 90
257
 90
258
 90
256
 90
3
 90
260
 90
263
 90
262
 90
3
 90
260
 90
262
 90
261
 90
3
 90
260
 90
261
 90
256
 90
3
 90
256
 90
261
 90
257
 90
3
 90
261
 90
262
 90
257
 90
3
 90
257
 90
262
 90
258
 90
3
 90
263
 90
260
 90
259
 90
3
 90
259
 90
260
 90
256
 90
3
 90
262
 90
263
 90
258
 90
3
 90
258
 90
263
 90
259
 90
3
 90
266
 90
267
 90
264
 90
3
 90
265
 90
266
 90
264
 90
3
 90
268
 90
271
 90
270
 90
3
 90
268
 90
270
 90
269
 90
3
 90
268
 90
269
 90
264
 90
3
 90
264
 90
269
 90
265
 90
3
 90
269
 90
270
 90
265
 90
3
 90
265
 90
270
 90
266
 90
3
 90
271
 90
268
 90
267
 90
3
 90
267
 90
268
 90
264
 90
3
 90
270
 90
271
 90
266
 90
3
 90
266
 90
271
 90
267
 94
0
 95
0
 90
0
  0
MESH
  5
9B
330
17
100
AcDbEntity
  8
3D-LABEL
100
AcDbSubDMesh
 71
2
 72
0
 91
0
 92
272
 10
121.5
 20
0.0
 30
0.4
 10
121.5
 20
0.0
 30
0.050000000000000044
 10
142.5
 20
0.0
 30
0.050000000000000044
 10
142.5
 20
0.0
 30
0.4
 10
121.5
 20
0.2474873734152916
 30
0.15251262658470838
 10
142.5
 20
0.2474873734152916
 30
0.15251262658470838
 10
121.5
 20
0.35
 30
0.4
 10
142.5
 20
0.35
 30
0.4
 10
121.5
 20
0.24748737341529164
 30
0.6474873734152916
 10
142.5
 20
0.24748737341529164
 30
0.6474873734152916
 10
121.5
 20
4.286263797015736e-17
 30
0.75
 10
142.5
 20
4.286263797015736e-17
 30
0.75
 10
121.5
 20
-0.2474873734152916
 30
0.6474873734152917
 10
142.5
 20
-0.2474873734152916
 30
0.6474873734152917
 10
121.5
 20
-0.35
 30
0.4000000000000001
 10
142.5
 20
-0.35
 30
0.4000000000000001
 10
121.5
 20
-0.24748737341529167
 30
0.15251262658470846
 10
142.5
 20
-0.24748737341529167
 30
0.15251262658470846
 10
121.5
 20
120.0
 30
0.4
 10
121.5
 20
120.0
 30
0.050000000000000044
 10
142.5
 20
120.0
 30
0.050000000000000044
 10
142.5
 20
120.0
 30
0.4
 10
121.5
 20
120.2474873734153
 30
0.15251262658470838
 10
142.5
 20
120.2474873734153
 30
0.15251262658470838
 10
121.5
 20
120.35
 30
0.4
 10
142.5
 20
120.35
 30
0.4
 10
121.5
 20
120.2474873734153
 30
0.6474873734152916
 10
142.5
 20
120.2474873734153
 30
0.6474873734152916
 10
121.5
 20
120.0
 30
0.75
 10
142.5
 20
120.0
 30
0.75
 10
121.5
 20
119.7525126265847
 30
0.6474873734152917
 10
142.5
 20
119.7525126265847
 30
0.6474873734152917
 10
121.5
 20
119.65
 30
0.4000000000000001
 10
142.5
 20
119.65
 30
0.4000000000000001
 10
121.5
 20
119.7525126265847
 30
0.15251262658470846
 10
142.5
 20
119.7525126265847
 30
0.15251262658470846
 10
140.0
 20
0.0
 30
0.4
 10
140.0
 20
0.0
 30
0.050000000000000044
 10
140.0
 20
120.0
 30
0.050000000000000044
 10
140.0
 20
120.0
 30
0.4
 10
139.75251262658472
 20
0.0
 30
0.15251262658470838
 10
139.75251262658472
 20
120.0
 30
0.15251262658470838
 10
139.65
 20
0.0
 30
0.4
 10
139.65
 20
120.0
 30
0.4
 10
139.75251262658472
 20
0.0
 30
0.6474873734152916
 10
139.75251262658472
 20
120.0
 30
0.6474873734152916
 10
140.0
 20
0.0
 30
0.75
 10
140.0
 20
120.0
 30
0.75
 10
140.24748737341528
 20
0.0
 30
0.6474873734152917
 10
140.24748737341528
 20
120.0
 30
0.6474873734152917
 10
140.35
 20
0.0
 30
0.4000000000000001
 10
140.35
 20
120.0
 30
0.4000000000000001
 10
140.24748737341528
 20
0.0
 30
0.15251262658470846
 10
140.24748737341528
 20
120.0
 30
0.15251262658470846
 10
140.0
 20
4.0
 30
0.4
 10
140.0
 20
4.0
 30
-0.9999999999999999
 10
140.0
 20
0.0
 30
0.4
 10
140.53575680531114
 20
4.0
 30
-0.8934313455158013
 10
140.98994949366116
 20
4.0
 30
-0.5899494936611666
 10
141.2934313455158
 20
4.0
 30
-0.13575680531112566
 10
141.4
 20
4.0
 30
0.3999999999999999
 10
141.2934313455158
 20
4.0
 30
0.9357568053111256
 10
140.98994949366116
 20
4.0
 30
1.3899494936611663
 10
140.53575680531114
 20
4.0
 30
1.6934313455158012
 10
140.0
 20
4.0
 30
1.7999999999999998
 10
139.46424319468886
 20
4.0
 30
1.6934313455158017
 10
139.01005050633884
 20
4.0
 30
1.3899494936611667
 10
138.7065686544842
 20
4.0
 30
0.9357568053111265
 10
138.6
 20
4.0
 30
0.4000000000000003
 10
138.7065686544842
 20
4.0
 30
-0.135756805311126
 10
139.01005050633884
 20
4.0
 30
-0.5899494936611662
 10
139.46424319468886
 20
4.0
 30
-0.8934313455158011
 10
140.0
 20
116.0
 30
0.4
 10
140.0
 20
116.0
 30
-0.9999999999999999
 10
140.0
 20
120.0
 30
0.4
 10
139.46424319468886
 20
116.0
 30
-0.8934313455158013
 10
139.01005050633884
 20
116.0
 30
-0.5899494936611666
 10
138.7065686544842
 20
116.0
 30
-0.13575680531112566
 10
138.6
 20
116.0
 30
0.3999999999999999
 10
138.7065686544842
 20
116.0
 30
0.9357568053111256
 10
139.01005050633884
 20
116.0
 30
1.3899494936611663
 10
139.46424319468886
 20
116.0
 30
1.6934313455158012
 10
140.0
 20
116.0
 30
1.7999999999999998
 10
140.53575680531114
 20
116.0
 30
1.6934313455158017
 10
140.98994949366116
 20
116.0
 30
1.3899494936611667
 10
141.2934313455158
 20
116.0
 30
0.9357568053111265
 10
141.4
 20
116.0
 30
0.4000000000000003
 10
141.2934313455158
 20
116.0
 30
-0.135756805311126
 10
140.98994949366116
 20
116.0
 30
-0.5899494936611662
 10
140.53575680531114
 20
116.0
 30
-0.8934313455158011
 10
142.24069787379972
 20
49.29558899176955
 30
0.2
 10
141.99957133058984
 20
50.45728309327846
 30
0.2
 10
141.99957133058984
 20
51.683277606310014
 30
0.2
 10
146.1094393004115
 20
51.683277606310014
 30
0.2
 10
146.1094393004115
 20
52.82246656378601
 30
0.2
 10
147.0
 20
52.82246656378601
 30
0.2
 10
147.0
 20
49.32559585048011
 30
0.2
 10
146.1094393004115
 20
49.32559585048011
 30
0.2
 10
146.1094393004115
 20
50.4647848079561
 30
0.2
 10
142.8772719478738
 20
50.4647848079561
 30
0.2
 10
143.11839849108367
 20
49.29558899176955
 30
0.2
 10
142.24069787379972
 20
49.29558899176955
 30
0.6000000000000001
 10
141.99957133058984
 20
50.45728309327846
 30
0.6000000000000001
 10
141.99957133058984
 20
51.683277606310014
 30
0.6000000000000001
 10
146.1094393004115
 20
51.683277606310014
 30
0.6000000000000001
 10
146.1094393004115
 20
52.82246656378601
 30
0.6000000000000001
 10
147.0
 20
52.82246656378601
 30
0.6000000000000001
 10
147.0
 20
49.32559585048011
 30
0.6000000000000001
 10
146.1094393004115
 20
49.32559585048011
 30
0.6000000000000001
 10
146.1094393004115
 20
50.4647848079561
 30
0.6000000000000001
 10
142.8772719478738
 20
50.4647848079561
 30
0.6000000000000001
 10
143.11839849108367
 20
49.29558899176955
 30
0.6000000000000001
 10
147.09752229080934
 20
55.681691529492454
 30
0.2
 10
146.92873371056243
 20
54.806670096021946
 30
0.2
 10
146.42236796982166
 20
54.15777177640604
 30
0.2
 10
145.60548482510288
 20
53.75589420438958
 30
0.2
 10
144.5051440329218
 20
53.62193501371742
 30
0.2
 10
143.40185613854595
 20
53.75589420438958
 30
0.2
 10
142.5847050754458
 20
54.15777177640604
 30
0.2
 10
142.07833933470508
 20
54.806670096021946
 30
0.2
 10
141.90955075445817
 20
55.681691529492454
 30
0.2
 10
142.07833933470508
 20
56.55430169753086
 30
0.2
 10
142.5847050754458
 20
57.20239626200274
 30
0.2
 10
143.40185613854595
 20
57.6042738340192
 30
0.2
 10
144.5051440329218
 20
57.738233024691354
 30
0.2
 10
145.60548482510288
 20
57.6042738340192
 30
0.2
 10
146.42236796982166
 20
57.20239626200274
 30
0.2
 10
146.92873371056243
 20
56.55430169753086
 30
0.2
 10
142.79046639231825
 20
55.681691529492454
 30
0.2
 10
142.8863811728395
 20
55.32616383744856
 30
0.2
 10
143.1741255144033
 20
55.08905606995884
 30
0.2
 10
143.69549468449932
 20
54.95563271604938
 30
0.2
 10
144.49442729766804
 20
54.91115826474623
 30
0.2
 10
145.30300497256516
 20
54.95563271604938
 30
0.2
 10
145.83187585733882
 20
55.08905606995884
 30
0.2
 10
146.12283521947873
 20
55.32616383744856
 30
0.2
 10
146.2198216735254
 20
55.681691529492454
 30
0.2
 10
146.12283521947873
 20
56.03534379286694
 30
0.2
 10
145.83187585733882
 20
56.27111196844993
 30
0.2
 10
145.30300497256516
 20
56.40453532235939
 30
0.2
 10
144.49442729766804
 20
56.44900977366255
 30
0.2
 10
143.69549468449932
 20
56.40507115912209
 30
0.2
 10
143.1741255144033
 20
56.273255315500684
 30
0.2
 10
142.8863811728395
 20
56.037487139917694
 30
0.2
 10
147.09752229080934
 20
55.681691529492454
 30
0.6000000000000001
 10
146.92873371056243
 20
54.806670096021946
 30
0.6000000000000001
 10
146.42236796982166
 20
54.15777177640604
 30
0.6000000000000001
 10
145.60548482510288
 20
53.75589420438958
 30
0.6000000000000001
 10
144.5051440329218
 20
53.62193501371742
 30
0.6000000000000001
 10
143.40185613854595
 20
53.75589420438958
 30
0.6000000000000001
 10
142.5847050754458
 20
54.15777177640604
 30
0.6000000000000001
 10
142.07833933470508
 20
54.806670096021946
 30
0.6000000000000001
 10
141.90955075445817
 20
55.681691529492454
 30
0.6000000000000001
 10
142.07833933470508
 20
56.55430169753086
 30
0.6000000000000001
 10
142.5847050754458
 20
57.20239626200274
 30
0.6000000000000001
 10
143.40185613854595
 20
57.6042738340192
 30
0.6000000000000001
 10
144.5051440329218
 20
57.738233024691354
 30
0.6000000000000001
 10
145.60548482510288
 20
57.6042738340192
 30
0.6000000000000001
 10
146.42236796982166
 20
57.20239626200274
 30
0.6000000000000001
 10
146.92873371056243
 20
56.55430169753086
 30
0.6000000000000001
 10
142.79046639231825
 20
55.681691529492454
 30
0.6000000000000001
 10
142.8863811728395
 20
55.32616383744856
 30
0.6000000000000001
 10
143.1741255144033
 20
55.08905606995884
 30
0.6000000000000001
 10
143.69549468449932
 20
54.95563271604938
 30
0.6000000000000001
 10
144.49442729766804
 20
54.91115826474623
 30
0.6000000000000001
 10
145.30300497256516
 20
54.95563271604938
 30
0.6000000000000001
 10
145.83187585733882
 20
55.08905606995884
 30
0.6000000000000001
 10
146.12283521947873
 20
55.32616383744856
 30
0.6000000000000001
 10
146.2198216735254
 20
55.681691529492454
 30
0.6000000000000001
 10
146.12283521947873
 20
56.03534379286694
 30
0.6000000000000001
 10
145.83187585733882
 20
56.27111196844993
 30
0.6000000000000001
 10
145.30300497256516
 20
56.40453532235939
 30
0.6000000000000001
 10
144.49442729766804
 20
56.44900977366255
 30
0.6000000000000001
 10
143.69549468449932
 20
56.40507115912209
 30
0.6000000000000001
 10
143.1741255144033
 20
56.273255315500684
 30
0.6000000000000001
 10
142.8863811728395
 20
56.037487139917694
 30
0.6000000000000001
 10
141.99957133058984
 20
58.71881430041152
 30
0.2
 10
141.99957133058984
 20
59.51292438271605
 30
0.2
 10
143.85892489711935
 20
59.51292438271605
 30
0.2
 10
143.85892489711935
 20
58.71881430041152
 30
0.2
 10
141.99957133058984
 20
58.71881430041152
 30
0.6000000000000001
 10
141.99957133058984
 20
59.51292438271605
 30
0.6000000000000001
 10
143.85892489711935
 20
59.51292438271605
 30
0.6000000000000001
 10
143.85892489711935
 20
58.71881430041152
 30
0.6000000000000001
 10
145.51251714677642
 20
60.53744427297668
 30
0.2
 10
144.53836591220852
 20
60.53744427297668
 30
0.2
 10
144.53836591220852
 20
62.640067729766805
 30
0.2
 10
145.51251714677642
 20
62.640067729766805
 30
0.2
 10
145.51251714677642
 20
60.53744427297668
 30
0.6000000000000001
 10
144.53836591220852
 20
60.53744427297668
 30
0.6000000000000001
 10
144.53836591220852
 20
62.640067729766805
 30
0.6000000000000001
 10
145.51251714677642
 20
62.640067729766805
 30
0.6000000000000001
 10
146.92873371056243
 20
66.27223722565158
 30
0.2
 10
147.09752229080934
 20
65.39962705761317
 30
0.2
 10
146.92873371056243
 20
64.52460562414267
 30
0.2
 10
146.42236796982166
 20
63.87570730452675
 30
0.2
 10
145.60548482510288
 20
63.47382973251029
 30
0.2
 10
144.5051440329218
 20
63.33987054183814
 30
0.2
 10
143.40185613854595
 20
63.47382973251029
 30
0.2
 10
142.5847050754458
 20
63.87570730452675
 30
0.2
 10
142.07833933470508
 20
64.52460562414267
 30
0.2
 10
141.90955075445817
 20
65.39962705761317
 30
0.2
 10
142.07833933470508
 20
66.27223722565158
 30
0.2
 10
142.5847050754458
 20
66.92033179012346
 30
0.2
 10
143.40185613854595
 20
67.32220936213992
 30
0.2
 10
144.5051440329218
 20
67.45616855281207
 30
0.2
 10
145.60548482510288
 20
67.32220936213992
 30
0.2
 10
146.42236796982166
 20
66.92033179012346
 30
0.2
 10
142.8863811728395
 20
65.7554226680384
 30
0.2
 10
142.79046639231825
 20
65.39962705761317
 30
0.2
 10
142.8863811728395
 20
65.04409936556928
 30
0.2
 10
143.1741255144033
 20
64.80699159807956
 30
0.2
 10
143.69549468449932
 20
64.6735682441701
 30
0.2
 10
144.49442729766804
 20
64.62909379286694
 30
0.2
 10
145.30300497256516
 20
64.6735682441701
 30
0.2
 10
145.83187585733882
 20
64.80699159807956
 30
0.2
 10
146.12283521947873
 20
65.04409936556928
 30
0.2
 10
146.2198216735254
 20
65.39962705761317
 30
0.2
 10
146.12283521947873
 20
65.75327932098766
 30
0.2
 10
145.83187585733882
 20
65.98904749657065
 30
0.2
 10
145.30300497256516
 20
66.12247085048011
 30
0.2
 10
144.49442729766804
 20
66.16694530178327
 30
0.2
 10
143.69549468449932
 20
66.12300668724279
 30
0.2
 10
143.1741255144033
 20
65.9911908436214
 30
0.2
 10
146.92873371056243
 20
66.27223722565158
 30
0.6000000000000001
 10
147.09752229080934
 20
65.39962705761317
 30
0.6000000000000001
 10
146.92873371056243
 20
64.52460562414267
 30
0.6000000000000001
 10
146.42236796982166
 20
63.87570730452675
 30
0.6000000000000001
 10
145.60548482510288
 20
63.47382973251029
 30
0.6000000000000001
 10
144.5051440329218
 20
63.33987054183814
 30
0.6000000000000001
 10
143.40185613854595
 20
63.47382973251029
 30
0.6000000000000001
 10
142.5847050754458
 20
63.87570730452675
 30
0.6000000000000001
 10
142.07833933470508
 20
64.52460562414267
 30
0.6000000000000001
 10
141.90955075445817
 20
65.39962705761317
 30
0.6000000000000001
 10
142.07833933470508
 20
66.27223722565158
 30
0.6000000000000001
 10
142.5847050754458
 20
66.92033179012346
 30
0.6000000000000001
 10
143.40185613854595
 20
67.32220936213992
 30
0.6000000000000001
 10
144.5051440329218
 20
67.45616855281207
 30
0.6000000000000001
 10
145.60548482510288
 20
67.32220936213992
 30
0.6000000000000001
 10
146.42236796982166
 20
66.92033179012346
 30
0.6000000000000001
 10
142.8863811728395
 20
65.7554226680384
 30
0.6000000000000001
 10
142.79046639231825
 20
65.39962705761317
 30
0.6000000000000001
 10
142.8863811728395
 20
65.04409936556928
 30
0.6000000000000001
 10
143.1741255144033
 20
64.80699159807956
 30
0.6000000000000001
 10
143.69549468449932
 20
64.6735682441701
 30
0.6000000000000001
 10
144.49442729766804
 20
64.62909379286694
 30
0.6000000000000001
 10
145.30300497256516
 20
64.6735682441701
 30
0.6000000000000001
 10
145.83187585733882
 20
64.80699159807956
 30
0.6000000000000001
 10
146.12283521947873
 20
65.04409936556928
 30
0.6000000000000001
 10
146.2198216735254
 20
65.39962705761317
 30
0.6000000000000001
 10
146.12283521947873
 20
65.75327932098766
 30
0.6000000000000001
 10
145.83187585733882
 20
65.98904749657065
 30
0.6000000000000001
 10
145.30300497256516
 20
66.12247085048011
 30
0.6000000000000001
 10
144.49442729766804
 20
66.16694530178327
 30
0.6000000000000001
 10
143.69549468449932
 20
66.12300668724279
 30
0.6000000000000001
 10
143.1741255144033
 20
65.9911908436214
 30
0.6000000000000001
 10
143.85892489711935
 20
69.91030092592592
 30
0.2
 10
141.99957133058984
 20
69.91030092592592
 30
0.2
 10
141.99957133058984
 20
70.70441100823045
 30
0.2
 10
143.85892489711935
 20
70.70441100823045
 30
0.2
 10
143.85892489711935
 20
69.91030092592592
 30
0.6000000000000001
 10
141.99957133058984
 20
69.91030092592592
 30
0.6000000000000001
 10
141.99957133058984
 20
70.70441100823045
 30
0.6000000000000001
 10
143.85892489711935
 20
70.70441100823045
 30
0.6000000000000001
 10
143.85892489711935
 20
68.43674982853224
 30
0.2
 10
141.99957133058984
 20
68.43674982853224
 30
0.2
 10
141.99957133058984
 20
69.23085991083676
 30
0.2
 10
143.85892489711935
 20
69.23085991083676
 30
0.2
 10
143.85892489711935
 20
68.43674982853224
 30
0.6000000000000001
 10
141.99957133058984
 20
68.43674982853224
 30
0.6000000000000001
 10
141.99957133058984
 20
69.23085991083676
 30
0.6000000000000001
 10
143.85892489711935
 20
69.23085991083676
 30
0.6000000000000001
 93
2016
 90
3
 90
1
 90
0
 90
4
 90
3
 90
1
 90
4
 90
2
 90
3
 90
2
 90
4
 90
5
 90
3
 90
2
 90
5
 90
3
 90
3
 90
4
 90
0
 90
6
 90
3
 90
4
 90
6
 90
5
 90
3
 90
5
 90
6
 90
7
 90
3
 90
5
 90
7
 90
3
 90
3
 90
6
 90
0
 90
8
 90
3
 90
6
 90
8
 90
7
 90
3
 90
7
 90
8
 90
9
 90
3
 90
7
 90
9
 90
3
 90
3
 90
8
 90
0
 90
10
 90
3
 90
8
 90
10
 90
9
 90
3
 90
9
 90
10
 90
11
 90
3
 90
9
 90
11
 90
3
 90
3
 90
10
 90
0
 90
12
 90
3
 90
10
 90
12
 90
11
 90
3
 90
11
 90
12
 90
13
 90
3
 90
11
 90
13
 90
3
 90
3
 90
12
 90
0
 90
14
 90
3
 90
12
 90
14
 90
13
 90
3
 90
13
 90
14
 90
15
 90
3
 90
13
 90
15
 90
3
 90
3
 90
14
 90
0
 90
16
 90
3
 90
14
 90
16
 90
15
 90
3
 90
15
 90
16
 90
17
 90
3
 90
15
 90
17
 90
3
 90
3
 90
16
 90
0
 90
1
 90
3
 90
16
 90
1
 90
17
 90
3
 90
17
 90
1
 90
2
 90
3
 90
17
 90
2
 90
3
 90
3
 90
19
 90
18
 90
22
 90
3
 90
19
 90
22
 90
20
 90
3
 90
20
 90
22
 90
23
 90
3
 90
20
 90
23
 90
21
 90
3
 90
22
 90
18
 90
24
 90
3
 90
22
 90
24
 90
23
 90
3
 90
23
 90
24
 90
25
 90
3
 90
23
 90
25
 90
21
 90
3
 90
24
 90
18
 90
26
 90
3
 90
24
 90
26
 90
25
 90
3
 90
25
 90
26
 90
27
 90
3
 90
25
 90
27
 90
21
 90
3
 90
26
 90
18
 90
28
 90
3
 90
26
 90
28
 90
27
 90
3
 90
27
 90
28
 90
29
 90
3
 90
27
 90
29
 90
21
 90
3
 90
28
 90
18
 90
30
 90
3
 90
28
 90
30
 90
29
 90
3
 90
29
 90
30
 90
31
 90
3
 90
29
 90
31
 90
21
 90
3
 90
30
 90
18
 90
32
 90
3
 90
30
 90
32
 90
31
 90
3
 90
31
 90
32
 90
33
 90
3
 90
31
 90
33
 90
21
 90
3
 90
32
 90
18
 90
34
 90
3
 90
32
 90
34
 90
33
 90
3
 90
33
 90
34
 90
35
 90
3
 90
33
 90
35
 90
21
 90
3
 90
34
 90
18
 90
19
 90
3
 90
34
 90
19
 90
35
 90
3
 90
35
 90
19
 90
20
 90
3
 90
35
 90
20
 90
21
 90
3
 90
37
 90
36
 90
40
 90
3
 90
37
 90
40
 90
38
 90
3
 90
38
 90
40
 90
41
 90
3
 90
38
 90
41
 90
39
 90
3
 90
40
 90
36
 90
42
 90
3
 90
40
 90
42
 90
41
 90
3
 90
41
 90
42
 90
43
 90
3
 90
41
 90
43
 90
39
 90
3
 90
42
 90
36
 90
44
 90
3
 90
42
 90
44
 90
43
 90
3
 90
43
 90
44
 90
45
 90
3
 90
43
 90
45
 90
39
 90
3
 90
44
 90
36
 90
46
 90
3
 90
44
 90
46
 90
45
 90
3
 90
45
 90
46
 90
47
 90
3
 90
45
 90
47
 90
39
 90
3
 90
46
 90
36
 90
48
 90
3
 90
46
 90
48
 90
47
 90
3
 90
47
 90
48
 90
49
 90
3
 90
47
 90
49
 90
39
 90
3
 90
48
 90
36
 90
50
 90
3
 90
48
 90
50
 90
49
 90
3
 90
49
 90
50
 90
51
 90
3
 90
49
 90
51
 90
39
 90
3
 90
50
 90
36
 90
52
 90
3
 90
50
 90
52
 90
51
 90
3
 90
51
 90
52
 90
53
 90
3
 90
51
 90
53
 90
39
 90
3
 90
52
 90
36
 90
37
 90
3
 90
52
 90
37
 90
53
 90
3
 90
53
 90
37
 90
38
 90
3
 90
53
 90
38
 90
39
 90
3
 90
55
 90
54
 90
57
 90
3
 90
55
 90
57
 90
56
 90
3
 90
57
 90
54
 90
58
 90
3
 90
57
 90
58
 90
56
 90
3
 90
58
 90
54
 90
59
 90
3
 90
58
 90
59
 90
56
 90
3
 90
59
 90
54
 90
60
 90
3
 90
59
 90
60
 90
56
 90
3
 90
60
 90
54
 90
61
 90
3
 90
60
 90
61
 90
56
 90
3
 90
61
 90
54
 90
62
 90
3
 90
61
 90
62
 90
56
 90
3
 90
62
 90
54
 90
63
 90
3
 90
62
 90
63
 90
56
 90
3
 90
63
 90
54
 90
64
 90
3
 90
63
 90
64
 90
56
 90
3
 90
64
 90
54
 90
65
 90
3
 90
64
 90
65
 90
56
 90
3
 90
65
 90
54
 90
66
 90
3
 90
65
 90
66
 90
56
 90
3
 90
66
 90
54
 90
67
 90
3
 90
66
 90
67
 90
56
 90
3
 90
67
 90
54
 90
68
 90
3
 90
67
 90
68
 90
56
 90
3
 90
68
 90
54
 90
69
 90
3
 90
68
 90
69
 90
56
 90
3
 90
69
 90
54
 90
70
 90
3
 90
69
 90
70
 90
56
 90
3
 90
70
 90
54
 90
71
 90
3
 90
70
 90
71
 90
56
 90
3
 90
71
 90
54
 90
55
 90
3
 90
71
 90
55
 90
56
 90
3
 90
73
 90
72
 90
75
 90
3
 90
73
 90
75
 90
74
 90
3
 90
75
 90
72
 90
76
 90
3
 90
75
 90
76
 90
74
 90
3
 90
76
 90
72
 90
77
 90
3
 90
76
 90
77
 90
74
 90
3
 90
77
 90
72
 90
78
 90
3
 90
77
 90
78
 90
74
 90
3
 90
78
 90
72
 90
79
 90
3
 90
78
 90
79
 90
74
 90
3
 90
79
 90
72
 90
80
 90
3
 90
79
 90
80
 90
74
 90
3
 90
80
 90
72
 90
81
 90
3
 90
80
 90
81
 90
74
 90
3
 90
81
 90
72
 90
82
 90
3
 90
81
 90
82
 90
74
 90
3
 90
82
 90
72
 90
83
 90
3
 90
82
 90
83
 90
74
 90
3
 90
83
 90
72
 90
84
 90
3
 90
83
 90
84
 90
74
 90
3
 90
84
 90
72
 90
85
 90
3
 90
84
 90
85
 90
74
 90
3
 90
85
 90
72
 90
86
 90
3
 90
85
 90
86
 90
74
 90
3
 90
86
 90
72
 90
87
 90
3
 90
86
 90
87
 90
74
 90
3
 90
87
 90
72
 90
88
 90
3
 90
87
 90
88
 90
74
 90
3
 90
88
 90
72
 90
89
 90
3
 90
88
 90
89
 90
74
 90
3
 90
89
 90
72
 90
73
 90
3
 90
89
 90
73
 90
74
 90
3
 90
99
 90
100
 90
90
 90
3
 90
96
 90
97
 90
98
 90
3
 90
95
 90
96
 90
98
 90
3
 90
93
 90
94
 90
95
 90
3
 90
91
 90
92
 90
93
 90
3
 90
99
 90
90
 90
91
 90
3
 90
93
 90
95
 90
98
 90
3
 90
99
 90
91
 90
93
 90
3
 90
98
 90
99
 90
93
 90
3
 90
101
 90
111
 90
110
 90
3
 90
109
 90
108
 90
107
 90
3
 90
109
 90
107
 90
106
 90
3
 90
106
 90
105
 90
104
 90
3
 90
104
 90
103
 90
102
 90
3
 90
102
 90
101
 90
110
 90
3
 90
109
 90
106
 90
104
 90
3
 90
104
 90
102
 90
110
 90
3
 90
104
 90
110
 90
109
 90
3
 90
101
 90
102
 90
90
 90
3
 90
90
 90
102
 90
91
 90
3
 90
102
 90
103
 90
91
 90
3
 90
91
 90
103
 90
92
 90
3
 90
103
 90
104
 90
92
 90
3
 90
92
 90
104
 90
93
 90
3
 90
104
 90
105
 90
93
 90
3
 90
93
 90
105
 90
94
 90
3
 90
105
 90
106
 90
94
 90
3
 90
94
 90
106
 90
95
 90
3
 90
106
 90
107
 90
95
 90
3
 90
95
 90
107
 90
96
 90
3
 90
107
 90
108
 90
96
 90
3
 90
96
 90
108
 90
97
 90
3
 90
108
 90
109
 90
97
 90
3
 90
97
 90
109
 90
98
 90
3
 90
109
 90
110
 90
98
 90
3
 90
98
 90
110
 90
99
 90
3
 90
111
 90
101
 90
100
 90
3
 90
100
 90
101
 90
90
 90
3
 90
110
 90
111
 90
99
 90
3
 90
99
 90
111
 90
100
 90
3
 90
131
 90
132
 90
116
 90
3
 90
130
 90
131
 90
116
 90
3
 90
129
 90
130
 90
116
 90
3
 90
116
 90
132
 90
133
 90
3
 90
115
 90
116
 90
133
 90
3
 90
114
 90
115
 90
133
 90
3
 90
113
 90
114
 90
133
 90
3
 90
127
 90
112
 90
113
 90
3
 90
126
 90
127
 90
113
 90
3
 90
125
 90
126
 90
113
 90
3
 90
123
 90
124
 90
125
 90
3
 90
122
 90
123
 90
125
 90
3
 90
121
 90
122
 90
125
 90
3
 90
120
 90
121
 90
125
 90
3
 90
118
 90
119
 90
120
 90
3
 90
117
 90
118
 90
120
 90
3
 90
116
 90
117
 90
120
 90
3
 90
129
 90
116
 90
120
 90
3
 90
128
 90
129
 90
120
 90
3
 90
143
 90
128
 90
120
 90
3
 90
142
 90
143
 90
120
 90
3
 90
113
 90
133
 90
134
 90
3
 90
142
 90
120
 90
125
 90
3
 90
141
 90
142
 90
125
 90
3
 90
140
 90
141
 90
125
 90
3
 90
139
 90
140
 90
125
 90
3
 90
138
 90
139
 90
125
 90
3
 90
137
 90
138
 90
125
 90
3
 90
113
 90
134
 90
135
 90
3
 90
137
 90
125
 90
113
 90
3
 90
136
 90
137
 90
113
 90
3
 90
135
 90
136
 90
113
 90
3
 90
148
 90
164
 90
163
 90
3
 90
148
 90
163
 90
162
 90
3
 90
148
 90
162
 90
161
 90
3
 90
165
 90
164
 90
148
 90
3
 90
165
 90
148
 90
147
 90
3
 90
165
 90
147
 90
146
 90
3
 90
165
 90
146
 90
145
 90
3
 90
145
 90
144
 90
159
 90
3
 90
145
 90
159
 90
158
 90
3
 90
145
 90
158
 90
157
 90
3
 90
157
 90
156
 90
155
 90
3
 90
157
 90
155
 90
154
 90
3
 90
157
 90
154
 90
153
 90
3
 90
157
 90
153
 90
152
 90
3
 90
152
 90
151
 90
150
 90
3
 90
152
 90
150
 90
149
 90
3
 90
152
 90
149
 90
148
 90
3
 90
152
 90
148
 90
161
 90
3
 90
152
 90
161
 90
160
 90
3
 90
152
 90
160
 90
175
 90
3
 90
152
 90
175
 90
174
 90
3
 90
166
 90
165
 90
145
 90
3
 90
157
 90
152
 90
174
 90
3
 90
157
 90
174
 90
173
 90
3
 90
157
 90
173
 90
172
 90
3
 90
157
 90
172
 90
171
 90
3
 90
157
 90
171
 90
170
 90
3
 90
157
 90
170
 90
169
 90
3
 90
167
 90
166
 90
145
 90
3
 90
145
 90
157
 90
169
 90
3
 90
145
 90
169
 90
168
 90
3
 90
145
 90
168
 90
167
 90
3
 90
144
 90
145
 90
112
 90
3
 90
112
 90
145
 90
113
 90
3
 90
145
 90
146
 90
113
 90
3
 90
113
 90
146
 90
114
 90
3
 90
146
 90
147
 90
114
 90
3
 90
114
 90
147
 90
115
 90
3
 90
147
 90
148
 90
115
 90
3
 90
115
 90
148
 90
116
 90
3
 90
148
 90
149
 90
116
 90
3
 90
116
 90
149
 90
117
 90
3
 90
149
 90
150
 90
117
 90
3
 90
117
 90
150
 90
118
 90
3
 90
150
 90
151
 90
118
 90
3
 90
118
 90
151
 90
119
 90
3
 90
151
 90
152
 90
119
 90
3
 90
119
 90
152
 90
120
 90
3
 90
152
 90
153
 90
120
 90
3
 90
120
 90
153
 90
121
 90
3
 90
153
 90
154
 90
121
 90
3
 90
121
 90
154
 90
122
 90
3
 90
154
 90
155
 90
122
 90
3
 90
122
 90
155
 90
123
 90
3
 90
155
 90
156
 90
123
 90
3
 90
123
 90
156
 90
124
 90
3
 90
156
 90
157
 90
124
 90
3
 90
124
 90
157
 90
125
 90
3
 90
157
 90
158
 90
125
 90
3
 90
125
 90
158
 90
126
 90
3
 90
159
 90
144
 90
127
 90
3
 90
127
 90
144
 90
112
 90
3
 90
158
 90
159
 90
126
 90
3
 90
126
 90
159
 90
127
 90
3
 90
160
 90
161
 90
128
 90
3
 90
128
 90
161
 90
129
 90
3
 90
161
 90
162
 90
129
 90
3
 90
129
 90
162
 90
130
 90
3
 90
162
 90
163
 90
130
 90
3
 90
130
 90
163
 90
131
 90
3
 90
163
 90
164
 90
131
 90
3
 90
131
 90
164
 90
132
 90
3
 90
164
 90
165
 90
132
 90
3
 90
132
 90
165
 90
133
 90
3
 90
165
 90
166
 90
133
 90
3
 90
133
 90
166
 90
134
 90
3
 90
166
 90
167
 90
134
 90
3
 90
134
 90
167
 90
135
 90
3
 90
167
 90
168
 90
135
 90
3
 90
135
 90
168
 90
136
 90
3
 90
168
 90
169
 90
136
 90
3
 90
136
 90
169
 90
137
 90
3
 90
169
 90
170
 90
137
 90
3
 90
137
 90
170
 90
138
 90
3
 90
170
 90
171
 90
138
 90
3
 90
138
 90
171
 90
139
 90
3
 90
171
 90
172
 90
139
 90
3
 90
139
 90
172
 90
140
 90
3
 90
172
 90
173
 90
140
 90
3
 90
140
 90
173
 90
141
 90
3
 90
173
 90
174
 90
141
 90
3
 90
141
 90
174
 90
142
 90
3
 90
175
 90
160
 90
143
 90
3
 90
143
 90
160
 90
128
 90
3
 90
174
 90
175
 90
142
 90
3
 90
142
 90
175
 90
143
 90
3
 90
178
 90
179
 90
176
 90
3
 90
177
 90
178
 90
176
 90
3
 90
180
 90
183
 90
182
 90
3
 90
180
 90
182
 90
181
 90
3
 90
180
 90
181
 90
176
 90
3
 90
176
 90
181
 90
177
 90
3
 90
181
 90
182
 90
177
 90
3
 90
177
 90
182
 90
178
 90
3
 90
183
 90
180
 90
179
 90
3
 90
179
 90
180
 90
176
 90
3
 90
182
 90
183
 90
178
 90
3
 90
178
 90
183
 90
179
 90
3
 90
186
 90
187
 90
184
 90
3
 90
185
 90
186
 90
184
 90
3
 90
188
 90
191
 90
190
 90
3
 90
188
 90
190
 90
189
 90
3
 90
188
 90
189
 90
184
 90
3
 90
184
 90
189
 90
185
 90
3
 90
189
 90
190
 90
185
 90
3
 90
185
 90
190
 90
186
 90
3
 90
191
 90
188
 90
187
 90
3
 90
187
 90
188
 90
184
 90
3
 90
190
 90
191
 90
186
 90
3
 90
186
 90
191
 90
187
 90
3
 90
212
 90
213
 90
197
 90
3
 90
211
 90
212
 90
197
 90
3
 90
210
 90
211
 90
197
 90
3
 90
197
 90
213
 90
214
 90
3
 90
196
 90
197
 90
214
 90
3
 90
195
 90
196
 90
214
 90
3
 90
194
 90
195
 90
214
 90
3
 90
192
 90
193
 90
194
 90
3
 90
207
 90
192
 90
194
 90
3
 90
206
 90
207
 90
194
 90
3
 90
204
 90
205
 90
206
 90
3
 90
203
 90
204
 90
206
 90
3
 90
202
 90
203
 90
206
 90
3
 90
201
 90
202
 90
206
 90
3
 90
199
 90
200
 90
201
 90
3
 90
198
 90
199
 90
201
 90
3
 90
197
 90
198
 90
201
 90
3
 90
210
 90
197
 90
201
 90
3
 90
209
 90
210
 90
201
 90
3
 90
208
 90
209
 90
201
 90
3
 90
223
 90
208
 90
201
 90
3
 90
194
 90
214
 90
215
 90
3
 90
223
 90
201
 90
206
 90
3
 90
222
 90
223
 90
206
 90
3
 90
221
 90
222
 90
206
 90
3
 90
220
 90
221
 90
206
 90
3
 90
219
 90
220
 90
206
 90
3
 90
218
 90
219
 90
206
 90
3
 90
194
 90
215
 90
216
 90
3
 90
218
 90
206
 90
194
 90
3
 90
217
 90
218
 90
194
 90
3
 90
216
 90
217
 90
194
 90
3
 90
229
 90
245
 90
244
 90
3
 90
229
 90
244
 90
243
 90
3
 90
229
 90
243
 90
242
 90
3
 90
246
 90
245
 90
229
 90
3
 90
246
 90
229
 90
228
 90
3
 90
246
 90
228
 90
227
 90
3
 90
246
 90
227
 90
226
 90
3
 90
226
 90
225
 90
224
 90
3
 90
226
 90
224
 90
239
 90
3
 90
226
 90
239
 90
238
 90
3
 90
238
 90
237
 90
236
 90
3
 90
238
 90
236
 90
235
 90
3
 90
238
 90
235
 90
234
 90
3
 90
238
 90
234
 90
233
 90
3
 90
233
 90
232
 90
231
 90
3
 90
233
 90
231
 90
230
 90
3
 90
233
 90
230
 90
229
 90
3
 90
233
 90
229
 90
242
 90
3
 90
233
 90
242
 90
241
 90
3
 90
233
 90
241
 90
240
 90
3
 90
233
 90
240
 90
255
 90
3
 90
247
 90
246
 90
226
 90
3
 90
238
 90
233
 90
255
 90
3
 90
238
 90
255
 90
254
 90
3
 90
238
 90
254
 90
253
 90
3
 90
238
 90
253
 90
252
 90
3
 90
238
 90
252
 90
251
 90
3
 90
238
 90
251
 90
250
 90
3
 90
248
 90
247
 90
226
 90
3
 90
226
 90
238
 90
250
 90
3
 90
226
 90
250
 90
249
 90
3
 90
226
 90
249
 90
248
 90
3
 90
224
 90
225
 90
192
 90
3
 90
192
 90
225
 90
193
 90
3
 90
225
 90
226
 90
193
 90
3
 90
193
 90
226
 90
194
 90
3
 90
226
 90
227
 90
194
 90
3
 90
194
 90
227
 90
195
 90
3
 90
227
 90
228
 90
195
 90
3
 90
195
 90
228
 90
196
 90
3
 90
228
 90
229
 90
196
 90
3
 90
196
 90
229
 90
197
 90
3
 90
229
 90
230
 90
197
 90
3
 90
197
 90
230
 90
198
 90
3
 90
230
 90
231
 90
198
 90
3
 90
198
 90
231
 90
199
 90
3
 90
231
 90
232
 90
199
 90
3
 90
199
 90
232
 90
200
 90
3
 90
232
 90
233
 90
200
 90
3
 90
200
 90
233
 90
201
 90
3
 90
233
 90
234
 90
201
 90
3
 90
201
 90
234
 90
202
 90
3
 90
234
 90
235
 90
202
 90
3
 90
202
 90
235
 90
203
 90
3
 90
235
 90
236
 90
203
 90
3
 90
203
 90
236
 90
204
 90
3
 90
236
 90
237
 90
204
 90
3
 90
204
 90
237
 90
205
 90
3
 90
237
 90
238
 90
205
 90
3
 90
205
 90
238
 90
206
 90
3
 90
239
 90
224
 90
207
 90
3
 90
207
 90
224
 90
192
 90
3
 90
238
 90
239
 90
206
 90
3
 90
206
 90
239
 90
207
 90
3
 90
240
 90
241
 90
208
 90
3
 90
208
 90
241
 90
209
 90
3
 90
241
 90
242
 90
209
 90
3
 90
209
 90
242
 90
210
 90
3
 90
242
 90
243
 90
210
 90
3
 90
210
 90
243
 90
211
 90
3
 90
243
 90
244
 90
211
 90
3
 90
211
 90
244
 90
212
 90
3
 90
244
 90
245
 90
212
 90
3
 90
212
 90
245
 90
213
 90
3
 90
245
 90
246
 90
213
 90
3
 90
213
 90
246
 90
214
 90
3
 90
246
 90
247
 90
214
 90
3
 90
214
 90
247
 90
215
 90
3
 90
247
 90
248
 90
215
 90
3
 90
215
 90
248
 90
216
 90
3
 90
248
 90
249
 90
216
 90
3
 90
216
 90
249
 90
217
 90
3
 90
249
 90
250
 90
217
 90
3
 90
217
 90
250
 90
218
 90
3
 90
250
 90
251
 90
218
 90
3
 90
218
 90
251
 90
219
 90
3
 90
251
 90
252
 90
219
 90
3
 90
219
 90
252
 90
220
 90
3
 90
252
 90
253
 90
220
 90
3
 90
220
 90
253
 90
221
 90
3
 90
253
 90
254
 90
221
 90
3
 90
221
 90
254
 90
222
 90
3
 90
255
 90
240
 90
223
 90
3
 90
223
 90
240
 90
208
 90
3
 90
254
 90
255
 90
222
 90
3
 90
222
 90
255
 90
223
 90
3
 90
258
 90
259
 90
256
 90
3
 90
257
 90
258
 90
256
 90
3
 90
260
 90
263
 90
262
 90
3
 90
260
 90
262
 90
261
 90
3
 90
260
 90
261
 90
256
 90
3
 90
256
 90
261
 90
257
 90
3
 90
261
 90
262
 90
257
 90
3
 90
257
 90
262
 90
258
 90
3
 90
263
 90
260
 90
259
 90
3
 90
259
 90
260
 90
256
 90
3
 90
262
 90
263
 90
258
 90
3
 90
258
 90
263
 90
259
 90
3
 90
266
 90
267
 90
264
 90
3
 90
265
 90
266
 90
264
 90
3
 90
268
 90
271
 90
270
 90
3
 90
268
 90
270
 90
269
 90
3
 90
268
 90
269
 90
264
 90
3
 90
264
 90
269
 90
265
 90
3
 90
269
 90
270
 90
265
 90
3
 90
265
 90
270
 90
266
 90
3
 90
271
 90
268
 90
267
 90
3
 90
267
 90
268
 90
264
 90
3
 90
270
 90
271
 90
266
 90
3
 90
266
 90
271
 90
267
 94
0
 95
0
 90
0
  0
MESH
  5
9C
330
17
100
AcDbEntity
  8
3D-LABEL
100
AcDbSubDMesh
 71
2
 72
0
 91
0
 92
318
 10
19.5
 20
72.0
 30
97.5
 10
19.85
 20
72.0
 30
97.5
 10
19.85
 20
72.0
 30
112.5
 10
19.5
 20
72.0
 30
112.5
 10
19.747487373415293
 20
72.2474873734153
 30
97.5
 10
19.747487373415293
 20
72.2474873734153
 30
112.5
 10
19.5
 20
72.35
 30
97.5
 10
19.5
 20
72.35
 30
112.5
 10
19.252512626584707
 20
72.2474873734153
 30
97.5
 10
19.252512626584707
 20
72.2474873734153
 30
112.5
 10
19.15
 20
72.0
 30
97.5
 10
19.15
 20
72.0
 30
112.5
 10
19.252512626584707
 20
71.7525126265847
 30
97.5
 10
19.252512626584707
 20
71.7525126265847
 30
112.5
 10
19.5
 20
71.65
 30
97.5
 10
19.5
 20
71.65
 30
112.5
 10
19.747487373415293
 20
71.7525126265847
 30
97.5
 10
19.747487373415293
 20
71.7525126265847
 30
112.5
 10
100.5
 20
72.0
 30
97.5
 10
100.85
 20
72.0
 30
97.5
 10
100.85
 20
72.0
 30
112.5
 10
100.5
 20
72.0
 30
112.5
 10
100.7474873734153
 20
72.2474873734153
 30
97.5
 10
100.7474873734153
 20
72.2474873734153
 30
112.5
 10
100.5
 20
72.35
 30
97.5
 10
100.5
 20
72.35
 30
112.5
 10
100.2525126265847
 20
72.2474873734153
 30
97.5
 10
100.2525126265847
 20
72.2474873734153
 30
112.5
 10
100.15
 20
72.0
 30
97.5
 10
100.15
 20
72.0
 30
112.5
 10
100.2525126265847
 20
71.7525126265847
 30
97.5
 10
100.2525126265847
 20
71.7525126265847
 30
112.5
 10
100.5
 20
71.65
 30
97.5
 10
100.5
 20
71.65
 30
112.5
 10
100.7474873734153
 20
71.7525126265847
 30
97.5
 10
100.7474873734153
 20
71.7525126265847
 30
112.5
 10
19.5
 20
72.0
 30
110.0
 10
19.5
 20
72.0
 30
109.65
 10
100.5
 20
72.0
 30
109.65
 10
100.5
 20
72.0
 30
110.0
 10
19.5
 20
72.2474873734153
 30
109.7525126265847
 10
100.5
 20
72.2474873734153
 30
109.7525126265847
 10
19.5
 20
72.35
 30
110.0
 10
100.5
 20
72.35
 30
110.0
 10
19.5
 20
72.2474873734153
 30
110.2474873734153
 10
100.5
 20
72.2474873734153
 30
110.2474873734153
 10
19.5
 20
72.0
 30
110.35
 10
100.5
 20
72.0
 30
110.35
 10
19.5
 20
71.7525126265847
 30
110.2474873734153
 10
100.5
 20
71.7525126265847
 30
110.2474873734153
 10
19.5
 20
71.65
 30
110.0
 10
100.5
 20
71.65
 30
110.0
 10
19.5
 20
71.7525126265847
 30
109.7525126265847
 10
100.5
 20
71.7525126265847
 30
109.7525126265847
 10
23.5
 20
72.0
 30
110.0
 10
23.5
 20
72.0
 30
111.4
 10
19.5
 20
72.0
 30
110.0
 10
23.5
 20
72.53575680531112
 30
111.2934313455158
 10
23.5
 20
72.98994949366117
 30
110.98994949366117
 10
23.5
 20
73.2934313455158
 30
110.53575680531112
 10
23.5
 20
73.4
 30
110.0
 10
23.5
 20
73.2934313455158
 30
109.46424319468888
 10
23.5
 20
72.98994949366117
 30
109.01005050633883
 10
23.5
 20
72.53575680531112
 30
108.7065686544842
 10
23.5
 20
72.0
 30
108.6
 10
23.5
 20
71.46424319468888
 30
108.7065686544842
 10
23.5
 20
71.01005050633883
 30
109.01005050633883
 10
23.5
 20
70.7065686544842
 30
109.46424319468888
 10
23.5
 20
70.6
 30
110.0
 10
23.5
 20
70.7065686544842
 30
110.53575680531112
 10
23.5
 20
71.01005050633883
 30
110.98994949366117
 10
23.5
 20
71.46424319468888
 30
111.2934313455158
 10
96.5
 20
72.0
 30
110.0
 10
96.5
 20
72.0
 30
108.6
 10
100.5
 20
72.0
 30
110.0
 10
96.5
 20
72.53575680531112
 30
108.7065686544842
 10
96.5
 20
72.98994949366117
 30
109.01005050633883
 10
96.5
 20
73.2934313455158
 30
109.46424319468888
 10
96.5
 20
73.4
 30
110.0
 10
96.5
 20
73.2934313455158
 30
110.53575680531112
 10
96.5
 20
72.98994949366117
 30
110.98994949366117
 10
96.5
 20
72.53575680531112
 30
111.2934313455158
 10
96.5
 20
72.0
 30
111.4
 10
96.5
 20
71.46424319468888
 30
111.2934313455158
 10
96.5
 20
71.01005050633883
 30
110.98994949366117
 10
96.5
 20
70.7065686544842
 30
110.53575680531112
 10
96.5
 20
70.6
 30
110.0
 10
96.5
 20
70.7065686544842
 30
109.46424319468888
 10
96.5
 20
71.01005050633883
 30
109.01005050633883
 10
96.5
 20
71.46424319468888
 30
108.7065686544842
 10
54.27994255829904
 20
72.2
 30
116.22158993484226
 10
54.008809156378604
 20
72.2
 30
116.23954046639231
 10
53.496817129629626
 20
72.2
 30
116.15943287037037
 10
53.111818415637856
 20
72.2
 30
115.91911008230453
 10
52.85729595336077
 20
72.2
 30
115.52232295953361
 10
52.736732681755825
 20
72.2
 30
114.97067901234568
 10
52.966606652949245
 20
72.2
 30
115.11401534636488
 10
53.214699074074076
 20
72.2
 30
115.21609224965707
 10
53.48476080246913
 20
72.2
 30
115.2779813957476
 10
53.7783993484225
 20
72.2
 30
115.29861111111111
 10
54.470700445816185
 20
72.2
 30
115.18635330932784
 10
55.01511059670782
 20
72.2
 30
114.84957990397805
 10
55.36795910493827
 20
72.2
 30
114.33196159122085
 10
55.48557527434842
 20
72.2
 30
113.67502572016461
 10
55.354027349108364
 20
72.2
 30
112.95111025377228
 10
54.9593835733882
 20
72.2
 30
112.38687414266118
 10
54.34451088820302
 20
72.2
 30
112.0235768175583
 10
53.550132887517144
 20
72.2
 30
111.90247770919068
 10
52.68582818930041
 20
72.2
 30
112.06697959533608
 10
52.04121656378601
 20
72.2
 30
112.56048525377228
 10
51.640946502057616
 20
72.2
 30
113.35700660150891
 10
51.507523148148145
 20
72.2
 30
114.4284122085048
 10
51.663719564471876
 20
72.2
 30
115.53464720507544
 10
52.132308813443075
 20
72.2
 30
116.37564300411523
 10
52.87283521947874
 20
72.2
 30
116.90692515432099
 10
53.84484310699588
 20
72.2
 30
117.08401920438958
 10
54.18483153292181
 20
72.2
 30
117.07062328532236
 10
54.51463906035665
 20
72.2
 30
117.03043552812072
 10
54.837748628257884
 20
72.2
 30
116.96345593278464
 10
55.15764317558299
 20
72.2
 30
116.86968449931413
 10
55.15764317558299
 20
72.2
 30
115.94483024691358
 10
54.84846536351166
 20
72.2
 30
116.07611025377228
 10
54.55750600137174
 20
72.2
 30
116.16773834019205
 10
52.88676697530864
 20
72.2
 30
113.5903635116598
 10
52.929098079561044
 20
72.2
 30
113.20670438957475
 10
53.056091392318244
 20
72.2
 30
112.9323559670782
 10
53.26774691358025
 20
72.2
 30
112.76838991769547
 10
53.56406464334705
 20
72.2
 30
112.71373456790124
 10
53.86198988340192
 20
72.2
 30
112.76838991769547
 10
54.074181241426615
 20
72.2
 30
112.9323559670782
 10
54.201174554183815
 20
72.2
 30
113.20670438957475
 10
54.24350565843621
 20
72.2
 30
113.5903635116598
 10
54.201174554183815
 20
72.2
 30
113.97455847050755
 10
54.074181241426615
 20
72.2
 30
114.24837105624142
 10
53.86198988340192
 20
72.2
 30
114.41314086076818
 10
53.56406464334705
 20
72.2
 30
114.46806412894375
 10
53.26774691358025
 20
72.2
 30
114.41314086076818
 10
53.056091392318244
 20
72.2
 30
114.24837105624142
 10
52.929098079561044
 20
72.2
 30
113.97455847050755
 10
54.27994255829904
 20
71.8
 30
116.22158993484226
 10
54.008809156378604
 20
71.8
 30
116.23954046639231
 10
53.496817129629626
 20
71.8
 30
116.15943287037037
 10
53.111818415637856
 20
71.8
 30
115.91911008230453
 10
52.85729595336077
 20
71.8
 30
115.52232295953361
 10
52.736732681755825
 20
71.8
 30
114.97067901234568
 10
52.966606652949245
 20
71.8
 30
115.11401534636488
 10
53.214699074074076
 20
71.8
 30
115.21609224965707
 10
53.48476080246913
 20
71.8
 30
115.2779813957476
 10
53.7783993484225
 20
71.8
 30
115.29861111111111
 10
54.470700445816185
 20
71.8
 30
115.18635330932784
 10
55.01511059670782
 20
71.8
 30
114.84957990397805
 10
55.36795910493827
 20
71.8
 30
114.33196159122085
 10
55.48557527434842
 20
71.8
 30
113.67502572016461
 10
55.354027349108364
 20
71.8
 30
112.95111025377228
 10
54.9593835733882
 20
71.8
 30
112.38687414266118
 10
54.34451088820302
 20
71.8
 30
112.0235768175583
 10
53.550132887517144
 20
71.8
 30
111.90247770919068
 10
52.68582818930041
 20
71.8
 30
112.06697959533608
 10
52.04121656378601
 20
71.8
 30
112.56048525377228
 10
51.640946502057616
 20
71.8
 30
113.35700660150891
 10
51.507523148148145
 20
71.8
 30
114.4284122085048
 10
51.663719564471876
 20
71.8
 30
115.53464720507544
 10
52.132308813443075
 20
71.8
 30
116.37564300411523
 10
52.87283521947874
 20
71.8
 30
116.90692515432099
 10
53.84484310699588
 20
71.8
 30
117.08401920438958
 10
54.18483153292181
 20
71.8
 30
117.07062328532236
 10
54.51463906035665
 20
71.8
 30
117.03043552812072
 10
54.837748628257884
 20
71.8
 30
116.96345593278464
 10
55.15764317558299
 20
71.8
 30
116.86968449931413
 10
55.15764317558299
 20
71.8
 30
115.94483024691358
 10
54.84846536351166
 20
71.8
 30
116.07611025377228
 10
54.55750600137174
 20
71.8
 30
116.16773834019205
 10
52.88676697530864
 20
71.8
 30
113.5903635116598
 10
52.929098079561044
 20
71.8
 30
113.20670438957475
 10
53.056091392318244
 20
71.8
 30
112.9323559670782
 10
53.26774691358025
 20
71.8
 30
112.76838991769547
 10
53.56406464334705
 20
71.8
 30
112.71373456790124
 10
53.86198988340192
 20
71.8
 30
112.76838991769547
 10
54.074181241426615
 20
71.8
 30
112.9323559670782
 10
54.201174554183815
 20
71.8
 30
113.20670438957475
 10
54.24350565843621
 20
71.8
 30
113.5903635116598
 10
54.201174554183815
 20
71.8
 30
113.97455847050755
 10
54.074181241426615
 20
71.8
 30
114.24837105624142
 10
53.86198988340192
 20
71.8
 30
114.41314086076818
 10
53.56406464334705
 20
71.8
 30
114.46806412894375
 10
53.26774691358025
 20
71.8
 30
114.41314086076818
 10
53.056091392318244
 20
71.8
 30
114.24837105624142
 10
52.929098079561044
 20
71.8
 30
113.97455847050755
 10
56.50688014403292
 20
72.2
 30
117.00042866941016
 10
57.30099022633745
 20
72.2
 30
117.00042866941016
 10
57.30099022633745
 20
72.2
 30
115.14107510288066
 10
56.50688014403292
 20
72.2
 30
115.14107510288066
 10
56.50688014403292
 20
71.8
 30
117.00042866941016
 10
57.30099022633745
 20
71.8
 30
117.00042866941016
 10
57.30099022633745
 20
71.8
 30
115.14107510288066
 10
56.50688014403292
 20
71.8
 30
115.14107510288066
 10
58.32551011659808
 20
72.2
 30
113.4874828532236
 10
58.32551011659808
 20
72.2
 30
114.4616340877915
 10
60.4281335733882
 20
72.2
 30
114.4616340877915
 10
60.4281335733882
 20
72.2
 30
113.4874828532236
 10
58.32551011659808
 20
71.8
 30
113.4874828532236
 10
58.32551011659808
 20
71.8
 30
114.4616340877915
 10
60.4281335733882
 20
71.8
 30
114.4616340877915
 10
60.4281335733882
 20
71.8
 30
113.4874828532236
 10
62.075295781893004
 20
72.2
 30
112.81875857338821
 10
62.35527049039781
 20
72.2
 30
112.764906978738
 10
62.63149434156379
 20
72.2
 30
112.74695644718793
 10
63.14429012345679
 20
72.2
 30
112.82679612482853
 10
63.5295567558299
 20
72.2
 30
113.06631515775034
 10
63.78488297325103
 20
72.2
 30
113.46390603566529
 10
63.90785751028807
 20
72.2
 30
114.01581790123457
 10
63.67289308984911
 20
72.2
 30
113.86953446502058
 10
63.42238940329218
 20
72.2
 30
113.76504629629629
 10
63.1533993484225
 20
72.2
 30
113.70235339506173
 10
62.86297582304527
 20
72.2
 30
113.68145576131687
 10
62.169870970507546
 20
72.2
 30
113.79317772633745
 10
61.62519290123457
 20
72.2
 30
114.12834362139918
 10
61.27234439300412
 20
72.2
 30
114.64596193415638
 10
61.15472822359396
 20
72.2
 30
115.30504115226337
 10
61.28574031207133
 20
72.2
 30
116.03243955761317
 10
61.67877657750343
 20
72.2
 30
116.5985510973937
 10
62.29204175240055
 20
72.2
 30
116.9626521776406
 10
63.083740569272976
 20
72.2
 30
117.08401920438958
 10
63.951528206447186
 20
72.2
 30
116.91898148148148
 10
64.598015260631
 20
72.2
 30
116.42386831275721
 10
64.99989283264746
 20
72.2
 30
115.62815072016461
 10
65.13385202331962
 20
72.2
 30
114.55915637860082
 10
64.9771197702332
 20
72.2
 30
113.45211762688615
 10
64.50692301097394
 20
72.2
 30
112.61085390946502
 10
63.764521176268865
 20
72.2
 30
112.07957175925925
 10
62.78903034979424
 20
72.2
 30
111.90247770919068
 10
62.445023148148145
 20
72.2
 30
111.91560570987654
 10
62.11601937585734
 20
72.2
 30
111.95498971193416
 10
61.79800025720164
 20
72.2
 30
112.01955804183814
 10
61.4869470164609
 20
72.2
 30
112.11038237311385
 10
61.4869470164609
 20
72.2
 30
113.0352366255144
 10
61.787819358710564
 20
72.2
 30
112.90877914951989
 10
63.714152520576135
 20
72.2
 30
115.01167052469135
 10
63.75675154320987
 20
72.2
 30
115.39613340192044
 10
63.714152520576135
 20
72.2
 30
115.77764917695474
 10
63.586355452674894
 20
72.2
 30
116.0519975994513
 10
63.373896176268865
 20
72.2
 30
116.21837491426612
 10
63.07731052812071
 20
72.2
 30
116.27383401920439
 10
62.78072487997257
 20
72.2
 30
116.21837491426612
 10
62.56826560356653
 20
72.2
 30
116.0519975994513
 10
62.440468535665296
 20
72.2
 30
115.77764917695474
 10
62.39786951303155
 20
72.2
 30
115.39613340192044
 10
62.440468535665296
 20
72.2
 30
115.01167052469135
 10
62.56826560356653
 20
72.2
 30
114.73705418381344
 10
62.78072487997257
 20
72.2
 30
114.57308813443073
 10
63.07731052812071
 20
72.2
 30
114.51843278463649
 10
63.373896176268865
 20
72.2
 30
114.57308813443073
 10
63.586355452674894
 20
72.2
 30
114.73705418381344
 10
62.075295781893004
 20
71.8
 30
112.81875857338821
 10
62.35527049039781
 20
71.8
 30
112.764906978738
 10
62.63149434156379
 20
71.8
 30
112.74695644718793
 10
63.14429012345679
 20
71.8
 30
112.82679612482853
 10
63.5295567558299
 20
71.8
 30
113.06631515775034
 10
63.78488297325103
 20
71.8
 30
113.46390603566529
 10
63.90785751028807
 20
71.8
 30
114.01581790123457
 10
63.67289308984911
 20
71.8
 30
113.86953446502058
 10
63.42238940329218
 20
71.8
 30
113.76504629629629
 10
63.1533993484225
 20
71.8
 30
113.70235339506173
 10
62.86297582304527
 20
71.8
 30
113.68145576131687
 10
62.169870970507546
 20
71.8
 30
113.79317772633745
 10
61.62519290123457
 20
71.8
 30
114.12834362139918
 10
61.27234439300412
 20
71.8
 30
114.64596193415638
 10
61.15472822359396
 20
71.8
 30
115.30504115226337
 10
61.28574031207133
 20
71.8
 30
116.03243955761317
 10
61.67877657750343
 20
71.8
 30
116.5985510973937
 10
62.29204175240055
 20
71.8
 30
116.9626521776406
 10
63.083740569272976
 20
71.8
 30
117.08401920438958
 10
63.951528206447186
 20
71.8
 30
116.91898148148148
 10
64.598015260631
 20
71.8
 30
116.42386831275721
 10
64.99989283264746
 20
71.8
 30
115.62815072016461
 10
65.13385202331962
 20
71.8
 30
114.55915637860082
 10
64.9771197702332
 20
71.8
 30
113.45211762688615
 10
64.50692301097394
 20
71.8
 30
112.61085390946502
 10
63.764521176268865
 20
71.8
 30
112.07957175925925
 10
62.78903034979424
 20
71.8
 30
111.90247770919068
 10
62.445023148148145
 20
71.8
 30
111.91560570987654
 10
62.11601937585734
 20
71.8
 30
111.95498971193416
 10
61.79800025720164
 20
71.8
 30
112.01955804183814
 10
61.4869470164609
 20
71.8
 30
112.11038237311385
 10
61.4869470164609
 20
71.8
 30
113.0352366255144
 10
61.787819358710564
 20
71.8
 30
112.90877914951989
 10
63.714152520576135
 20
71.8
 30
115.01167052469135
 10
63.75675154320987
 20
71.8
 30
115.39613340192044
 10
63.714152520576135
 20
71.8
 30
115.77764917695474
 10
63.586355452674894
 20
71.8
 30
116.0519975994513
 10
63.373896176268865
 20
71.8
 30
116.21837491426612
 10
63.07731052812071
 20
71.8
 30
116.27383401920439
 10
62.78072487997257
 20
71.8
 30
116.21837491426612
 10
62.56826560356653
 20
71.8
 30
116.0519975994513
 10
62.440468535665296
 20
71.8
 30
115.77764917695474
 10
62.39786951303155
 20
71.8
 30
115.39613340192044
 10
62.440468535665296
 20
71.8
 30
115.01167052469135
 10
62.56826560356653
 20
71.8
 30
114.73705418381344
 10
62.78072487997257
 20
71.8
 30
114.57308813443073
 10
63.07731052812071
 20
71.8
 30
114.51843278463649
 10
63.373896176268865
 20
71.8
 30
114.57308813443073
 10
63.586355452674894
 20
71.8
 30
114.73705418381344
 10
67.69836676954732
 20
72.2
 30
115.14107510288066
 10
67.69836676954732
 20
72.2
 30
117.00042866941016
 10
68.49247685185185
 20
72.2
 30
117.00042866941016
 10
68.49247685185185
 20
72.2
 30
115.14107510288066
 10
67.69836676954732
 20
71.8
 30
115.14107510288066
 10
67.69836676954732
 20
71.8
 30
117.00042866941016
 10
68.49247685185185
 20
71.8
 30
117.00042866941016
 10
68.49247685185185
 20
71.8
 30
115.14107510288066
 10
66.22481567215364
 20
72.2
 30
115.14107510288066
 10
66.22481567215364
 20
72.2
 30
117.00042866941016
 10
67.01892575445817
 20
72.2
 30
117.00042866941016
 10
67.01892575445817
 20
72.2
 30
115.14107510288066
 10
66.22481567215364
 20
71.8
 30
115.14107510288066
 10
66.22481567215364
 20
71.8
 30
117.00042866941016
 10
67.01892575445817
 20
71.8
 30
117.00042866941016
 10
67.01892575445817
 20
71.8
 30
115.14107510288066
 93
2400
 90
3
 90
1
 90
0
 90
4
 90
3
 90
1
 90
4
 90
2
 90
3
 90
2
 90
4
 90
5
 90
3
 90
2
 90
5
 90
3
 90
3
 90
4
 90
0
 90
6
 90
3
 90
4
 90
6
 90
5
 90
3
 90
5
 90
6
 90
7
 90
3
 90
5
 90
7
 90
3
 90
3
 90
6
 90
0
 90
8
 90
3
 90
6
 90
8
 90
7
 90
3
 90
7
 90
8
 90
9
 90
3
 90
7
 90
9
 90
3
 90
3
 90
8
 90
0
 90
10
 90
3
 90
8
 90
10
 90
9
 90
3
 90
9
 90
10
 90
11
 90
3
 90
9
 90
11
 90
3
 90
3
 90
10
 90
0
 90
12
 90
3
 90
10
 90
12
 90
11
 90
3
 90
11
 90
12
 90
13
 90
3
 90
11
 90
13
 90
3
 90
3
 90
12
 90
0
 90
14
 90
3
 90
12
 90
14
 90
13
 90
3
 90
13
 90
14
 90
15
 90
3
 90
13
 90
15
 90
3
 90
3
 90
14
 90
0
 90
16
 90
3
 90
14
 90
16
 90
15
 90
3
 90
15
 90
16
 90
17
 90
3
 90
15
 90
17
 90
3
 90
3
 90
16
 90
0
 90
1
 90
3
 90
16
 90
1
 90
17
 90
3
 90
17
 90
1
 90
2
 90
3
 90
17
 90
2
 90
3
 90
3
 90
19
 90
18
 90
22
 90
3
 90
19
 90
22
 90
20
 90
3
 90
20
 90
22
 90
23
 90
3
 90
20
 90
23
 90
21
 90
3
 90
22
 90
18
 90
24
 90
3
 90
22
 90
24
 90
23
 90
3
 90
23
 90
24
 90
25
 90
3
 90
23
 90
25
 90
21
 90
3
 90
24
 90
18
 90
26
 90
3
 90
24
 90
26
 90
25
 90
3
 90
25
 90
26
 90
27
 90
3
 90
25
 90
27
 90
21
 90
3
 90
26
 90
18
 90
28
 90
3
 90
26
 90
28
 90
27
 90
3
 90
27
 90
28
 90
29
 90
3
 90
27
 90
29
 90
21
 90
3
 90
28
 90
18
 90
30
 90
3
 90
28
 90
30
 90
29
 90
3
 90
29
 90
30
 90
31
 90
3
 90
29
 90
31
 90
21
 90
3
 90
30
 90
18
 90
32
 90
3
 90
30
 90
32
 90
31
 90
3
 90
31
 90
32
 90
33
 90
3
 90
31
 90
33
 90
21
 90
3
 90
32
 90
18
 90
34
 90
3
 90
32
 90
34
 90
33
 90
3
 90
33
 90
34
 90
35
 90
3
 90
33
 90
35
 90
21
 90
3
 90
34
 90
18
 90
19
 90
3
 90
34
 90
19
 90
35
 90
3
 90
35
 90
19
 90
20
 90
3
 90
35
 90
20
 90
21
 90
3
 90
37
 90
36
 90
40
 90
3
 90
37
 90
40
 90
38
 90
3
 90
38
 90
40
 90
41
 90
3
 90
38
 90
41
 90
39
 90
3
 90
40
 90
36
 90
42
 90
3
 90
40
 90
42
 90
41
 90
3
 90
41
 90
42
 90
43
 90
3
 90
41
 90
43
 90
39
 90
3
 90
42
 90
36
 90
44
 90
3
 90
42
 90
44
 90
43
 90
3
 90
43
 90
44
 90
45
 90
3
 90
43
 90
45
 90
39
 90
3
 90
44
 90
36
 90
46
 90
3
 90
44
 90
46
 90
45
 90
3
 90
45
 90
46
 90
47
 90
3
 90
45
 90
47
 90
39
 90
3
 90
46
 90
36
 90
48
 90
3
 90
46
 90
48
 90
47
 90
3
 90
47
 90
48
 90
49
 90
3
 90
47
 90
49
 90
39
 90
3
 90
48
 90
36
 90
50
 90
3
 90
48
 90
50
 90
49
 90
3
 90
49
 90
50
 90
51
 90
3
 90
49
 90
51
 90
39
 90
3
 90
50
 90
36
 90
52
 90
3
 90
50
 90
52
 90
51
 90
3
 90
51
 90
52
 90
53
 90
3
 90
51
 90
53
 90
39
 90
3
 90
52
 90
36
 90
37
 90
3
 90
52
 90
37
 90
53
 90
3
 90
53
 90
37
 90
38
 90
3
 90
53
 90
38
 90
39
 90
3
 90
55
 90
54
 90
57
 90
3
 90
55
 90
57
 90
56
 90
3
 90
57
 90
54
 90
58
 90
3
 90
57
 90
58
 90
56
 90
3
 90
58
 90
54
 90
59
 90
3
 90
58
 90
59
 90
56
 90
3
 90
59
 90
54
 90
60
 90
3
 90
59
 90
60
 90
56
 90
3
 90
60
 90
54
 90
61
 90
3
 90
60
 90
61
 90
56
 90
3
 90
61
 90
54
 90
62
 90
3
 90
61
 90
62
 90
56
 90
3
 90
62
 90
54
 90
63
 90
3
 90
62
 90
63
 90
56
 90
3
 90
63
 90
54
 90
64
 90
3
 90
63
 90
64
 90
56
 90
3
 90
64
 90
54
 90
65
 90
3
 90
64
 90
65
 90
56
 90
3
 90
65
 90
54
 90
66
 90
3
 90
65
 90
66
 90
56
 90
3
 90
66
 90
54
 90
67
 90
3
 90
66
 90
67
 90
56
 90
3
 90
67
 90
54
 90
68
 90
3
 90
67
 90
68
 90
56
 90
3
 90
68
 90
54
 90
69
 90
3
 90
68
 90
69
 90
56
 90
3
 90
69
 90
54
 90
70
 90
3
 90
69
 90
70
 90
56
 90
3
 90
70
 90
54
 90
71
 90
3
 90
70
 90
71
 90
56
 90
3
 90
71
 90
54
 90
55
 90
3
 90
71
 90
55
 90
56
 90
3
 90
73
 90
72
 90
75
 90
3
 90
73
 90
75
 90
74
 90
3
 90
75
 90
72
 90
76
 90
3
 90
75
 90
76
 90
74
 90
3
 90
76
 90
72
 90
77
 90
3
 90
76
 90
77
 90
74
 90
3
 90
77
 90
72
 90
78
 90
3
 90
77
 90
78
 90
74
 90
3
 90
78
 90
72
 90
79
 90
3
 90
78
 90
79
 90
74
 90
3
 90
79
 90
72
 90
80
 90
3
 90
79
 90
80
 90
74
 90
3
 90
80
 90
72
 90
81
 90
3
 90
80
 90
81
 90
74
 90
3
 90
81
 90
72
 90
82
 90
3
 90
81
 90
82
 90
74
 90
3
 90
82
 90
72
 90
83
 90
3
 90
82
 90
83
 90
74
 90
3
 90
83
 90
72
 90
84
 90
3
 90
83
 90
84
 90
74
 90
3
 90
84
 90
72
 90
85
 90
3
 90
84
 90
85
 90
74
 90
3
 90
85
 90
72
 90
86
 90
3
 90
85
 90
86
 90
74
 90
3
 90
86
 90
72
 90
87
 90
3
 90
86
 90
87
 90
74
 90
3
 90
87
 90
72
 90
88
 90
3
 90
87
 90
88
 90
74
 90
3
 90
88
 90
72
 90
89
 90
3
 90
88
 90
89
 90
74
 90
3
 90
89
 90
72
 90
73
 90
3
 90
89
 90
73
 90
74
 90
3
 90
138
 90
123
 90
111
 90
3
 90
137
 90
138
 90
111
 90
3
 90
136
 90
137
 90
111
 90
3
 90
135
 90
136
 90
111
 90
3
 90
111
 90
123
 90
124
 90
3
 90
110
 90
111
 90
124
 90
3
 90
109
 90
110
 90
124
 90
3
 90
108
 90
109
 90
124
 90
3
 90
106
 90
107
 90
108
 90
3
 90
105
 90
106
 90
108
 90
3
 90
104
 90
105
 90
108
 90
3
 90
103
 90
104
 90
108
 90
3
 90
101
 90
102
 90
103
 90
3
 90
100
 90
101
 90
103
 90
3
 90
99
 90
100
 90
103
 90
3
 90
98
 90
99
 90
103
 90
3
 90
97
 90
98
 90
103
 90
3
 90
96
 90
97
 90
103
 90
3
 90
95
 90
96
 90
103
 90
3
 90
119
 90
120
 90
121
 90
3
 90
118
 90
119
 90
121
 90
3
 90
117
 90
118
 90
121
 90
3
 90
116
 90
117
 90
121
 90
3
 90
115
 90
116
 90
121
 90
3
 90
114
 90
115
 90
121
 90
3
 90
112
 90
113
 90
114
 90
3
 90
111
 90
112
 90
114
 90
3
 90
108
 90
124
 90
125
 90
3
 90
114
 90
121
 90
122
 90
3
 90
108
 90
125
 90
126
 90
3
 90
114
 90
122
 90
90
 90
3
 90
108
 90
126
 90
127
 90
3
 90
114
 90
90
 90
91
 90
3
 90
108
 90
127
 90
128
 90
3
 90
103
 90
108
 90
128
 90
3
 90
114
 90
91
 90
92
 90
3
 90
103
 90
128
 90
129
 90
3
 90
114
 90
92
 90
93
 90
3
 90
111
 90
114
 90
93
 90
3
 90
103
 90
129
 90
130
 90
3
 90
111
 90
93
 90
94
 90
3
 90
103
 90
130
 90
131
 90
3
 90
111
 90
94
 90
95
 90
3
 90
135
 90
111
 90
95
 90
3
 90
134
 90
135
 90
95
 90
3
 90
103
 90
131
 90
132
 90
3
 90
134
 90
95
 90
103
 90
3
 90
133
 90
134
 90
103
 90
3
 90
132
 90
133
 90
103
 90
3
 90
160
 90
172
 90
187
 90
3
 90
160
 90
187
 90
186
 90
3
 90
160
 90
186
 90
185
 90
3
 90
160
 90
185
 90
184
 90
3
 90
173
 90
172
 90
160
 90
3
 90
173
 90
160
 90
159
 90
3
 90
173
 90
159
 90
158
 90
3
 90
173
 90
158
 90
157
 90
3
 90
157
 90
156
 90
155
 90
3
 90
157
 90
155
 90
154
 90
3
 90
157
 90
154
 90
153
 90
3
 90
157
 90
153
 90
152
 90
3
 90
152
 90
151
 90
150
 90
3
 90
152
 90
150
 90
149
 90
3
 90
152
 90
149
 90
148
 90
3
 90
152
 90
148
 90
147
 90
3
 90
152
 90
147
 90
146
 90
3
 90
152
 90
146
 90
145
 90
3
 90
152
 90
145
 90
144
 90
3
 90
170
 90
169
 90
168
 90
3
 90
170
 90
168
 90
167
 90
3
 90
170
 90
167
 90
166
 90
3
 90
170
 90
166
 90
165
 90
3
 90
170
 90
165
 90
164
 90
3
 90
170
 90
164
 90
163
 90
3
 90
163
 90
162
 90
161
 90
3
 90
163
 90
161
 90
160
 90
3
 90
174
 90
173
 90
157
 90
3
 90
171
 90
170
 90
163
 90
3
 90
175
 90
174
 90
157
 90
3
 90
139
 90
171
 90
163
 90
3
 90
176
 90
175
 90
157
 90
3
 90
140
 90
139
 90
163
 90
3
 90
177
 90
176
 90
157
 90
3
 90
177
 90
157
 90
152
 90
3
 90
141
 90
140
 90
163
 90
3
 90
178
 90
177
 90
152
 90
3
 90
142
 90
141
 90
163
 90
3
 90
142
 90
163
 90
160
 90
3
 90
179
 90
178
 90
152
 90
3
 90
143
 90
142
 90
160
 90
3
 90
180
 90
179
 90
152
 90
3
 90
144
 90
143
 90
160
 90
3
 90
144
 90
160
 90
184
 90
3
 90
144
 90
184
 90
183
 90
3
 90
181
 90
180
 90
152
 90
3
 90
152
 90
144
 90
183
 90
3
 90
152
 90
183
 90
182
 90
3
 90
152
 90
182
 90
181
 90
3
 90
139
 90
140
 90
90
 90
3
 90
90
 90
140
 90
91
 90
3
 90
140
 90
141
 90
91
 90
3
 90
91
 90
141
 90
92
 90
3
 90
141
 90
142
 90
92
 90
3
 90
92
 90
142
 90
93
 90
3
 90
142
 90
143
 90
93
 90
3
 90
93
 90
143
 90
94
 90
3
 90
143
 90
144
 90
94
 90
3
 90
94
 90
144
 90
95
 90
3
 90
144
 90
145
 90
95
 90
3
 90
95
 90
145
 90
96
 90
3
 90
145
 90
146
 90
96
 90
3
 90
96
 90
146
 90
97
 90
3
 90
146
 90
147
 90
97
 90
3
 90
97
 90
147
 90
98
 90
3
 90
147
 90
148
 90
98
 90
3
 90
98
 90
148
 90
99
 90
3
 90
148
 90
149
 90
99
 90
3
 90
99
 90
149
 90
100
 90
3
 90
149
 90
150
 90
100
 90
3
 90
100
 90
150
 90
101
 90
3
 90
150
 90
151
 90
101
 90
3
 90
101
 90
151
 90
102
 90
3
 90
151
 90
152
 90
102
 90
3
 90
102
 90
152
 90
103
 90
3
 90
152
 90
153
 90
103
 90
3
 90
103
 90
153
 90
104
 90
3
 90
153
 90
154
 90
104
 90
3
 90
104
 90
154
 90
105
 90
3
 90
154
 90
155
 90
105
 90
3
 90
105
 90
155
 90
106
 90
3
 90
155
 90
156
 90
106
 90
3
 90
106
 90
156
 90
107
 90
3
 90
156
 90
157
 90
107
 90
3
 90
107
 90
157
 90
108
 90
3
 90
157
 90
158
 90
108
 90
3
 90
108
 90
158
 90
109
 90
3
 90
158
 90
159
 90
109
 90
3
 90
109
 90
159
 90
110
 90
3
 90
159
 90
160
 90
110
 90
3
 90
110
 90
160
 90
111
 90
3
 90
160
 90
161
 90
111
 90
3
 90
111
 90
161
 90
112
 90
3
 90
161
 90
162
 90
112
 90
3
 90
112
 90
162
 90
113
 90
3
 90
162
 90
163
 90
113
 90
3
 90
113
 90
163
 90
114
 90
3
 90
163
 90
164
 90
114
 90
3
 90
114
 90
164
 90
115
 90
3
 90
164
 90
165
 90
115
 90
3
 90
115
 90
165
 90
116
 90
3
 90
165
 90
166
 90
116
 90
3
 90
116
 90
166
 90
117
 90
3
 90
166
 90
167
 90
117
 90
3
 90
117
 90
167
 90
118
 90
3
 90
167
 90
168
 90
118
 90
3
 90
118
 90
168
 90
119
 90
3
 90
168
 90
169
 90
119
 90
3
 90
119
 90
169
 90
120
 90
3
 90
169
 90
170
 90
120
 90
3
 90
120
 90
170
 90
121
 90
3
 90
171
 90
139
 90
122
 90
3
 90
122
 90
139
 90
90
 90
3
 90
170
 90
171
 90
121
 90
3
 90
121
 90
171
 90
122
 90
3
 90
172
 90
173
 90
123
 90
3
 90
123
 90
173
 90
124
 90
3
 90
173
 90
174
 90
124
 90
3
 90
124
 90
174
 90
125
 90
3
 90
174
 90
175
 90
125
 90
3
 90
125
 90
175
 90
126
 90
3
 90
175
 90
176
 90
126
 90
3
 90
126
 90
176
 90
127
 90
3
 90
176
 90
177
 90
127
 90
3
 90
127
 90
177
 90
128
 90
3
 90
177
 90
178
 90
128
 90
3
 90
128
 90
178
 90
129
 90
3
 90
178
 90
179
 90
129
 90
3
 90
129
 90
179
 90
130
 90
3
 90
179
 90
180
 90
130
 90
3
 90
130
 90
180
 90
131
 90
3
 90
180
 90
181
 90
131
 90
3
 90
131
 90
181
 90
132
 90
3
 90
181
 90
182
 90
132
 90
3
 90
132
 90
182
 90
133
 90
3
 90
182
 90
183
 90
133
 90
3
 90
133
 90
183
 90
134
 90
3
 90
183
 90
184
 90
134
 90
3
 90
134
 90
184
 90
135
 90
3
 90
184
 90
185
 90
135
 90
3
 90
135
 90
185
 90
136
 90
3
 90
185
 90
186
 90
136
 90
3
 90
136
 90
186
 90
137
 90
3
 90
187
 90
172
 90
138
 90
3
 90
138
 90
172
 90
123
 90
3
 90
186
 90
187
 90
137
 90
3
 90
137
 90
187
 90
138
 90
3
 90
190
 90
191
 90
188
 90
3
 90
189
 90
190
 90
188
 90
3
 90
192
 90
195
 90
194
 90
3
 90
192
 90
194
 90
193
 90
3
 90
192
 90
193
 90
188
 90
3
 90
188
 90
193
 90
189
 90
3
 90
193
 90
194
 90
189
 90
3
 90
189
 90
194
 90
190
 90
3
 90
195
 90
192
 90
191
 90
3
 90
191
 90
192
 90
188
 90
3
 90
194
 90
195
 90
190
 90
3
 90
190
 90
195
 90
191
 90
3
 90
198
 90
199
 90
196
 90
3
 90
197
 90
198
 90
196
 90
3
 90
200
 90
203
 90
202
 90
3
 90
200
 90
202
 90
201
 90
3
 90
200
 90
201
 90
196
 90
3
 90
196
 90
201
 90
197
 90
3
 90
201
 90
202
 90
197
 90
3
 90
197
 90
202
 90
198
 90
3
 90
203
 90
200
 90
199
 90
3
 90
199
 90
200
 90
196
 90
3
 90
202
 90
203
 90
198
 90
3
 90
198
 90
203
 90
199
 90
3
 90
245
 90
246
 90
218
 90
3
 90
244
 90
245
 90
218
 90
3
 90
243
 90
244
 90
218
 90
3
 90
218
 90
246
 90
247
 90
3
 90
217
 90
218
 90
247
 90
3
 90
216
 90
217
 90
247
 90
3
 90
215
 90
216
 90
247
 90
3
 90
214
 90
215
 90
247
 90
3
 90
212
 90
213
 90
214
 90
3
 90
211
 90
212
 90
214
 90
3
 90
210
 90
211
 90
214
 90
3
 90
234
 90
235
 90
236
 90
3
 90
233
 90
234
 90
236
 90
3
 90
232
 90
233
 90
236
 90
3
 90
231
 90
232
 90
236
 90
3
 90
230
 90
231
 90
236
 90
3
 90
229
 90
230
 90
236
 90
3
 90
227
 90
228
 90
229
 90
3
 90
226
 90
227
 90
229
 90
3
 90
225
 90
226
 90
229
 90
3
 90
224
 90
225
 90
229
 90
3
 90
222
 90
223
 90
224
 90
3
 90
221
 90
222
 90
224
 90
3
 90
220
 90
221
 90
224
 90
3
 90
218
 90
219
 90
220
 90
3
 90
243
 90
218
 90
220
 90
3
 90
242
 90
243
 90
220
 90
3
 90
241
 90
242
 90
220
 90
3
 90
214
 90
247
 90
248
 90
3
 90
229
 90
236
 90
204
 90
3
 90
241
 90
220
 90
224
 90
3
 90
240
 90
241
 90
224
 90
3
 90
239
 90
240
 90
224
 90
3
 90
238
 90
239
 90
224
 90
3
 90
237
 90
238
 90
224
 90
3
 90
252
 90
237
 90
224
 90
3
 90
214
 90
248
 90
249
 90
3
 90
210
 90
214
 90
249
 90
3
 90
229
 90
204
 90
205
 90
3
 90
210
 90
249
 90
250
 90
3
 90
229
 90
205
 90
206
 90
3
 90
210
 90
250
 90
251
 90
3
 90
229
 90
206
 90
207
 90
3
 90
210
 90
251
 90
252
 90
3
 90
229
 90
207
 90
208
 90
3
 90
210
 90
252
 90
224
 90
3
 90
209
 90
210
 90
224
 90
3
 90
229
 90
208
 90
209
 90
3
 90
224
 90
229
 90
209
 90
3
 90
267
 90
295
 90
294
 90
3
 90
267
 90
294
 90
293
 90
3
 90
267
 90
293
 90
292
 90
3
 90
296
 90
295
 90
267
 90
3
 90
296
 90
267
 90
266
 90
3
 90
296
 90
266
 90
265
 90
3
 90
296
 90
265
 90
264
 90
3
 90
296
 90
264
 90
263
 90
3
 90
263
 90
262
 90
261
 90
3
 90
263
 90
261
 90
260
 90
3
 90
263
 90
260
 90
259
 90
3
 90
285
 90
284
 90
283
 90
3
 90
285
 90
283
 90
282
 90
3
 90
285
 90
282
 90
281
 90
3
 90
285
 90
281
 90
280
 90
3
 90
285
 90
280
 90
279
 90
3
 90
285
 90
279
 90
278
 90
3
 90
278
 90
277
 90
276
 90
3
 90
278
 90
276
 90
275
 90
3
 90
278
 90
275
 90
274
 90
3
 90
278
 90
274
 90
273
 90
3
 90
273
 90
272
 90
271
 90
3
 90
273
 90
271
 90
270
 90
3
 90
273
 90
270
 90
269
 90
3
 90
269
 90
268
 90
267
 90
3
 90
269
 90
267
 90
292
 90
3
 90
269
 90
292
 90
291
 90
3
 90
269
 90
291
 90
290
 90
3
 90
297
 90
296
 90
263
 90
3
 90
253
 90
285
 90
278
 90
3
 90
273
 90
269
 90
290
 90
3
 90
273
 90
290
 90
289
 90
3
 90
273
 90
289
 90
288
 90
3
 90
273
 90
288
 90
287
 90
3
 90
273
 90
287
 90
286
 90
3
 90
273
 90
286
 90
301
 90
3
 90
298
 90
297
 90
263
 90
3
 90
298
 90
263
 90
259
 90
3
 90
254
 90
253
 90
278
 90
3
 90
299
 90
298
 90
259
 90
3
 90
255
 90
254
 90
278
 90
3
 90
300
 90
299
 90
259
 90
3
 90
256
 90
255
 90
278
 90
3
 90
301
 90
300
 90
259
 90
3
 90
257
 90
256
 90
278
 90
3
 90
273
 90
301
 90
259
 90
3
 90
273
 90
259
 90
258
 90
3
 90
258
 90
257
 90
278
 90
3
 90
258
 90
278
 90
273
 90
3
 90
253
 90
254
 90
204
 90
3
 90
204
 90
254
 90
205
 90
3
 90
254
 90
255
 90
205
 90
3
 90
205
 90
255
 90
206
 90
3
 90
255
 90
256
 90
206
 90
3
 90
206
 90
256
 90
207
 90
3
 90
256
 90
257
 90
207
 90
3
 90
207
 90
257
 90
208
 90
3
 90
257
 90
258
 90
208
 90
3
 90
208
 90
258
 90
209
 90
3
 90
258
 90
259
 90
209
 90
3
 90
209
 90
259
 90
210
 90
3
 90
259
 90
260
 90
210
 90
3
 90
210
 90
260
 90
211
 90
3
 90
260
 90
261
 90
211
 90
3
 90
211
 90
261
 90
212
 90
3
 90
261
 90
262
 90
212
 90
3
 90
212
 90
262
 90
213
 90
3
 90
262
 90
263
 90
213
 90
3
 90
213
 90
263
 90
214
 90
3
 90
263
 90
264
 90
214
 90
3
 90
214
 90
264
 90
215
 90
3
 90
264
 90
265
 90
215
 90
3
 90
215
 90
265
 90
216
 90
3
 90
265
 90
266
 90
216
 90
3
 90
216
 90
266
 90
217
 90
3
 90
266
 90
267
 90
217
 90
3
 90
217
 90
267
 90
218
 90
3
 90
267
 90
268
 90
218
 90
3
 90
218
 90
268
 90
219
 90
3
 90
268
 90
269
 90
219
 90
3
 90
219
 90
269
 90
220
 90
3
 90
269
 90
270
 90
220
 90
3
 90
220
 90
270
 90
221
 90
3
 90
270
 90
271
 90
221
 90
3
 90
221
 90
271
 90
222
 90
3
 90
271
 90
272
 90
222
 90
3
 90
222
 90
272
 90
223
 90
3
 90
272
 90
273
 90
223
 90
3
 90
223
 90
273
 90
224
 90
3
 90
273
 90
274
 90
224
 90
3
 90
224
 90
274
 90
225
 90
3
 90
274
 90
275
 90
225
 90
3
 90
225
 90
275
 90
226
 90
3
 90
275
 90
276
 90
226
 90
3
 90
226
 90
276
 90
227
 90
3
 90
276
 90
277
 90
227
 90
3
 90
227
 90
277
 90
228
 90
3
 90
277
 90
278
 90
228
 90
3
 90
228
 90
278
 90
229
 90
3
 90
278
 90
279
 90
229
 90
3
 90
229
 90
279
 90
230
 90
3
 90
279
 90
280
 90
230
 90
3
 90
230
 90
280
 90
231
 90
3
 90
280
 90
281
 90
231
 90
3
 90
231
 90
281
 90
232
 90
3
 90
281
 90
282
 90
232
 90
3
 90
232
 90
282
 90
233
 90
3
 90
282
 90
283
 90
233
 90
3
 90
233
 90
283
 90
234
 90
3
 90
283
 90
284
 90
234
 90
3
 90
234
 90
284
 90
235
 90
3
 90
285
 90
253
 90
236
 90
3
 90
236
 90
253
 90
204
 90
3
 90
284
 90
285
 90
235
 90
3
 90
235
 90
285
 90
236
 90
3
 90
286
 90
287
 90
237
 90
3
 90
237
 90
287
 90
238
 90
3
 90
287
 90
288
 90
238
 90
3
 90
238
 90
288
 90
239
 90
3
 90
288
 90
289
 90
239
 90
3
 90
239
 90
289
 90
240
 90
3
 90
289
 90
290
 90
240
 90
3
 90
240
 90
290
 90
241
 90
3
 90
290
 90
291
 90
241
 90
3
 90
241
 90
291
 90
242
 90
3
 90
291
 90
292
 90
242
 90
3
 90
242
 90
292
 90
243
 90
3
 90
292
 90
293
 90
243
 90
3
 90
243
 90
293
 90
244
 90
3
 90
293
 90
294
 90
244
 90
3
 90
244
 90
294
 90
245
 90
3
 90
294
 90
295
 90
245
 90
3
 90
245
 90
295
 90
246
 90
3
 90
295
 90
296
 90
246
 90
3
 90
246
 90
296
 90
247
 90
3
 90
296
 90
297
 90
247
 90
3
 90
247
 90
297
 90
248
 90
3
 90
297
 90
298
 90
248
 90
3
 90
248
 90
298
 90
249
 90
3
 90
298
 90
299
 90
249
 90
3
 90
249
 90
299
 90
250
 90
3
 90
299
 90
300
 90
250
 90
3
 90
250
 90
300
 90
251
 90
3
 90
301
 90
286
 90
252
 90
3
 90
252
 90
286
 90
237
 90
3
 90
300
 90
301
 90
251
 90
3
 90
251
 90
301
 90
252
 90
3
 90
304
 90
305
 90
302
 90
3
 90
303
 90
304
 90
302
 90
3
 90
306
 90
309
 90
308
 90
3
 90
306
 90
308
 90
307
 90
3
 90
306
 90
307
 90
302
 90
3
 90
302
 90
307
 90
303
 90
3
 90
307
 90
308
 90
303
 90
3
 90
303
 90
308
 90
304
 90
3
 90
309
 90
306
 90
305
 90
3
 90
305
 90
306
 90
302
 90
3
 90
308
 90
309
 90
304
 90
3
 90
304
 90
309
 90
305
 90
3
 90
312
 90
313
 90
310
 90
3
 90
311
 90
312
 90
310
 90
3
 90
314
 90
317
 90
316
 90
3
 90
314
 90
316
 90
315
 90
3
 90
314
 90
315
 90
310
 90
3
 90
310
 90
315
 90
311
 90
3
 90
315
 90
316
 90
311
 90
3
 90
311
 90
316
 90
312
 90
3
 90
317
 90
314
 90
313
 90
3
 90
313
 90
314
 90
310
 90
3
 90
316
 90
317
 90
312
 90
3
 90
312
 90
317
 90
313
 94
0
 95
0
 90
0
  0
MESH
  5
9D
330
17
100
AcDbEntity
  8
3D-LABEL
100
AcDbSubDMesh
 71
2
 72
0
 91
0
 92
314
 10
18.0
 20
72.0
 30
0.0
 10
18.0
 20
72.0
 30
0.35
 10
-22.5
 20
72.0
 30
0.35
 10
-22.5
 20
72.0
 30
0.0
 10
18.0
 20
72.2474873734153
 30
0.24748737341529164
 10
-22.5
 20
72.2474873734153
 30
0.24748737341529164
 10
18.0
 20
72.35
 30
2.143131898507868e-17
 10
-22.5
 20
72.35
 30
2.143131898507868e-17
 10
18.0
 20
72.2474873734153
 30
-0.2474873734152916
 10
-22.5
 20
72.2474873734153
 30
-0.2474873734152916
 10
18.0
 20
72.0
 30
-0.35
 10
-22.5
 20
72.0
 30
-0.35
 10
18.0
 20
71.7525126265847
 30
-0.24748737341529167
 10
-22.5
 20
71.7525126265847
 30
-0.24748737341529167
 10
18.0
 20
71.65
 30
-6.429395695523604e-17
 10
-22.5
 20
71.65
 30
-6.429395695523604e-17
 10
18.0
 20
71.7525126265847
 30
0.24748737341529156
 10
-22.5
 20
71.7525126265847
 30
0.24748737341529156
 10
18.0
 20
72.0
 30
96.0
 10
18.0
 20
72.0
 30
96.35
 10
-22.5
 20
72.0
 30
96.35
 10
-22.5
 20
72.0
 30
96.0
 10
18.0
 20
72.2474873734153
 30
96.2474873734153
 10
-22.5
 20
72.2474873734153
 30
96.2474873734153
 10
18.0
 20
72.35
 30
96.0
 10
-22.5
 20
72.35
 30
96.0
 10
18.0
 20
72.2474873734153
 30
95.7525126265847
 10
-22.5
 20
72.2474873734153
 30
95.7525126265847
 10
18.0
 20
72.0
 30
95.65
 10
-22.5
 20
72.0
 30
95.65
 10
18.0
 20
71.7525126265847
 30
95.7525126265847
 10
-22.5
 20
71.7525126265847
 30
95.7525126265847
 10
18.0
 20
71.65
 30
96.0
 10
-22.5
 20
71.65
 30
96.0
 10
18.0
 20
71.7525126265847
 30
96.2474873734153
 10
-22.5
 20
71.7525126265847
 30
96.2474873734153
 10
-20.0
 20
72.0
 30
0.0
 10
-19.65
 20
72.0
 30
0.0
 10
-19.65
 20
72.0
 30
96.0
 10
-20.0
 20
72.0
 30
96.0
 10
-19.752512626584707
 20
72.2474873734153
 30
0.0
 10
-19.752512626584707
 20
72.2474873734153
 30
96.0
 10
-20.0
 20
72.35
 30
0.0
 10
-20.0
 20
72.35
 30
96.0
 10
-20.247487373415293
 20
72.2474873734153
 30
0.0
 10
-20.247487373415293
 20
72.2474873734153
 30
96.0
 10
-20.35
 20
72.0
 30
0.0
 10
-20.35
 20
72.0
 30
96.0
 10
-20.247487373415293
 20
71.7525126265847
 30
0.0
 10
-20.247487373415293
 20
71.7525126265847
 30
96.0
 10
-20.0
 20
71.65
 30
0.0
 10
-20.0
 20
71.65
 30
96.0
 10
-19.752512626584707
 20
71.7525126265847
 30
0.0
 10
-19.752512626584707
 20
71.7525126265847
 30
96.0
 10
-20.0
 20
72.0
 30
4.0
 10
-21.4
 20
72.0
 30
4.0
 10
-20.0
 20
72.0
 30
0.0
 10
-21.293431345515803
 20
72.53575680531112
 30
4.0
 10
-20.989949493661168
 20
72.98994949366117
 30
4.0
 10
-20.535756805311127
 20
73.2934313455158
 30
4.0
 10
-20.0
 20
73.4
 30
4.0
 10
-19.464243194688873
 20
73.2934313455158
 30
4.0
 10
-19.010050506338835
 20
72.98994949366117
 30
4.0
 10
-18.706568654484197
 20
72.53575680531112
 30
4.0
 10
-18.6
 20
72.0
 30
4.0
 10
-18.706568654484197
 20
71.46424319468888
 30
4.0
 10
-19.010050506338832
 20
71.01005050633883
 30
4.0
 10
-19.464243194688873
 20
70.7065686544842
 30
4.0
 10
-20.0
 20
70.6
 30
4.0
 10
-20.535756805311127
 20
70.7065686544842
 30
4.0
 10
-20.989949493661165
 20
71.01005050633883
 30
4.0
 10
-21.293431345515803
 20
71.46424319468888
 30
4.0
 10
-20.0
 20
72.0
 30
92.0
 10
-18.6
 20
72.0
 30
92.0
 10
-20.0
 20
72.0
 30
96.0
 10
-18.706568654484197
 20
72.53575680531112
 30
92.0
 10
-19.010050506338832
 20
72.98994949366117
 30
92.0
 10
-19.464243194688873
 20
73.2934313455158
 30
92.0
 10
-20.0
 20
73.4
 30
92.0
 10
-20.535756805311127
 20
73.2934313455158
 30
92.0
 10
-20.989949493661165
 20
72.98994949366117
 30
92.0
 10
-21.293431345515803
 20
72.53575680531112
 30
92.0
 10
-21.4
 20
72.0
 30
92.0
 10
-21.293431345515803
 20
71.46424319468888
 30
92.0
 10
-20.989949493661168
 20
71.01005050633883
 30
92.0
 10
-20.535756805311127
 20
70.7065686544842
 30
92.0
 10
-20.0
 20
70.6
 30
92.0
 10
-19.464243194688873
 20
70.7065686544842
 30
92.0
 10
-19.010050506338835
 20
71.01005050633883
 30
92.0
 10
-18.706568654484197
 20
71.46424319468888
 30
92.0
 10
-39.76311728395062
 20
72.2
 30
49.851798268175585
 10
-39.409465020576135
 20
72.2
 30
50.258230452674894
 10
-38.82647462277092
 20
72.2
 30
50.507394547325106
 10
-38.022719478738
 20
72.2
 30
50.59044924554184
 10
-37.22405478395062
 20
72.2
 30
50.50793038408779
 10
-36.6434756515775
 20
72.2
 30
50.26037379972565
 10
-36.289019633058984
 20
72.2
 30
49.85394161522634
 10
-36.17086762688615
 20
72.2
 30
49.29479595336077
 10
-36.22900591563786
 20
72.2
 30
48.904438871742116
 10
-36.403420781893004
 20
72.2
 30
48.58427640603566
 10
-36.69170096021948
 20
72.2
 30
48.336719821673526
 10
-37.09143518518519
 20
72.2
 30
48.16203703703704
 10
-36.644815243484224
 20
72.2
 30
47.97770919067215
 10
-36.32304526748972
 20
72.2
 30
47.70550411522634
 10
-36.128536522633745
 20
72.2
 30
47.347833076131685
 10
-36.06370027434842
 20
72.2
 30
46.9071073388203
 10
-36.18721064814815
 20
72.2
 30
46.254190243484224
 10
-36.55774176954733
 20
72.2
 30
45.78292181069959
 10
-37.17100694444444
 20
72.2
 30
45.4975887345679
 10
-38.022719478738
 20
72.2
 30
45.40247770919067
 10
-38.87764703360769
 20
72.2
 30
45.4975887345679
 10
-39.49412722908093
 20
72.2
 30
45.78292181069959
 10
-39.867069615912214
 20
72.2
 30
46.254190243484224
 10
-39.991383744855966
 20
72.2
 30
46.9071073388203
 10
-39.92654749657065
 20
72.2
 30
47.347833076131685
 10
-39.73203875171468
 20
72.2
 30
47.70550411522634
 10
-39.41026877572017
 20
72.2
 30
47.97770919067215
 10
-38.96364883401921
 20
72.2
 30
48.16203703703704
 10
-39.36311514060357
 20
72.2
 30
48.336719821673526
 10
-39.65059156378601
 20
72.2
 30
48.58427640603566
 10
-39.82339891975309
 20
72.2
 30
48.904438871742116
 10
-39.881001371742116
 20
72.2
 30
49.29479595336077
 10
-38.724397719478745
 20
72.2
 30
46.64803026406036
 10
-38.57891803840878
 20
72.2
 30
46.40877914951989
 10
-38.34234610768176
 20
72.2
 30
46.262495713305896
 10
-38.022719478738
 20
72.2
 30
46.213734567901234
 10
-37.70577203360769
 20
72.2
 30
46.262495713305896
 10
-37.47295096021948
 20
72.2
 30
46.40877914951989
 10
-37.32988254458162
 20
72.2
 30
46.64803026406036
 10
-37.282193072702334
 20
72.2
 30
46.97355109739369
 10
-37.32988254458162
 20
72.2
 30
47.301483196159126
 10
-37.47295096021948
 20
72.2
 30
47.541538065843625
 10
-37.70577203360769
 20
72.2
 30
47.68862525720164
 10
-38.022719478738
 20
72.2
 30
47.73765432098765
 10
-38.34234610768176
 20
72.2
 30
47.688089420438956
 10
-38.57891803840878
 20
72.2
 30
47.53939471879287
 10
-38.724397719478745
 20
72.2
 30
47.29933984910837
 10
-38.77289094650206
 20
72.2
 30
46.97355109739369
 10
-38.022719478738
 20
72.2
 30
48.54462448559671
 10
-37.75587277091907
 20
72.2
 30
48.58481224279836
 10
-37.55761316872428
 20
72.2
 30
48.70537551440329
 10
-37.43383487654321
 20
72.2
 30
48.900420096021946
 10
-37.39257544581619
 20
72.2
 30
49.164051783264746
 10
-37.43383487654321
 20
72.2
 30
49.42714763374486
 10
-37.55761316872428
 20
72.2
 30
49.620584705075444
 10
-37.75587277091907
 20
72.2
 30
49.740344221536354
 10
-38.022719478738
 20
72.2
 30
49.78026406035665
 10
-38.294924554183815
 20
72.2
 30
49.74007630315501
 10
-38.49639917695474
 20
72.2
 30
49.61951303155007
 10
-38.62098122427984
 20
72.2
 30
49.425272205075444
 10
-38.66250857338821
 20
72.2
 30
49.164051783264746
 10
-38.62098122427984
 20
72.2
 30
48.900420096021946
 10
-38.49639917695474
 20
72.2
 30
48.70537551440329
 10
-38.294924554183815
 20
72.2
 30
48.58481224279836
 10
-39.76311728395062
 20
71.8
 30
49.851798268175585
 10
-39.409465020576135
 20
71.8
 30
50.258230452674894
 10
-38.82647462277092
 20
71.8
 30
50.507394547325106
 10
-38.022719478738
 20
71.8
 30
50.59044924554184
 10
-37.22405478395062
 20
71.8
 30
50.50793038408779
 10
-36.6434756515775
 20
71.8
 30
50.26037379972565
 10
-36.289019633058984
 20
71.8
 30
49.85394161522634
 10
-36.17086762688615
 20
71.8
 30
49.29479595336077
 10
-36.22900591563786
 20
71.8
 30
48.904438871742116
 10
-36.403420781893004
 20
71.8
 30
48.58427640603566
 10
-36.69170096021948
 20
71.8
 30
48.336719821673526
 10
-37.09143518518519
 20
71.8
 30
48.16203703703704
 10
-36.644815243484224
 20
71.8
 30
47.97770919067215
 10
-36.32304526748972
 20
71.8
 30
47.70550411522634
 10
-36.128536522633745
 20
71.8
 30
47.347833076131685
 10
-36.06370027434842
 20
71.8
 30
46.9071073388203
 10
-36.18721064814815
 20
71.8
 30
46.254190243484224
 10
-36.55774176954733
 20
71.8
 30
45.78292181069959
 10
-37.17100694444444
 20
71.8
 30
45.4975887345679
 10
-38.022719478738
 20
71.8
 30
45.40247770919067
 10
-38.87764703360769
 20
71.8
 30
45.4975887345679
 10
-39.49412722908093
 20
71.8
 30
45.78292181069959
 10
-39.867069615912214
 20
71.8
 30
46.254190243484224
 10
-39.991383744855966
 20
71.8
 30
46.9071073388203
 10
-39.92654749657065
 20
71.8
 30
47.347833076131685
 10
-39.73203875171468
 20
71.8
 30
47.70550411522634
 10
-39.41026877572017
 20
71.8
 30
47.97770919067215
 10
-38.96364883401921
 20
71.8
 30
48.16203703703704
 10
-39.36311514060357
 20
71.8
 30
48.336719821673526
 10
-39.65059156378601
 20
71.8
 30
48.58427640603566
 10
-39.82339891975309
 20
71.8
 30
48.904438871742116
 10
-39.881001371742116
 20
71.8
 30
49.29479595336077
 10
-38.724397719478745
 20
71.8
 30
46.64803026406036
 10
-38.57891803840878
 20
71.8
 30
46.40877914951989
 10
-38.34234610768176
 20
71.8
 30
46.262495713305896
 10
-38.022719478738
 20
71.8
 30
46.213734567901234
 10
-37.70577203360769
 20
71.8
 30
46.262495713305896
 10
-37.47295096021948
 20
71.8
 30
46.40877914951989
 10
-37.32988254458162
 20
71.8
 30
46.64803026406036
 10
-37.282193072702334
 20
71.8
 30
46.97355109739369
 10
-37.32988254458162
 20
71.8
 30
47.301483196159126
 10
-37.47295096021948
 20
71.8
 30
47.541538065843625
 10
-37.70577203360769
 20
71.8
 30
47.68862525720164
 10
-38.022719478738
 20
71.8
 30
47.73765432098765
 10
-38.34234610768176
 20
71.8
 30
47.688089420438956
 10
-38.57891803840878
 20
71.8
 30
47.53939471879287
 10
-38.724397719478745
 20
71.8
 30
47.29933984910837
 10
-38.77289094650206
 20
71.8
 30
46.97355109739369
 10
-38.022719478738
 20
71.8
 30
48.54462448559671
 10
-37.75587277091907
 20
71.8
 30
48.58481224279836
 10
-37.55761316872428
 20
71.8
 30
48.70537551440329
 10
-37.43383487654321
 20
71.8
 30
48.900420096021946
 10
-37.39257544581619
 20
71.8
 30
49.164051783264746
 10
-37.43383487654321
 20
71.8
 30
49.42714763374486
 10
-37.55761316872428
 20
71.8
 30
49.620584705075444
 10
-37.75587277091907
 20
71.8
 30
49.740344221536354
 10
-38.022719478738
 20
71.8
 30
49.78026406035665
 10
-38.294924554183815
 20
71.8
 30
49.74007630315501
 10
-38.49639917695474
 20
71.8
 30
49.61951303155007
 10
-38.62098122427984
 20
71.8
 30
49.425272205075444
 10
-38.66250857338821
 20
71.8
 30
49.164051783264746
 10
-38.62098122427984
 20
71.8
 30
48.900420096021946
 10
-38.49639917695474
 20
71.8
 30
48.70537551440329
 10
-38.294924554183815
 20
71.8
 30
48.58481224279836
 10
-34.98559670781893
 20
72.2
 30
50.500428669410155
 10
-34.1914866255144
 20
72.2
 30
50.500428669410155
 10
-34.1914866255144
 20
72.2
 30
48.641075102880656
 10
-34.98559670781893
 20
72.2
 30
48.641075102880656
 10
-34.98559670781893
 20
71.8
 30
50.500428669410155
 10
-34.1914866255144
 20
71.8
 30
50.500428669410155
 10
-34.1914866255144
 20
71.8
 30
48.641075102880656
 10
-34.98559670781893
 20
71.8
 30
48.641075102880656
 10
-33.16696673525377
 20
72.2
 30
46.9874828532236
 10
-33.16696673525377
 20
72.2
 30
47.961634087791495
 10
-31.06434327846365
 20
72.2
 30
47.961634087791495
 10
-31.06434327846365
 20
72.2
 30
46.9874828532236
 10
-33.16696673525377
 20
71.8
 30
46.9874828532236
 10
-33.16696673525377
 20
71.8
 30
47.961634087791495
 10
-31.06434327846365
 20
71.8
 30
47.961634087791495
 10
-31.06434327846365
 20
71.8
 30
46.9874828532236
 10
-27.432173782578875
 20
72.2
 30
45.57126628943759
 10
-28.304783950617285
 20
72.2
 30
45.40247770919067
 10
-29.179805384087793
 20
72.2
 30
45.57126628943759
 10
-29.828703703703702
 20
72.2
 30
46.07763203017833
 10
-30.230581275720166
 20
72.2
 30
46.89451517489712
 10
-30.36454046639232
 20
72.2
 30
47.99485596707819
 10
-30.230581275720166
 20
72.2
 30
49.09814386145405
 10
-29.828703703703702
 20
72.2
 30
49.91529492455418
 10
-29.179805384087793
 20
72.2
 30
50.42166066529492
 10
-28.304783950617285
 20
72.2
 30
50.59044924554184
 10
-27.432173782578875
 20
72.2
 30
50.42166066529492
 10
-26.784079218106996
 20
72.2
 30
49.91529492455418
 10
-26.382201646090536
 20
72.2
 30
49.09814386145405
 10
-26.24824245541838
 20
72.2
 30
47.99485596707819
 10
-26.382201646090536
 20
72.2
 30
46.89451517489712
 10
-26.784079218106996
 20
72.2
 30
46.07763203017833
 10
-27.948988340192045
 20
72.2
 30
49.613618827160494
 10
-28.304783950617285
 20
72.2
 30
49.709533607681756
 10
-28.660311642661178
 20
72.2
 30
49.613618827160494
 10
-28.897419410150892
 20
72.2
 30
49.32587448559671
 10
-29.03084276406036
 20
72.2
 30
48.804505315500684
 10
-29.075317215363512
 20
72.2
 30
48.00557270233196
 10
-29.03084276406036
 20
72.2
 30
47.196995027434845
 10
-28.897419410150892
 20
72.2
 30
46.66812414266118
 10
-28.660311642661178
 20
72.2
 30
46.37716478052126
 10
-28.304783950617285
 20
72.2
 30
46.280178326474626
 10
-27.9511316872428
 20
72.2
 30
46.37716478052126
 10
-27.71536351165981
 20
72.2
 30
46.66812414266118
 10
-27.581940157750342
 20
72.2
 30
47.196995027434845
 10
-27.53746570644719
 20
72.2
 30
48.00557270233196
 10
-27.581404320987655
 20
72.2
 30
48.804505315500684
 10
-27.713220164609055
 20
72.2
 30
49.32587448559671
 10
-27.432173782578875
 20
71.8
 30
45.57126628943759
 10
-28.304783950617285
 20
71.8
 30
45.40247770919067
 10
-29.179805384087793
 20
71.8
 30
45.57126628943759
 10
-29.828703703703702
 20
71.8
 30
46.07763203017833
 10
-30.230581275720166
 20
71.8
 30
46.89451517489712
 10
-30.36454046639232
 20
71.8
 30
47.99485596707819
 10
-30.230581275720166
 20
71.8
 30
49.09814386145405
 10
-29.828703703703702
 20
71.8
 30
49.91529492455418
 10
-29.179805384087793
 20
71.8
 30
50.42166066529492
 10
-28.304783950617285
 20
71.8
 30
50.59044924554184
 10
-27.432173782578875
 20
71.8
 30
50.42166066529492
 10
-26.784079218106996
 20
71.8
 30
49.91529492455418
 10
-26.382201646090536
 20
71.8
 30
49.09814386145405
 10
-26.24824245541838
 20
71.8
 30
47.99485596707819
 10
-26.382201646090536
 20
71.8
 30
46.89451517489712
 10
-26.784079218106996
 20
71.8
 30
46.07763203017833
 10
-27.948988340192045
 20
71.8
 30
49.613618827160494
 10
-28.304783950617285
 20
71.8
 30
49.709533607681756
 10
-28.660311642661178
 20
71.8
 30
49.613618827160494
 10
-28.897419410150892
 20
71.8
 30
49.32587448559671
 10
-29.03084276406036
 20
71.8
 30
48.804505315500684
 10
-29.075317215363512
 20
71.8
 30
48.00557270233196
 10
-29.03084276406036
 20
71.8
 30
47.196995027434845
 10
-28.897419410150892
 20
71.8
 30
46.66812414266118
 10
-28.660311642661178
 20
71.8
 30
46.37716478052126
 10
-28.304783950617285
 20
71.8
 30
46.280178326474626
 10
-27.9511316872428
 20
71.8
 30
46.37716478052126
 10
-27.71536351165981
 20
71.8
 30
46.66812414266118
 10
-27.581940157750342
 20
71.8
 30
47.196995027434845
 10
-27.53746570644719
 20
71.8
 30
48.00557270233196
 10
-27.581404320987655
 20
71.8
 30
48.804505315500684
 10
-27.713220164609055
 20
71.8
 30
49.32587448559671
 10
-23.794110082304528
 20
72.2
 30
48.641075102880656
 10
-23.794110082304528
 20
72.2
 30
50.500428669410155
 10
-23.0
 20
72.2
 30
50.500428669410155
 10
-23.0
 20
72.2
 30
48.641075102880656
 10
-23.794110082304528
 20
71.8
 30
48.641075102880656
 10
-23.794110082304528
 20
71.8
 30
50.500428669410155
 10
-23.0
 20
71.8
 30
50.500428669410155
 10
-23.0
 20
71.8
 30
48.641075102880656
 10
-25.267661179698216
 20
72.2
 30
48.641075102880656
 10
-25.267661179698216
 20
72.2
 30
50.500428669410155
 10
-24.47355109739369
 20
72.2
 30
50.500428669410155
 10
-24.47355109739369
 20
72.2
 30
48.641075102880656
 10
-25.267661179698216
 20
71.8
 30
48.641075102880656
 10
-25.267661179698216
 20
71.8
 30
50.500428669410155
 10
-24.47355109739369
 20
71.8
 30
50.500428669410155
 10
-24.47355109739369
 20
71.8
 30
48.641075102880656
 93
2384
 90
3
 90
1
 90
0
 90
4
 90
3
 90
1
 90
4
 90
2
 90
3
 90
2
 90
4
 90
5
 90
3
 90
2
 90
5
 90
3
 90
3
 90
4
 90
0
 90
6
 90
3
 90
4
 90
6
 90
5
 90
3
 90
5
 90
6
 90
7
 90
3
 90
5
 90
7
 90
3
 90
3
 90
6
 90
0
 90
8
 90
3
 90
6
 90
8
 90
7
 90
3
 90
7
 90
8
 90
9
 90
3
 90
7
 90
9
 90
3
 90
3
 90
8
 90
0
 90
10
 90
3
 90
8
 90
10
 90
9
 90
3
 90
9
 90
10
 90
11
 90
3
 90
9
 90
11
 90
3
 90
3
 90
10
 90
0
 90
12
 90
3
 90
10
 90
12
 90
11
 90
3
 90
11
 90
12
 90
13
 90
3
 90
11
 90
13
 90
3
 90
3
 90
12
 90
0
 90
14
 90
3
 90
12
 90
14
 90
13
 90
3
 90
13
 90
14
 90
15
 90
3
 90
13
 90
15
 90
3
 90
3
 90
14
 90
0
 90
16
 90
3
 90
14
 90
16
 90
15
 90
3
 90
15
 90
16
 90
17
 90
3
 90
15
 90
17
 90
3
 90
3
 90
16
 90
0
 90
1
 90
3
 90
16
 90
1
 90
17
 90
3
 90
17
 90
1
 90
2
 90
3
 90
17
 90
2
 90
3
 90
3
 90
19
 90
18
 90
22
 90
3
 90
19
 90
22
 90
20
 90
3
 90
20
 90
22
 90
23
 90
3
 90
20
 90
23
 90
21
 90
3
 90
22
 90
18
 90
24
 90
3
 90
22
 90
24
 90
23
 90
3
 90
23
 90
24
 90
25
 90
3
 90
23
 90
25
 90
21
 90
3
 90
24
 90
18
 90
26
 90
3
 90
24
 90
26
 90
25
 90
3
 90
25
 90
26
 90
27
 90
3
 90
25
 90
27
 90
21
 90
3
 90
26
 90
18
 90
28
 90
3
 90
26
 90
28
 90
27
 90
3
 90
27
 90
28
 90
29
 90
3
 90
27
 90
29
 90
21
 90
3
 90
28
 90
18
 90
30
 90
3
 90
28
 90
30
 90
29
 90
3
 90
29
 90
30
 90
31
 90
3
 90
29
 90
31
 90
21
 90
3
 90
30
 90
18
 90
32
 90
3
 90
30
 90
32
 90
31
 90
3
 90
31
 90
32
 90
33
 90
3
 90
31
 90
33
 90
21
 90
3
 90
32
 90
18
 90
34
 90
3
 90
32
 90
34
 90
33
 90
3
 90
33
 90
34
 90
35
 90
3
 90
33
 90
35
 90
21
 90
3
 90
34
 90
18
 90
19
 90
3
 90
34
 90
19
 90
35
 90
3
 90
35
 90
19
 90
20
 90
3
 90
35
 90
20
 90
21
 90
3
 90
37
 90
36
 90
40
 90
3
 90
37
 90
40
 90
38
 90
3
 90
38
 90
40
 90
41
 90
3
 90
38
 90
41
 90
39
 90
3
 90
40
 90
36
 90
42
 90
3
 90
40
 90
42
 90
41
 90
3
 90
41
 90
42
 90
43
 90
3
 90
41
 90
43
 90
39
 90
3
 90
42
 90
36
 90
44
 90
3
 90
42
 90
44
 90
43
 90
3
 90
43
 90
44
 90
45
 90
3
 90
43
 90
45
 90
39
 90
3
 90
44
 90
36
 90
46
 90
3
 90
44
 90
46
 90
45
 90
3
 90
45
 90
46
 90
47
 90
3
 90
45
 90
47
 90
39
 90
3
 90
46
 90
36
 90
48
 90
3
 90
46
 90
48
 90
47
 90
3
 90
47
 90
48
 90
49
 90
3
 90
47
 90
49
 90
39
 90
3
 90
48
 90
36
 90
50
 90
3
 90
48
 90
50
 90
49
 90
3
 90
49
 90
50
 90
51
 90
3
 90
49
 90
51
 90
39
 90
3
 90
50
 90
36
 90
52
 90
3
 90
50
 90
52
 90
51
 90
3
 90
51
 90
52
 90
53
 90
3
 90
51
 90
53
 90
39
 90
3
 90
52
 90
36
 90
37
 90
3
 90
52
 90
37
 90
53
 90
3
 90
53
 90
37
 90
38
 90
3
 90
53
 90
38
 90
39
 90
3
 90
55
 90
54
 90
57
 90
3
 90
55
 90
57
 90
56
 90
3
 90
57
 90
54
 90
58
 90
3
 90
57
 90
58
 90
56
 90
3
 90
58
 90
54
 90
59
 90
3
 90
58
 90
59
 90
56
 90
3
 90
59
 90
54
 90
60
 90
3
 90
59
 90
60
 90
56
 90
3
 90
60
 90
54
 90
61
 90
3
 90
60
 90
61
 90
56
 90
3
 90
61
 90
54
 90
62
 90
3
 90
61
 90
62
 90
56
 90
3
 90
62
 90
54
 90
63
 90
3
 90
62
 90
63
 90
56
 90
3
 90
63
 90
54
 90
64
 90
3
 90
63
 90
64
 90
56
 90
3
 90
64
 90
54
 90
65
 90
3
 90
64
 90
65
 90
56
 90
3
 90
65
 90
54
 90
66
 90
3
 90
65
 90
66
 90
56
 90
3
 90
66
 90
54
 90
67
 90
3
 90
66
 90
67
 90
56
 90
3
 90
67
 90
54
 90
68
 90
3
 90
67
 90
68
 90
56
 90
3
 90
68
 90
54
 90
69
 90
3
 90
68
 90
69
 90
56
 90
3
 90
69
 90
54
 90
70
 90
3
 90
69
 90
70
 90
56
 90
3
 90
70
 90
54
 90
71
 90
3
 90
70
 90
71
 90
56
 90
3
 90
71
 90
54
 90
55
 90
3
 90
71
 90
55
 90
56
 90
3
 90
73
 90
72
 90
75
 90
3
 90
73
 90
75
 90
74
 90
3
 90
75
 90
72
 90
76
 90
3
 90
75
 90
76
 90
74
 90
3
 90
76
 90
72
 90
77
 90
3
 90
76
 90
77
 90
74
 90
3
 90
77
 90
72
 90
78
 90
3
 90
77
 90
78
 90
74
 90
3
 90
78
 90
72
 90
79
 90
3
 90
78
 90
79
 90
74
 90
3
 90
79
 90
72
 90
80
 90
3
 90
79
 90
80
 90
74
 90
3
 90
80
 90
72
 90
81
 90
3
 90
80
 90
81
 90
74
 90
3
 90
81
 90
72
 90
82
 90
3
 90
81
 90
82
 90
74
 90
3
 90
82
 90
72
 90
83
 90
3
 90
82
 90
83
 90
74
 90
3
 90
83
 90
72
 90
84
 90
3
 90
83
 90
84
 90
74
 90
3
 90
84
 90
72
 90
85
 90
3
 90
84
 90
85
 90
74
 90
3
 90
85
 90
72
 90
86
 90
3
 90
85
 90
86
 90
74
 90
3
 90
86
 90
72
 90
87
 90
3
 90
86
 90
87
 90
74
 90
3
 90
87
 90
72
 90
88
 90
3
 90
87
 90
88
 90
74
 90
3
 90
88
 90
72
 90
89
 90
3
 90
88
 90
89
 90
74
 90
3
 90
89
 90
72
 90
73
 90
3
 90
89
 90
73
 90
74
 90
3
 90
149
 90
150
 90
121
 90
3
 90
148
 90
149
 90
121
 90
3
 90
147
 90
148
 90
121
 90
3
 90
121
 90
150
 90
151
 90
3
 90
120
 90
121
 90
151
 90
3
 90
119
 90
120
 90
151
 90
3
 90
118
 90
119
 90
151
 90
3
 90
117
 90
118
 90
151
 90
3
 90
115
 90
116
 90
117
 90
3
 90
114
 90
115
 90
117
 90
3
 90
113
 90
114
 90
117
 90
3
 90
137
 90
113
 90
117
 90
3
 90
136
 90
137
 90
117
 90
3
 90
135
 90
136
 90
117
 90
3
 90
134
 90
135
 90
117
 90
3
 90
133
 90
134
 90
117
 90
3
 90
132
 90
133
 90
117
 90
3
 90
113
 90
137
 90
122
 90
3
 90
112
 90
113
 90
122
 90
3
 90
111
 90
112
 90
122
 90
3
 90
110
 90
111
 90
122
 90
3
 90
109
 90
110
 90
122
 90
3
 90
107
 90
108
 90
109
 90
3
 90
106
 90
107
 90
109
 90
3
 90
105
 90
106
 90
109
 90
3
 90
104
 90
105
 90
109
 90
3
 90
103
 90
104
 90
109
 90
3
 90
101
 90
102
 90
103
 90
3
 90
99
 90
100
 90
101
 90
3
 90
98
 90
99
 90
101
 90
3
 90
97
 90
98
 90
101
 90
3
 90
96
 90
97
 90
101
 90
3
 90
95
 90
96
 90
101
 90
3
 90
94
 90
95
 90
101
 90
3
 90
92
 90
93
 90
94
 90
3
 90
91
 90
92
 90
94
 90
3
 90
90
 90
91
 90
94
 90
3
 90
121
 90
90
 90
94
 90
3
 90
147
 90
121
 90
94
 90
3
 90
146
 90
147
 90
94
 90
3
 90
145
 90
146
 90
94
 90
3
 90
144
 90
145
 90
94
 90
3
 90
143
 90
144
 90
94
 90
3
 90
142
 90
143
 90
94
 90
3
 90
117
 90
151
 90
152
 90
3
 90
132
 90
117
 90
152
 90
3
 90
131
 90
132
 90
152
 90
3
 90
109
 90
122
 90
123
 90
3
 90
142
 90
94
 90
101
 90
3
 90
141
 90
142
 90
101
 90
3
 90
140
 90
141
 90
101
 90
3
 90
139
 90
140
 90
101
 90
3
 90
138
 90
139
 90
101
 90
3
 90
153
 90
138
 90
101
 90
3
 90
131
 90
152
 90
153
 90
3
 90
109
 90
123
 90
124
 90
3
 90
153
 90
101
 90
103
 90
3
 90
131
 90
153
 90
103
 90
3
 90
130
 90
131
 90
103
 90
3
 90
129
 90
130
 90
103
 90
3
 90
128
 90
129
 90
103
 90
3
 90
127
 90
128
 90
103
 90
3
 90
109
 90
124
 90
125
 90
3
 90
127
 90
103
 90
109
 90
3
 90
126
 90
127
 90
109
 90
3
 90
125
 90
126
 90
109
 90
3
 90
185
 90
214
 90
213
 90
3
 90
185
 90
213
 90
212
 90
3
 90
185
 90
212
 90
211
 90
3
 90
215
 90
214
 90
185
 90
3
 90
215
 90
185
 90
184
 90
3
 90
215
 90
184
 90
183
 90
3
 90
215
 90
183
 90
182
 90
3
 90
215
 90
182
 90
181
 90
3
 90
181
 90
180
 90
179
 90
3
 90
181
 90
179
 90
178
 90
3
 90
181
 90
178
 90
177
 90
3
 90
181
 90
177
 90
201
 90
3
 90
181
 90
201
 90
200
 90
3
 90
181
 90
200
 90
199
 90
3
 90
181
 90
199
 90
198
 90
3
 90
181
 90
198
 90
197
 90
3
 90
181
 90
197
 90
196
 90
3
 90
186
 90
201
 90
177
 90
3
 90
186
 90
177
 90
176
 90
3
 90
186
 90
176
 90
175
 90
3
 90
186
 90
175
 90
174
 90
3
 90
186
 90
174
 90
173
 90
3
 90
173
 90
172
 90
171
 90
3
 90
173
 90
171
 90
170
 90
3
 90
173
 90
170
 90
169
 90
3
 90
173
 90
169
 90
168
 90
3
 90
173
 90
168
 90
167
 90
3
 90
167
 90
166
 90
165
 90
3
 90
165
 90
164
 90
163
 90
3
 90
165
 90
163
 90
162
 90
3
 90
165
 90
162
 90
161
 90
3
 90
165
 90
161
 90
160
 90
3
 90
165
 90
160
 90
159
 90
3
 90
165
 90
159
 90
158
 90
3
 90
158
 90
157
 90
156
 90
3
 90
158
 90
156
 90
155
 90
3
 90
158
 90
155
 90
154
 90
3
 90
158
 90
154
 90
185
 90
3
 90
158
 90
185
 90
211
 90
3
 90
158
 90
211
 90
210
 90
3
 90
158
 90
210
 90
209
 90
3
 90
158
 90
209
 90
208
 90
3
 90
158
 90
208
 90
207
 90
3
 90
158
 90
207
 90
206
 90
3
 90
216
 90
215
 90
181
 90
3
 90
216
 90
181
 90
196
 90
3
 90
216
 90
196
 90
195
 90
3
 90
187
 90
186
 90
173
 90
3
 90
165
 90
158
 90
206
 90
3
 90
165
 90
206
 90
205
 90
3
 90
165
 90
205
 90
204
 90
3
 90
165
 90
204
 90
203
 90
3
 90
165
 90
203
 90
202
 90
3
 90
165
 90
202
 90
217
 90
3
 90
217
 90
216
 90
195
 90
3
 90
188
 90
187
 90
173
 90
3
 90
167
 90
165
 90
217
 90
3
 90
167
 90
217
 90
195
 90
3
 90
167
 90
195
 90
194
 90
3
 90
167
 90
194
 90
193
 90
3
 90
167
 90
193
 90
192
 90
3
 90
167
 90
192
 90
191
 90
3
 90
189
 90
188
 90
173
 90
3
 90
173
 90
167
 90
191
 90
3
 90
173
 90
191
 90
190
 90
3
 90
173
 90
190
 90
189
 90
3
 90
154
 90
155
 90
90
 90
3
 90
90
 90
155
 90
91
 90
3
 90
155
 90
156
 90
91
 90
3
 90
91
 90
156
 90
92
 90
3
 90
156
 90
157
 90
92
 90
3
 90
92
 90
157
 90
93
 90
3
 90
157
 90
158
 90
93
 90
3
 90
93
 90
158
 90
94
 90
3
 90
158
 90
159
 90
94
 90
3
 90
94
 90
159
 90
95
 90
3
 90
159
 90
160
 90
95
 90
3
 90
95
 90
160
 90
96
 90
3
 90
160
 90
161
 90
96
 90
3
 90
96
 90
161
 90
97
 90
3
 90
161
 90
162
 90
97
 90
3
 90
97
 90
162
 90
98
 90
3
 90
162
 90
163
 90
98
 90
3
 90
98
 90
163
 90
99
 90
3
 90
163
 90
164
 90
99
 90
3
 90
99
 90
164
 90
100
 90
3
 90
164
 90
165
 90
100
 90
3
 90
100
 90
165
 90
101
 90
3
 90
165
 90
166
 90
101
 90
3
 90
101
 90
166
 90
102
 90
3
 90
166
 90
167
 90
102
 90
3
 90
102
 90
167
 90
103
 90
3
 90
167
 90
168
 90
103
 90
3
 90
103
 90
168
 90
104
 90
3
 90
168
 90
169
 90
104
 90
3
 90
104
 90
169
 90
105
 90
3
 90
169
 90
170
 90
105
 90
3
 90
105
 90
170
 90
106
 90
3
 90
170
 90
171
 90
106
 90
3
 90
106
 90
171
 90
107
 90
3
 90
171
 90
172
 90
107
 90
3
 90
107
 90
172
 90
108
 90
3
 90
172
 90
173
 90
108
 90
3
 90
108
 90
173
 90
109
 90
3
 90
173
 90
174
 90
109
 90
3
 90
109
 90
174
 90
110
 90
3
 90
174
 90
175
 90
110
 90
3
 90
110
 90
175
 90
111
 90
3
 90
175
 90
176
 90
111
 90
3
 90
111
 90
176
 90
112
 90
3
 90
176
 90
177
 90
112
 90
3
 90
112
 90
177
 90
113
 90
3
 90
177
 90
178
 90
113
 90
3
 90
113
 90
178
 90
114
 90
3
 90
178
 90
179
 90
114
 90
3
 90
114
 90
179
 90
115
 90
3
 90
179
 90
180
 90
115
 90
3
 90
115
 90
180
 90
116
 90
3
 90
180
 90
181
 90
116
 90
3
 90
116
 90
181
 90
117
 90
3
 90
181
 90
182
 90
117
 90
3
 90
117
 90
182
 90
118
 90
3
 90
182
 90
183
 90
118
 90
3
 90
118
 90
183
 90
119
 90
3
 90
183
 90
184
 90
119
 90
3
 90
119
 90
184
 90
120
 90
3
 90
185
 90
154
 90
121
 90
3
 90
121
 90
154
 90
90
 90
3
 90
184
 90
185
 90
120
 90
3
 90
120
 90
185
 90
121
 90
3
 90
186
 90
187
 90
122
 90
3
 90
122
 90
187
 90
123
 90
3
 90
187
 90
188
 90
123
 90
3
 90
123
 90
188
 90
124
 90
3
 90
188
 90
189
 90
124
 90
3
 90
124
 90
189
 90
125
 90
3
 90
189
 90
190
 90
125
 90
3
 90
125
 90
190
 90
126
 90
3
 90
190
 90
191
 90
126
 90
3
 90
126
 90
191
 90
127
 90
3
 90
191
 90
192
 90
127
 90
3
 90
127
 90
192
 90
128
 90
3
 90
192
 90
193
 90
128
 90
3
 90
128
 90
193
 90
129
 90
3
 90
193
 90
194
 90
129
 90
3
 90
129
 90
194
 90
130
 90
3
 90
194
 90
195
 90
130
 90
3
 90
130
 90
195
 90
131
 90
3
 90
195
 90
196
 90
131
 90
3
 90
131
 90
196
 90
132
 90
3
 90
196
 90
197
 90
132
 90
3
 90
132
 90
197
 90
133
 90
3
 90
197
 90
198
 90
133
 90
3
 90
133
 90
198
 90
134
 90
3
 90
198
 90
199
 90
134
 90
3
 90
134
 90
199
 90
135
 90
3
 90
199
 90
200
 90
135
 90
3
 90
135
 90
200
 90
136
 90
3
 90
201
 90
186
 90
137
 90
3
 90
137
 90
186
 90
122
 90
3
 90
200
 90
201
 90
136
 90
3
 90
136
 90
201
 90
137
 90
3
 90
202
 90
203
 90
138
 90
3
 90
138
 90
203
 90
139
 90
3
 90
203
 90
204
 90
139
 90
3
 90
139
 90
204
 90
140
 90
3
 90
204
 90
205
 90
140
 90
3
 90
140
 90
205
 90
141
 90
3
 90
205
 90
206
 90
141
 90
3
 90
141
 90
206
 90
142
 90
3
 90
206
 90
207
 90
142
 90
3
 90
142
 90
207
 90
143
 90
3
 90
207
 90
208
 90
143
 90
3
 90
143
 90
208
 90
144
 90
3
 90
208
 90
209
 90
144
 90
3
 90
144
 90
209
 90
145
 90
3
 90
209
 90
210
 90
145
 90
3
 90
145
 90
210
 90
146
 90
3
 90
210
 90
211
 90
146
 90
3
 90
146
 90
211
 90
147
 90
3
 90
211
 90
212
 90
147
 90
3
 90
147
 90
212
 90
148
 90
3
 90
212
 90
213
 90
148
 90
3
 90
148
 90
213
 90
149
 90
3
 90
213
 90
214
 90
149
 90
3
 90
149
 90
214
 90
150
 90
3
 90
214
 90
215
 90
150
 90
3
 90
150
 90
215
 90
151
 90
3
 90
215
 90
216
 90
151
 90
3
 90
151
 90
216
 90
152
 90
3
 90
217
 90
202
 90
153
 90
3
 90
153
 90
202
 90
138
 90
3
 90
216
 90
217
 90
152
 90
3
 90
152
 90
217
 90
153
 90
3
 90
220
 90
221
 90
218
 90
3
 90
219
 90
220
 90
218
 90
3
 90
222
 90
225
 90
224
 90
3
 90
222
 90
224
 90
223
 90
3
 90
222
 90
223
 90
218
 90
3
 90
218
 90
223
 90
219
 90
3
 90
223
 90
224
 90
219
 90
3
 90
219
 90
224
 90
220
 90
3
 90
225
 90
222
 90
221
 90
3
 90
221
 90
222
 90
218
 90
3
 90
224
 90
225
 90
220
 90
3
 90
220
 90
225
 90
221
 90
3
 90
228
 90
229
 90
226
 90
3
 90
227
 90
228
 90
226
 90
3
 90
230
 90
233
 90
232
 90
3
 90
230
 90
232
 90
231
 90
3
 90
230
 90
231
 90
226
 90
3
 90
226
 90
231
 90
227
 90
3
 90
231
 90
232
 90
227
 90
3
 90
227
 90
232
 90
228
 90
3
 90
233
 90
230
 90
229
 90
3
 90
229
 90
230
 90
226
 90
3
 90
232
 90
233
 90
228
 90
3
 90
228
 90
233
 90
229
 90
3
 90
254
 90
255
 90
239
 90
3
 90
253
 90
254
 90
239
 90
3
 90
252
 90
253
 90
239
 90
3
 90
239
 90
255
 90
256
 90
3
 90
238
 90
239
 90
256
 90
3
 90
237
 90
238
 90
256
 90
3
 90
236
 90
237
 90
256
 90
3
 90
234
 90
235
 90
236
 90
3
 90
249
 90
234
 90
236
 90
3
 90
248
 90
249
 90
236
 90
3
 90
246
 90
247
 90
248
 90
3
 90
245
 90
246
 90
248
 90
3
 90
244
 90
245
 90
248
 90
3
 90
243
 90
244
 90
248
 90
3
 90
241
 90
242
 90
243
 90
3
 90
240
 90
241
 90
243
 90
3
 90
239
 90
240
 90
243
 90
3
 90
252
 90
239
 90
243
 90
3
 90
251
 90
252
 90
243
 90
3
 90
250
 90
251
 90
243
 90
3
 90
265
 90
250
 90
243
 90
3
 90
236
 90
256
 90
257
 90
3
 90
265
 90
243
 90
248
 90
3
 90
264
 90
265
 90
248
 90
3
 90
263
 90
264
 90
248
 90
3
 90
262
 90
263
 90
248
 90
3
 90
261
 90
262
 90
248
 90
3
 90
260
 90
261
 90
248
 90
3
 90
236
 90
257
 90
258
 90
3
 90
260
 90
248
 90
236
 90
3
 90
259
 90
260
 90
236
 90
3
 90
258
 90
259
 90
236
 90
3
 90
271
 90
287
 90
286
 90
3
 90
271
 90
286
 90
285
 90
3
 90
271
 90
285
 90
284
 90
3
 90
288
 90
287
 90
271
 90
3
 90
288
 90
271
 90
270
 90
3
 90
288
 90
270
 90
269
 90
3
 90
288
 90
269
 90
268
 90
3
 90
268
 90
267
 90
266
 90
3
 90
268
 90
266
 90
281
 90
3
 90
268
 90
281
 90
280
 90
3
 90
280
 90
279
 90
278
 90
3
 90
280
 90
278
 90
277
 90
3
 90
280
 90
277
 90
276
 90
3
 90
280
 90
276
 90
275
 90
3
 90
275
 90
274
 90
273
 90
3
 90
275
 90
273
 90
272
 90
3
 90
275
 90
272
 90
271
 90
3
 90
275
 90
271
 90
284
 90
3
 90
275
 90
284
 90
283
 90
3
 90
275
 90
283
 90
282
 90
3
 90
275
 90
282
 90
297
 90
3
 90
289
 90
288
 90
268
 90
3
 90
280
 90
275
 90
297
 90
3
 90
280
 90
297
 90
296
 90
3
 90
280
 90
296
 90
295
 90
3
 90
280
 90
295
 90
294
 90
3
 90
280
 90
294
 90
293
 90
3
 90
280
 90
293
 90
292
 90
3
 90
290
 90
289
 90
268
 90
3
 90
268
 90
280
 90
292
 90
3
 90
268
 90
292
 90
291
 90
3
 90
268
 90
291
 90
290
 90
3
 90
266
 90
267
 90
234
 90
3
 90
234
 90
267
 90
235
 90
3
 90
267
 90
268
 90
235
 90
3
 90
235
 90
268
 90
236
 90
3
 90
268
 90
269
 90
236
 90
3
 90
236
 90
269
 90
237
 90
3
 90
269
 90
270
 90
237
 90
3
 90
237
 90
270
 90
238
 90
3
 90
270
 90
271
 90
238
 90
3
 90
238
 90
271
 90
239
 90
3
 90
271
 90
272
 90
239
 90
3
 90
239
 90
272
 90
240
 90
3
 90
272
 90
273
 90
240
 90
3
 90
240
 90
273
 90
241
 90
3
 90
273
 90
274
 90
241
 90
3
 90
241
 90
274
 90
242
 90
3
 90
274
 90
275
 90
242
 90
3
 90
242
 90
275
 90
243
 90
3
 90
275
 90
276
 90
243
 90
3
 90
243
 90
276
 90
244
 90
3
 90
276
 90
277
 90
244
 90
3
 90
244
 90
277
 90
245
 90
3
 90
277
 90
278
 90
245
 90
3
 90
245
 90
278
 90
246
 90
3
 90
278
 90
279
 90
246
 90
3
 90
246
 90
279
 90
247
 90
3
 90
279
 90
280
 90
247
 90
3
 90
247
 90
280
 90
248
 90
3
 90
281
 90
266
 90
249
 90
3
 90
249
 90
266
 90
234
 90
3
 90
280
 90
281
 90
248
 90
3
 90
248
 90
281
 90
249
 90
3
 90
282
 90
283
 90
250
 90
3
 90
250
 90
283
 90
251
 90
3
 90
283
 90
284
 90
251
 90
3
 90
251
 90
284
 90
252
 90
3
 90
284
 90
285
 90
252
 90
3
 90
252
 90
285
 90
253
 90
3
 90
285
 90
286
 90
253
 90
3
 90
253
 90
286
 90
254
 90
3
 90
286
 90
287
 90
254
 90
3
 90
254
 90
287
 90
255
 90
3
 90
287
 90
288
 90
255
 90
3
 90
255
 90
288
 90
256
 90
3
 90
288
 90
289
 90
256
 90
3
 90
256
 90
289
 90
257
 90
3
 90
289
 90
290
 90
257
 90
3
 90
257
 90
290
 90
258
 90
3
 90
290
 90
291
 90
258
 90
3
 90
258
 90
291
 90
259
 90
3
 90
291
 90
292
 90
259
 90
3
 90
259
 90
292
 90
260
 90
3
 90
292
 90
293
 90
260
 90
3
 90
260
 90
293
 90
261
 90
3
 90
293
 90
294
 90
261
 90
3
 90
261
 90
294
 90
262
 90
3
 90
294
 90
295
 90
262
 90
3
 90
262
 90
295
 90
263
 90
3
 90
295
 90
296
 90
263
 90
3
 90
263
 90
296
 90
264
 90
3
 90
297
 90
282
 90
265
 90
3
 90
265
 90
282
 90
250
 90
3
 90
296
 90
297
 90
264
 90
3
 90
264
 90
297
 90
265
 90
3
 90
300
 90
301
 90
298
 90
3
 90
299
 90
300
 90
298
 90
3
 90
302
 90
305
 90
304
 90
3
 90
302
 90
304
 90
303
 90
3
 90
302
 90
303
 90
298
 90
3
 90
298
 90
303
 90
299
 90
3
 90
303
 90
304
 90
299
 90
3
 90
299
 90
304
 90
300
 90
3
 90
305
 90
302
 90
301
 90
3
 90
301
 90
302
 90
298
 90
3
 90
304
 90
305
 90
300
 90
3
 90
300
 90
305
 90
301
 90
3
 90
308
 90
309
 90
306
 90
3
 90
307
 90
308
 90
306
 90
3
 90
310
 90
313
 90
312
 90
3
 90
310
 90
312
 90
311
 90
3
 90
310
 90
311
 90
306
 90
3
 90
306
 90
311
 90
307
 90
3
 90
311
 90
312
 90
307
 90
3
 90
307
 90
312
 90
308
 90
3
 90
313
 90
310
 90
309
 90
3
 90
309
 90
310
 90
306
 90
3
 90
312
 90
313
 90
308
 90
3
 90
308
 90
313
 90
309
 94
0
 95
0
 90
0
  0
MESH
  5
9E
330
17
100
AcDbEntity
  8
3D-LABEL
100
AcDbSubDMesh
 71
2
 72
0
 91
0
 92
234
 10
120.0
 20
121.5
 30
0.0
 10
120.0
 20
121.5
 30
-0.35
 10
120.0
 20
142.5
 30
-0.35
 10
120.0
 20
142.5
 30
0.0
 10
119.7525126265847
 20
121.5
 30
-0.24748737341529164
 10
119.7525126265847
 20
142.5
 30
-0.24748737341529164
 10
119.65
 20
121.5
 30
-2.143131898507868e-17
 10
119.65
 20
142.5
 30
-2.143131898507868e-17
 10
119.7525126265847
 20
121.5
 30
0.2474873734152916
 10
119.7525126265847
 20
142.5
 30
0.2474873734152916
 10
120.0
 20
121.5
 30
0.35
 10
120.0
 20
142.5
 30
0.35
 10
120.2474873734153
 20
121.5
 30
0.24748737341529167
 10
120.2474873734153
 20
142.5
 30
0.24748737341529167
 10
120.35
 20
121.5
 30
6.429395695523604e-17
 10
120.35
 20
142.5
 30
6.429395695523604e-17
 10
120.2474873734153
 20
121.5
 30
-0.24748737341529156
 10
120.2474873734153
 20
142.5
 30
-0.24748737341529156
 10
120.0
 20
121.5
 30
90.0
 10
120.0
 20
121.5
 30
89.65
 10
120.0
 20
142.5
 30
89.65
 10
120.0
 20
142.5
 30
90.0
 10
119.7525126265847
 20
121.5
 30
89.7525126265847
 10
119.7525126265847
 20
142.5
 30
89.7525126265847
 10
119.65
 20
121.5
 30
90.0
 10
119.65
 20
142.5
 30
90.0
 10
119.7525126265847
 20
121.5
 30
90.2474873734153
 10
119.7525126265847
 20
142.5
 30
90.2474873734153
 10
120.0
 20
121.5
 30
90.35
 10
120.0
 20
142.5
 30
90.35
 10
120.2474873734153
 20
121.5
 30
90.2474873734153
 10
120.2474873734153
 20
142.5
 30
90.2474873734153
 10
120.35
 20
121.5
 30
90.0
 10
120.35
 20
142.5
 30
90.0
 10
120.2474873734153
 20
121.5
 30
89.7525126265847
 10
120.2474873734153
 20
142.5
 30
89.7525126265847
 10
120.0
 20
140.0
 30
0.0
 10
120.35
 20
140.0
 30
0.0
 10
120.35
 20
140.0
 30
90.0
 10
120.0
 20
140.0
 30
90.0
 10
120.2474873734153
 20
140.24748737341528
 30
0.0
 10
120.2474873734153
 20
140.24748737341528
 30
90.0
 10
120.0
 20
140.35
 30
0.0
 10
120.0
 20
140.35
 30
90.0
 10
119.7525126265847
 20
140.24748737341528
 30
0.0
 10
119.7525126265847
 20
140.24748737341528
 30
90.0
 10
119.65
 20
140.0
 30
0.0
 10
119.65
 20
140.0
 30
90.0
 10
119.7525126265847
 20
139.75251262658472
 30
0.0
 10
119.7525126265847
 20
139.75251262658472
 30
90.0
 10
120.0
 20
139.65
 30
0.0
 10
120.0
 20
139.65
 30
90.0
 10
120.2474873734153
 20
139.75251262658472
 30
0.0
 10
120.2474873734153
 20
139.75251262658472
 30
90.0
 10
120.0
 20
140.0
 30
4.0
 10
118.6
 20
140.0
 30
4.0
 10
120.0
 20
140.0
 30
0.0
 10
118.7065686544842
 20
140.53575680531114
 30
4.0
 10
119.01005050633883
 20
140.98994949366116
 30
4.0
 10
119.46424319468888
 20
141.2934313455158
 30
4.0
 10
120.0
 20
141.4
 30
4.0
 10
120.53575680531112
 20
141.2934313455158
 30
4.0
 10
120.98994949366117
 20
140.98994949366116
 30
4.0
 10
121.2934313455158
 20
140.53575680531114
 30
4.0
 10
121.4
 20
140.0
 30
4.0
 10
121.2934313455158
 20
139.46424319468886
 30
4.0
 10
120.98994949366117
 20
139.01005050633884
 30
4.0
 10
120.53575680531112
 20
138.7065686544842
 30
4.0
 10
120.0
 20
138.6
 30
4.0
 10
119.46424319468888
 20
138.7065686544842
 30
4.0
 10
119.01005050633883
 20
139.01005050633884
 30
4.0
 10
118.7065686544842
 20
139.46424319468886
 30
4.0
 10
120.0
 20
140.0
 30
86.0
 10
121.4
 20
140.0
 30
86.0
 10
120.0
 20
140.0
 30
90.0
 10
121.2934313455158
 20
140.53575680531114
 30
86.0
 10
120.98994949366117
 20
140.98994949366116
 30
86.0
 10
120.53575680531112
 20
141.2934313455158
 30
86.0
 10
120.0
 20
141.4
 30
86.0
 10
119.46424319468888
 20
141.2934313455158
 30
86.0
 10
119.01005050633883
 20
140.98994949366116
 30
86.0
 10
118.7065686544842
 20
140.53575680531114
 30
86.0
 10
118.6
 20
140.0
 30
86.0
 10
118.7065686544842
 20
139.46424319468886
 30
86.0
 10
119.01005050633883
 20
139.01005050633884
 30
86.0
 10
119.46424319468888
 20
138.7065686544842
 30
86.0
 10
120.0
 20
138.6
 30
86.0
 10
120.53575680531112
 20
138.7065686544842
 30
86.0
 10
120.98994949366117
 20
139.01005050633884
 30
86.0
 10
121.2934313455158
 20
139.46424319468886
 30
86.0
 10
119.8
 20
144.81862997256516
 30
42.5
 10
119.8
 20
143.56262860082305
 30
42.5
 10
119.8
 20
145.40805041152262
 30
46.551997599451305
 10
119.8
 20
143.0
 30
46.551997599451305
 10
119.8
 20
143.0
 30
47.500428669410155
 10
119.8
 20
146.76800411522635
 30
47.500428669410155
 10
119.8
 20
146.76800411522635
 30
46.773834019204386
 10
120.2
 20
144.81862997256516
 30
42.5
 10
120.2
 20
143.56262860082305
 30
42.5
 10
120.2
 20
145.40805041152262
 30
46.551997599451305
 10
120.2
 20
143.0
 30
46.551997599451305
 10
120.2
 20
143.0
 30
47.500428669410155
 10
120.2
 20
146.76800411522635
 30
47.500428669410155
 10
120.2
 20
146.76800411522635
 30
46.773834019204386
 10
119.8
 20
147.96613511659808
 30
47.500428669410155
 10
119.8
 20
148.7602451989026
 30
47.500428669410155
 10
119.8
 20
148.7602451989026
 30
45.641075102880656
 10
119.8
 20
147.96613511659808
 30
45.641075102880656
 10
120.2
 20
147.96613511659808
 30
47.500428669410155
 10
120.2
 20
148.7602451989026
 30
47.500428669410155
 10
120.2
 20
148.7602451989026
 30
45.641075102880656
 10
120.2
 20
147.96613511659808
 30
45.641075102880656
 10
119.8
 20
149.78476508916324
 30
43.9874828532236
 10
119.8
 20
149.78476508916324
 30
44.961634087791495
 10
119.8
 20
151.88738854595337
 30
44.961634087791495
 10
119.8
 20
151.88738854595337
 30
43.9874828532236
 10
120.2
 20
149.78476508916324
 30
43.9874828532236
 10
120.2
 20
149.78476508916324
 30
44.961634087791495
 10
120.2
 20
151.88738854595337
 30
44.961634087791495
 10
120.2
 20
151.88738854595337
 30
43.9874828532236
 10
119.8
 20
155.7346965020576
 30
46.667738340192045
 10
119.8
 20
155.4571330589849
 30
46.72158993484225
 10
119.8
 20
155.18599965706449
 30
46.73954046639232
 10
119.8
 20
154.67400763031551
 30
46.659432870370374
 10
119.8
 20
154.28900891632372
 30
46.41911008230453
 10
119.8
 20
154.03448645404663
 30
46.02232295953361
 10
119.8
 20
153.9139231824417
 30
45.47067901234568
 10
119.8
 20
154.14379715363512
 30
45.61401534636488
 10
119.8
 20
154.39188957475994
 30
45.716092249657066
 10
119.8
 20
154.661951303155
 30
45.7779813957476
 10
119.8
 20
154.95558984910838
 30
45.798611111111114
 10
119.8
 20
155.64789094650206
 30
45.68635330932785
 10
119.8
 20
156.19230109739368
 30
45.349579903978054
 10
119.8
 20
156.54514960562415
 30
44.83196159122085
 10
119.8
 20
156.6627657750343
 30
44.17502572016461
 10
119.8
 20
156.53121784979425
 30
43.45111025377229
 10
119.8
 20
156.13657407407408
 30
42.88687414266118
 10
119.8
 20
155.52170138888889
 30
42.5235768175583
 10
119.8
 20
154.72732338820302
 30
42.40247770919067
 10
119.8
 20
153.8630186899863
 30
42.56697959533608
 10
119.8
 20
153.21840706447188
 30
43.06048525377229
 10
119.8
 20
152.8181370027435
 30
43.857006601508914
 10
119.8
 20
152.68471364883402
 30
44.9284122085048
 10
119.8
 20
152.84091006515774
 30
46.034647205075444
 10
119.8
 20
153.30949931412894
 30
46.875643004115226
 10
119.8
 20
154.0500257201646
 30
47.40692515432099
 10
119.8
 20
155.02203360768175
 30
47.58401920438958
 10
119.8
 20
155.36202203360767
 30
47.57062328532236
 10
119.8
 20
155.69182956104254
 30
47.53043552812071
 10
119.8
 20
156.01493912894375
 30
47.46345593278463
 10
119.8
 20
156.33483367626886
 30
47.36968449931413
 10
119.8
 20
156.33483367626886
 30
46.44483024691358
 10
119.8
 20
156.02565586419755
 30
46.57611025377229
 10
119.8
 20
154.1062885802469
 30
44.474558470507546
 10
119.8
 20
154.06395747599453
 30
44.09036351165981
 10
119.8
 20
154.1062885802469
 30
43.70670438957476
 10
119.8
 20
154.23328189300412
 30
43.43235596707819
 10
119.8
 20
154.44493741426612
 30
43.26838991769547
 10
119.8
 20
154.74125514403292
 30
43.213734567901234
 10
119.8
 20
155.03918038408779
 30
43.26838991769547
 10
119.8
 20
155.2513717421125
 30
43.43235596707819
 10
119.8
 20
155.37836505486968
 30
43.70670438957476
 10
119.8
 20
155.4206961591221
 30
44.09036351165981
 10
119.8
 20
155.37836505486968
 30
44.474558470507546
 10
119.8
 20
155.2513717421125
 30
44.748371056241425
 10
119.8
 20
155.03918038408779
 30
44.91314086076817
 10
119.8
 20
154.74125514403292
 30
44.96806412894376
 10
119.8
 20
154.44493741426612
 30
44.91314086076817
 10
119.8
 20
154.23328189300412
 30
44.748371056241425
 10
120.2
 20
155.7346965020576
 30
46.667738340192045
 10
120.2
 20
155.4571330589849
 30
46.72158993484225
 10
120.2
 20
155.18599965706449
 30
46.73954046639232
 10
120.2
 20
154.67400763031551
 30
46.659432870370374
 10
120.2
 20
154.28900891632372
 30
46.41911008230453
 10
120.2
 20
154.03448645404663
 30
46.02232295953361
 10
120.2
 20
153.9139231824417
 30
45.47067901234568
 10
120.2
 20
154.14379715363512
 30
45.61401534636488
 10
120.2
 20
154.39188957475994
 30
45.716092249657066
 10
120.2
 20
154.661951303155
 30
45.7779813957476
 10
120.2
 20
154.95558984910838
 30
45.798611111111114
 10
120.2
 20
155.64789094650206
 30
45.68635330932785
 10
120.2
 20
156.19230109739368
 30
45.349579903978054
 10
120.2
 20
156.54514960562415
 30
44.83196159122085
 10
120.2
 20
156.6627657750343
 30
44.17502572016461
 10
120.2
 20
156.53121784979425
 30
43.45111025377229
 10
120.2
 20
156.13657407407408
 30
42.88687414266118
 10
120.2
 20
155.52170138888889
 30
42.5235768175583
 10
120.2
 20
154.72732338820302
 30
42.40247770919067
 10
120.2
 20
153.8630186899863
 30
42.56697959533608
 10
120.2
 20
153.21840706447188
 30
43.06048525377229
 10
120.2
 20
152.8181370027435
 30
43.857006601508914
 10
120.2
 20
152.68471364883402
 30
44.9284122085048
 10
120.2
 20
152.84091006515774
 30
46.034647205075444
 10
120.2
 20
153.30949931412894
 30
46.875643004115226
 10
120.2
 20
154.0500257201646
 30
47.40692515432099
 10
120.2
 20
155.02203360768175
 30
47.58401920438958
 10
120.2
 20
155.36202203360767
 30
47.57062328532236
 10
120.2
 20
155.69182956104254
 30
47.53043552812071
 10
120.2
 20
156.01493912894375
 30
47.46345593278463
 10
120.2
 20
156.33483367626886
 30
47.36968449931413
 10
120.2
 20
156.33483367626886
 30
46.44483024691358
 10
120.2
 20
156.02565586419755
 30
46.57611025377229
 10
120.2
 20
154.1062885802469
 30
44.474558470507546
 10
120.2
 20
154.06395747599453
 30
44.09036351165981
 10
120.2
 20
154.1062885802469
 30
43.70670438957476
 10
120.2
 20
154.23328189300412
 30
43.43235596707819
 10
120.2
 20
154.44493741426612
 30
43.26838991769547
 10
120.2
 20
154.74125514403292
 30
43.213734567901234
 10
120.2
 20
155.03918038408779
 30
43.26838991769547
 10
120.2
 20
155.2513717421125
 30
43.43235596707819
 10
120.2
 20
155.37836505486968
 30
43.70670438957476
 10
120.2
 20
155.4206961591221
 30
44.09036351165981
 10
120.2
 20
155.37836505486968
 30
44.474558470507546
 10
120.2
 20
155.2513717421125
 30
44.748371056241425
 10
120.2
 20
155.03918038408779
 30
44.91314086076817
 10
120.2
 20
154.74125514403292
 30
44.96806412894376
 10
120.2
 20
154.44493741426612
 30
44.91314086076817
 10
120.2
 20
154.23328189300412
 30
44.748371056241425
 10
119.8
 20
159.1576217421125
 30
45.641075102880656
 10
119.8
 20
159.1576217421125
 30
47.500428669410155
 10
119.8
 20
159.951731824417
 30
47.500428669410155
 10
119.8
 20
159.951731824417
 30
45.641075102880656
 10
120.2
 20
159.1576217421125
 30
45.641075102880656
 10
120.2
 20
159.1576217421125
 30
47.500428669410155
 10
120.2
 20
159.951731824417
 30
47.500428669410155
 10
120.2
 20
159.951731824417
 30
45.641075102880656
 10
119.8
 20
157.6840706447188
 30
45.641075102880656
 10
119.8
 20
157.6840706447188
 30
47.500428669410155
 10
119.8
 20
158.47818072702333
 30
47.500428669410155
 10
119.8
 20
158.47818072702333
 30
45.641075102880656
 10
120.2
 20
157.6840706447188
 30
45.641075102880656
 10
120.2
 20
157.6840706447188
 30
47.500428669410155
 10
120.2
 20
158.47818072702333
 30
47.500428669410155
 10
120.2
 20
158.47818072702333
 30
45.641075102880656
 93
1712
 90
3
 90
1
 90
0
 90
4
 90
3
 90
1
 90
4
 90
2
 90
3
 90
2
 90
4
 90
5
 90
3
 90
2
 90
5
 90
3
 90
3
 90
4
 90
0
 90
6
 90
3
 90
4
 90
6
 90
5
 90
3
 90
5
 90
6
 90
7
 90
3
 90
5
 90
7
 90
3
 90
3
 90
6
 90
0
 90
8
 90
3
 90
6
 90
8
 90
7
 90
3
 90
7
 90
8
 90
9
 90
3
 90
7
 90
9
 90
3
 90
3
 90
8
 90
0
 90
10
 90
3
 90
8
 90
10
 90
9
 90
3
 90
9
 90
10
 90
11
 90
3
 90
9
 90
11
 90
3
 90
3
 90
10
 90
0
 90
12
 90
3
 90
10
 90
12
 90
11
 90
3
 90
11
 90
12
 90
13
 90
3
 90
11
 90
13
 90
3
 90
3
 90
12
 90
0
 90
14
 90
3
 90
12
 90
14
 90
13
 90
3
 90
13
 90
14
 90
15
 90
3
 90
13
 90
15
 90
3
 90
3
 90
14
 90
0
 90
16
 90
3
 90
14
 90
16
 90
15
 90
3
 90
15
 90
16
 90
17
 90
3
 90
15
 90
17
 90
3
 90
3
 90
16
 90
0
 90
1
 90
3
 90
16
 90
1
 90
17
 90
3
 90
17
 90
1
 90
2
 90
3
 90
17
 90
2
 90
3
 90
3
 90
19
 90
18
 90
22
 90
3
 90
19
 90
22
 90
20
 90
3
 90
20
 90
22
 90
23
 90
3
 90
20
 90
23
 90
21
 90
3
 90
22
 90
18
 90
24
 90
3
 90
22
 90
24
 90
23
 90
3
 90
23
 90
24
 90
25
 90
3
 90
23
 90
25
 90
21
 90
3
 90
24
 90
18
 90
26
 90
3
 90
24
 90
26
 90
25
 90
3
 90
25
 90
26
 90
27
 90
3
 90
25
 90
27
 90
21
 90
3
 90
26
 90
18
 90
28
 90
3
 90
26
 90
28
 90
27
 90
3
 90
27
 90
28
 90
29
 90
3
 90
27
 90
29
 90
21
 90
3
 90
28
 90
18
 90
30
 90
3
 90
28
 90
30
 90
29
 90
3
 90
29
 90
30
 90
31
 90
3
 90
29
 90
31
 90
21
 90
3
 90
30
 90
18
 90
32
 90
3
 90
30
 90
32
 90
31
 90
3
 90
31
 90
32
 90
33
 90
3
 90
31
 90
33
 90
21
 90
3
 90
32
 90
18
 90
34
 90
3
 90
32
 90
34
 90
33
 90
3
 90
33
 90
34
 90
35
 90
3
 90
33
 90
35
 90
21
 90
3
 90
34
 90
18
 90
19
 90
3
 90
34
 90
19
 90
35
 90
3
 90
35
 90
19
 90
20
 90
3
 90
35
 90
20
 90
21
 90
3
 90
37
 90
36
 90
40
 90
3
 90
37
 90
40
 90
38
 90
3
 90
38
 90
40
 90
41
 90
3
 90
38
 90
41
 90
39
 90
3
 90
40
 90
36
 90
42
 90
3
 90
40
 90
42
 90
41
 90
3
 90
41
 90
42
 90
43
 90
3
 90
41
 90
43
 90
39
 90
3
 90
42
 90
36
 90
44
 90
3
 90
42
 90
44
 90
43
 90
3
 90
43
 90
44
 90
45
 90
3
 90
43
 90
45
 90
39
 90
3
 90
44
 90
36
 90
46
 90
3
 90
44
 90
46
 90
45
 90
3
 90
45
 90
46
 90
47
 90
3
 90
45
 90
47
 90
39
 90
3
 90
46
 90
36
 90
48
 90
3
 90
46
 90
48
 90
47
 90
3
 90
47
 90
48
 90
49
 90
3
 90
47
 90
49
 90
39
 90
3
 90
48
 90
36
 90
50
 90
3
 90
48
 90
50
 90
49
 90
3
 90
49
 90
50
 90
51
 90
3
 90
49
 90
51
 90
39
 90
3
 90
50
 90
36
 90
52
 90
3
 90
50
 90
52
 90
51
 90
3
 90
51
 90
52
 90
53
 90
3
 90
51
 90
53
 90
39
 90
3
 90
52
 90
36
 90
37
 90
3
 90
52
 90
37
 90
53
 90
3
 90
53
 90
37
 90
38
 90
3
 90
53
 90
38
 90
39
 90
3
 90
55
 90
54
 90
57
 90
3
 90
55
 90
57
 90
56
 90
3
 90
57
 90
54
 90
58
 90
3
 90
57
 90
58
 90
56
 90
3
 90
58
 90
54
 90
59
 90
3
 90
58
 90
59
 90
56
 90
3
 90
59
 90
54
 90
60
 90
3
 90
59
 90
60
 90
56
 90
3
 90
60
 90
54
 90
61
 90
3
 90
60
 90
61
 90
56
 90
3
 90
61
 90
54
 90
62
 90
3
 90
61
 90
62
 90
56
 90
3
 90
62
 90
54
 90
63
 90
3
 90
62
 90
63
 90
56
 90
3
 90
63
 90
54
 90
64
 90
3
 90
63
 90
64
 90
56
 90
3
 90
64
 90
54
 90
65
 90
3
 90
64
 90
65
 90
56
 90
3
 90
65
 90
54
 90
66
 90
3
 90
65
 90
66
 90
56
 90
3
 90
66
 90
54
 90
67
 90
3
 90
66
 90
67
 90
56
 90
3
 90
67
 90
54
 90
68
 90
3
 90
67
 90
68
 90
56
 90
3
 90
68
 90
54
 90
69
 90
3
 90
68
 90
69
 90
56
 90
3
 90
69
 90
54
 90
70
 90
3
 90
69
 90
70
 90
56
 90
3
 90
70
 90
54
 90
71
 90
3
 90
70
 90
71
 90
56
 90
3
 90
71
 90
54
 90
55
 90
3
 90
71
 90
55
 90
56
 90
3
 90
73
 90
72
 90
75
 90
3
 90
73
 90
75
 90
74
 90
3
 90
75
 90
72
 90
76
 90
3
 90
75
 90
76
 90
74
 90
3
 90
76
 90
72
 90
77
 90
3
 90
76
 90
77
 90
74
 90
3
 90
77
 90
72
 90
78
 90
3
 90
77
 90
78
 90
74
 90
3
 90
78
 90
72
 90
79
 90
3
 90
78
 90
79
 90
74
 90
3
 90
79
 90
72
 90
80
 90
3
 90
79
 90
80
 90
74
 90
3
 90
80
 90
72
 90
81
 90
3
 90
80
 90
81
 90
74
 90
3
 90
81
 90
72
 90
82
 90
3
 90
81
 90
82
 90
74
 90
3
 90
82
 90
72
 90
83
 90
3
 90
82
 90
83
 90
74
 90
3
 90
83
 90
72
 90
84
 90
3
 90
83
 90
84
 90
74
 90
3
 90
84
 90
72
 90
85
 90
3
 90
84
 90
85
 90
74
 90
3
 90
85
 90
72
 90
86
 90
3
 90
85
 90
86
 90
74
 90
3
 90
86
 90
72
 90
87
 90
3
 90
86
 90
87
 90
74
 90
3
 90
87
 90
72
 90
88
 90
3
 90
87
 90
88
 90
74
 90
3
 90
88
 90
72
 90
89
 90
3
 90
88
 90
89
 90
74
 90
3
 90
89
 90
72
 90
73
 90
3
 90
89
 90
73
 90
74
 90
3
 90
95
 90
96
 90
90
 90
3
 90
93
 90
94
 90
95
 90
3
 90
92
 90
93
 90
95
 90
3
 90
91
 90
92
 90
95
 90
3
 90
90
 90
91
 90
95
 90
3
 90
97
 90
103
 90
102
 90
3
 90
102
 90
101
 90
100
 90
3
 90
102
 90
100
 90
99
 90
3
 90
102
 90
99
 90
98
 90
3
 90
102
 90
98
 90
97
 90
3
 90
97
 90
98
 90
90
 90
3
 90
90
 90
98
 90
91
 90
3
 90
98
 90
99
 90
91
 90
3
 90
91
 90
99
 90
92
 90
3
 90
99
 90
100
 90
92
 90
3
 90
92
 90
100
 90
93
 90
3
 90
100
 90
101
 90
93
 90
3
 90
93
 90
101
 90
94
 90
3
 90
101
 90
102
 90
94
 90
3
 90
94
 90
102
 90
95
 90
3
 90
103
 90
97
 90
96
 90
3
 90
96
 90
97
 90
90
 90
3
 90
102
 90
103
 90
95
 90
3
 90
95
 90
103
 90
96
 90
3
 90
106
 90
107
 90
104
 90
3
 90
105
 90
106
 90
104
 90
3
 90
108
 90
111
 90
110
 90
3
 90
108
 90
110
 90
109
 90
3
 90
108
 90
109
 90
104
 90
3
 90
104
 90
109
 90
105
 90
3
 90
109
 90
110
 90
105
 90
3
 90
105
 90
110
 90
106
 90
3
 90
111
 90
108
 90
107
 90
3
 90
107
 90
108
 90
104
 90
3
 90
110
 90
111
 90
106
 90
3
 90
106
 90
111
 90
107
 90
3
 90
114
 90
115
 90
112
 90
3
 90
113
 90
114
 90
112
 90
3
 90
116
 90
119
 90
118
 90
3
 90
116
 90
118
 90
117
 90
3
 90
116
 90
117
 90
112
 90
3
 90
112
 90
117
 90
113
 90
3
 90
117
 90
118
 90
113
 90
3
 90
113
 90
118
 90
114
 90
3
 90
119
 90
116
 90
115
 90
3
 90
115
 90
116
 90
112
 90
3
 90
118
 90
119
 90
114
 90
3
 90
114
 90
119
 90
115
 90
3
 90
153
 90
154
 90
142
 90
3
 90
168
 90
153
 90
142
 90
3
 90
167
 90
168
 90
142
 90
3
 90
166
 90
167
 90
142
 90
3
 90
142
 90
154
 90
155
 90
3
 90
141
 90
142
 90
155
 90
3
 90
140
 90
141
 90
155
 90
3
 90
139
 90
140
 90
155
 90
3
 90
137
 90
138
 90
139
 90
3
 90
136
 90
137
 90
139
 90
3
 90
135
 90
136
 90
139
 90
3
 90
134
 90
135
 90
139
 90
3
 90
132
 90
133
 90
134
 90
3
 90
131
 90
132
 90
134
 90
3
 90
130
 90
131
 90
134
 90
3
 90
129
 90
130
 90
134
 90
3
 90
128
 90
129
 90
134
 90
3
 90
127
 90
128
 90
134
 90
3
 90
126
 90
127
 90
134
 90
3
 90
150
 90
151
 90
152
 90
3
 90
149
 90
150
 90
152
 90
3
 90
148
 90
149
 90
152
 90
3
 90
147
 90
148
 90
152
 90
3
 90
146
 90
147
 90
152
 90
3
 90
145
 90
146
 90
152
 90
3
 90
143
 90
144
 90
145
 90
3
 90
142
 90
143
 90
145
 90
3
 90
139
 90
155
 90
156
 90
3
 90
145
 90
152
 90
120
 90
3
 90
139
 90
156
 90
157
 90
3
 90
145
 90
120
 90
121
 90
3
 90
139
 90
157
 90
158
 90
3
 90
145
 90
121
 90
122
 90
3
 90
139
 90
158
 90
159
 90
3
 90
134
 90
139
 90
159
 90
3
 90
145
 90
122
 90
123
 90
3
 90
134
 90
159
 90
160
 90
3
 90
145
 90
123
 90
124
 90
3
 90
142
 90
145
 90
124
 90
3
 90
134
 90
160
 90
161
 90
3
 90
142
 90
124
 90
125
 90
3
 90
134
 90
161
 90
162
 90
3
 90
142
 90
125
 90
126
 90
3
 90
166
 90
142
 90
126
 90
3
 90
165
 90
166
 90
126
 90
3
 90
134
 90
162
 90
163
 90
3
 90
165
 90
126
 90
134
 90
3
 90
164
 90
165
 90
134
 90
3
 90
163
 90
164
 90
134
 90
3
 90
191
 90
203
 90
202
 90
3
 90
191
 90
202
 90
217
 90
3
 90
191
 90
217
 90
216
 90
3
 90
191
 90
216
 90
215
 90
3
 90
204
 90
203
 90
191
 90
3
 90
204
 90
191
 90
190
 90
3
 90
204
 90
190
 90
189
 90
3
 90
204
 90
189
 90
188
 90
3
 90
188
 90
187
 90
186
 90
3
 90
188
 90
186
 90
185
 90
3
 90
188
 90
185
 90
184
 90
3
 90
188
 90
184
 90
183
 90
3
 90
183
 90
182
 90
181
 90
3
 90
183
 90
181
 90
180
 90
3
 90
183
 90
180
 90
179
 90
3
 90
183
 90
179
 90
178
 90
3
 90
183
 90
178
 90
177
 90
3
 90
183
 90
177
 90
176
 90
3
 90
183
 90
176
 90
175
 90
3
 90
201
 90
200
 90
199
 90
3
 90
201
 90
199
 90
198
 90
3
 90
201
 90
198
 90
197
 90
3
 90
201
 90
197
 90
196
 90
3
 90
201
 90
196
 90
195
 90
3
 90
201
 90
195
 90
194
 90
3
 90
194
 90
193
 90
192
 90
3
 90
194
 90
192
 90
191
 90
3
 90
205
 90
204
 90
188
 90
3
 90
169
 90
201
 90
194
 90
3
 90
206
 90
205
 90
188
 90
3
 90
170
 90
169
 90
194
 90
3
 90
207
 90
206
 90
188
 90
3
 90
171
 90
170
 90
194
 90
3
 90
208
 90
207
 90
188
 90
3
 90
208
 90
188
 90
183
 90
3
 90
172
 90
171
 90
194
 90
3
 90
209
 90
208
 90
183
 90
3
 90
173
 90
172
 90
194
 90
3
 90
173
 90
194
 90
191
 90
3
 90
210
 90
209
 90
183
 90
3
 90
174
 90
173
 90
191
 90
3
 90
211
 90
210
 90
183
 90
3
 90
175
 90
174
 90
191
 90
3
 90
175
 90
191
 90
215
 90
3
 90
175
 90
215
 90
214
 90
3
 90
212
 90
211
 90
183
 90
3
 90
183
 90
175
 90
214
 90
3
 90
183
 90
214
 90
213
 90
3
 90
183
 90
213
 90
212
 90
3
 90
169
 90
170
 90
120
 90
3
 90
120
 90
170
 90
121
 90
3
 90
170
 90
171
 90
121
 90
3
 90
121
 90
171
 90
122
 90
3
 90
171
 90
172
 90
122
 90
3
 90
122
 90
172
 90
123
 90
3
 90
172
 90
173
 90
123
 90
3
 90
123
 90
173
 90
124
 90
3
 90
173
 90
174
 90
124
 90
3
 90
124
 90
174
 90
125
 90
3
 90
174
 90
175
 90
125
 90
3
 90
125
 90
175
 90
126
 90
3
 90
175
 90
176
 90
126
 90
3
 90
126
 90
176
 90
127
 90
3
 90
176
 90
177
 90
127
 90
3
 90
127
 90
177
 90
128
 90
3
 90
177
 90
178
 90
128
 90
3
 90
128
 90
178
 90
129
 90
3
 90
178
 90
179
 90
129
 90
3
 90
129
 90
179
 90
130
 90
3
 90
179
 90
180
 90
130
 90
3
 90
130
 90
180
 90
131
 90
3
 90
180
 90
181
 90
131
 90
3
 90
131
 90
181
 90
132
 90
3
 90
181
 90
182
 90
132
 90
3
 90
132
 90
182
 90
133
 90
3
 90
182
 90
183
 90
133
 90
3
 90
133
 90
183
 90
134
 90
3
 90
183
 90
184
 90
134
 90
3
 90
134
 90
184
 90
135
 90
3
 90
184
 90
185
 90
135
 90
3
 90
135
 90
185
 90
136
 90
3
 90
185
 90
186
 90
136
 90
3
 90
136
 90
186
 90
137
 90
3
 90
186
 90
187
 90
137
 90
3
 90
137
 90
187
 90
138
 90
3
 90
187
 90
188
 90
138
 90
3
 90
138
 90
188
 90
139
 90
3
 90
188
 90
189
 90
139
 90
3
 90
139
 90
189
 90
140
 90
3
 90
189
 90
190
 90
140
 90
3
 90
140
 90
190
 90
141
 90
3
 90
190
 90
191
 90
141
 90
3
 90
141
 90
191
 90
142
 90
3
 90
191
 90
192
 90
142
 90
3
 90
142
 90
192
 90
143
 90
3
 90
192
 90
193
 90
143
 90
3
 90
143
 90
193
 90
144
 90
3
 90
193
 90
194
 90
144
 90
3
 90
144
 90
194
 90
145
 90
3
 90
194
 90
195
 90
145
 90
3
 90
145
 90
195
 90
146
 90
3
 90
195
 90
196
 90
146
 90
3
 90
146
 90
196
 90
147
 90
3
 90
196
 90
197
 90
147
 90
3
 90
147
 90
197
 90
148
 90
3
 90
197
 90
198
 90
148
 90
3
 90
148
 90
198
 90
149
 90
3
 90
198
 90
199
 90
149
 90
3
 90
149
 90
199
 90
150
 90
3
 90
199
 90
200
 90
150
 90
3
 90
150
 90
200
 90
151
 90
3
 90
201
 90
169
 90
152
 90
3
 90
152
 90
169
 90
120
 90
3
 90
200
 90
201
 90
151
 90
3
 90
151
 90
201
 90
152
 90
3
 90
202
 90
203
 90
153
 90
3
 90
153
 90
203
 90
154
 90
3
 90
203
 90
204
 90
154
 90
3
 90
154
 90
204
 90
155
 90
3
 90
204
 90
205
 90
155
 90
3
 90
155
 90
205
 90
156
 90
3
 90
205
 90
206
 90
156
 90
3
 90
156
 90
206
 90
157
 90
3
 90
206
 90
207
 90
157
 90
3
 90
157
 90
207
 90
158
 90
3
 90
207
 90
208
 90
158
 90
3
 90
158
 90
208
 90
159
 90
3
 90
208
 90
209
 90
159
 90
3
 90
159
 90
209
 90
160
 90
3
 90
209
 90
210
 90
160
 90
3
 90
160
 90
210
 90
161
 90
3
 90
210
 90
211
 90
161
 90
3
 90
161
 90
211
 90
162
 90
3
 90
211
 90
212
 90
162
 90
3
 90
162
 90
212
 90
163
 90
3
 90
212
 90
213
 90
163
 90
3
 90
163
 90
213
 90
164
 90
3
 90
213
 90
214
 90
164
 90
3
 90
164
 90
214
 90
165
 90
3
 90
214
 90
215
 90
165
 90
3
 90
165
 90
215
 90
166
 90
3
 90
215
 90
216
 90
166
 90
3
 90
166
 90
216
 90
167
 90
3
 90
217
 90
202
 90
168
 90
3
 90
168
 90
202
 90
153
 90
3
 90
216
 90
217
 90
167
 90
3
 90
167
 90
217
 90
168
 90
3
 90
220
 90
221
 90
218
 90
3
 90
219
 90
220
 90
218
 90
3
 90
222
 90
225
 90
224
 90
3
 90
222
 90
224
 90
223
 90
3
 90
222
 90
223
 90
218
 90
3
 90
218
 90
223
 90
219
 90
3
 90
223
 90
224
 90
219
 90
3
 90
219
 90
224
 90
220
 90
3
 90
225
 90
222
 90
221
 90
3
 90
221
 90
222
 90
218
 90
3
 90
224
 90
225
 90
220
 90
3
 90
220
 90
225
 90
221
 90
3
 90
228
 90
229
 90
226
 90
3
 90
227
 90
228
 90
226
 90
3
 90
230
 90
233
 90
232
 90
3
 90
230
 90
232
 90
231
 90
3
 90
230
 90
231
 90
226
 90
3
 90
226
 90
231
 90
227
 90
3
 90
231
 90
232
 90
227
 90
3
 90
227
 90
232
 90
228
 90
3
 90
233
 90
230
 90
229
 90
3
 90
229
 90
230
 90
226
 90
3
 90
232
 90
233
 90
228
 90
3
 90
228
 90
233
 90
229
 94
0
 95
0
 90
0
  0
MESH
  5
9F
330
17
100
AcDbEntity
  8
3D-LABEL
100
AcDbSubDMesh
 71
2
 72
0
 91
0
 92
304
 10
120.0
 20
57.0
 30
91.5
 10
120.35
 20
57.0
 30
91.5
 10
120.35
 20
57.0
 30
106.5
 10
120.0
 20
57.0
 30
106.5
 10
120.2474873734153
 20
57.24748737341529
 30
91.5
 10
120.2474873734153
 20
57.24748737341529
 30
106.5
 10
120.0
 20
57.35
 30
91.5
 10
120.0
 20
57.35
 30
106.5
 10
119.7525126265847
 20
57.24748737341529
 30
91.5
 10
119.7525126265847
 20
57.24748737341529
 30
106.5
 10
119.65
 20
57.0
 30
91.5
 10
119.65
 20
57.0
 30
106.5
 10
119.7525126265847
 20
56.75251262658471
 30
91.5
 10
119.7525126265847
 20
56.75251262658471
 30
106.5
 10
120.0
 20
56.65
 30
91.5
 10
120.0
 20
56.65
 30
106.5
 10
120.2474873734153
 20
56.75251262658471
 30
91.5
 10
120.2474873734153
 20
56.75251262658471
 30
106.5
 10
120.0
 20
120.0
 30
91.5
 10
120.35
 20
120.0
 30
91.5
 10
120.35
 20
120.0
 30
106.5
 10
120.0
 20
120.0
 30
106.5
 10
120.2474873734153
 20
120.2474873734153
 30
91.5
 10
120.2474873734153
 20
120.2474873734153
 30
106.5
 10
120.0
 20
120.35
 30
91.5
 10
120.0
 20
120.35
 30
106.5
 10
119.7525126265847
 20
120.2474873734153
 30
91.5
 10
119.7525126265847
 20
120.2474873734153
 30
106.5
 10
119.65
 20
120.0
 30
91.5
 10
119.65
 20
120.0
 30
106.5
 10
119.7525126265847
 20
119.7525126265847
 30
91.5
 10
119.7525126265847
 20
119.7525126265847
 30
106.5
 10
120.0
 20
119.65
 30
91.5
 10
120.0
 20
119.65
 30
106.5
 10
120.2474873734153
 20
119.7525126265847
 30
91.5
 10
120.2474873734153
 20
119.7525126265847
 30
106.5
 10
120.0
 20
57.0
 30
104.0
 10
120.0
 20
57.0
 30
103.65
 10
120.0
 20
120.0
 30
103.65
 10
120.0
 20
120.0
 30
104.0
 10
119.7525126265847
 20
57.0
 30
103.7525126265847
 10
119.7525126265847
 20
120.0
 30
103.7525126265847
 10
119.65
 20
57.0
 30
104.0
 10
119.65
 20
120.0
 30
104.0
 10
119.7525126265847
 20
57.0
 30
104.2474873734153
 10
119.7525126265847
 20
120.0
 30
104.2474873734153
 10
120.0
 20
57.0
 30
104.35
 10
120.0
 20
120.0
 30
104.35
 10
120.2474873734153
 20
57.0
 30
104.2474873734153
 10
120.2474873734153
 20
120.0
 30
104.2474873734153
 10
120.35
 20
57.0
 30
104.0
 10
120.35
 20
120.0
 30
104.0
 10
120.2474873734153
 20
57.0
 30
103.7525126265847
 10
120.2474873734153
 20
120.0
 30
103.7525126265847
 10
120.0
 20
61.0
 30
104.0
 10
120.0
 20
61.0
 30
102.6
 10
120.0
 20
57.0
 30
104.0
 10
120.53575680531112
 20
61.0
 30
102.7065686544842
 10
120.98994949366117
 20
61.0
 30
103.01005050633883
 10
121.2934313455158
 20
61.0
 30
103.46424319468888
 10
121.4
 20
61.0
 30
104.0
 10
121.2934313455158
 20
61.0
 30
104.53575680531112
 10
120.98994949366117
 20
61.0
 30
104.98994949366117
 10
120.53575680531112
 20
61.0
 30
105.2934313455158
 10
120.0
 20
61.0
 30
105.4
 10
119.46424319468888
 20
61.0
 30
105.2934313455158
 10
119.01005050633883
 20
61.0
 30
104.98994949366117
 10
118.7065686544842
 20
61.0
 30
104.53575680531112
 10
118.6
 20
61.0
 30
104.0
 10
118.7065686544842
 20
61.0
 30
103.46424319468888
 10
119.01005050633883
 20
61.0
 30
103.01005050633883
 10
119.46424319468888
 20
61.0
 30
102.7065686544842
 10
120.0
 20
116.0
 30
104.0
 10
120.0
 20
116.0
 30
102.6
 10
120.0
 20
120.0
 30
104.0
 10
119.46424319468888
 20
116.0
 30
102.7065686544842
 10
119.01005050633883
 20
116.0
 30
103.01005050633883
 10
118.7065686544842
 20
116.0
 30
103.46424319468888
 10
118.6
 20
116.0
 30
104.0
 10
118.7065686544842
 20
116.0
 30
104.53575680531112
 10
119.01005050633883
 20
116.0
 30
104.98994949366117
 10
119.46424319468888
 20
116.0
 30
105.2934313455158
 10
120.0
 20
116.0
 30
105.4
 10
120.53575680531112
 20
116.0
 30
105.2934313455158
 10
120.98994949366117
 20
116.0
 30
104.98994949366117
 10
121.2934313455158
 20
116.0
 30
104.53575680531112
 10
121.4
 20
116.0
 30
104.0
 10
121.2934313455158
 20
116.0
 30
103.46424319468888
 10
120.98994949366117
 20
116.0
 30
103.01005050633883
 10
120.53575680531112
 20
116.0
 30
102.7065686544842
 10
119.8
 20
83.46206275720165
 30
110.0519975994513
 10
119.8
 20
81.2854938271605
 30
110.0519975994513
 10
119.8
 20
81.2854938271605
 30
109.27824931412894
 10
119.8
 20
81.43284893689986
 30
109.31415037722908
 10
119.8
 20
81.58127572016461
 30
109.34040637860082
 10
119.8
 20
81.73318544238683
 30
109.35728523662551
 10
119.8
 20
81.89098936899863
 30
109.36291152263375
 10
119.8
 20
82.70385373799725
 30
109.24851037379973
 10
119.8
 20
83.31417181069959
 30
108.90530692729767
 10
119.8
 20
83.69595550411523
 30
108.35794967421126
 10
119.8
 20
83.82321673525377
 30
107.63108710562415
 10
119.8
 20
83.68470293209876
 30
106.90851123113855
 10
119.8
 20
83.26916152263374
 30
106.36115397805213
 10
119.8
 20
82.6074031207133
 30
106.01714677640604
 10
119.8
 20
81.73023834019205
 30
105.90247770919068
 10
119.8
 20
81.30692729766804
 30
105.92310742455419
 10
119.8
 20
80.88790294924554
 30
105.98499657064473
 10
119.8
 20
80.47236153978052
 30
106.08868098422496
 10
119.8
 20
80.05949931412894
 30
106.23469650205762
 10
119.8
 20
80.05949931412894
 30
107.24957133058984
 10
119.8
 20
80.45735811042525
 30
107.04407793209876
 10
119.8
 20
80.83431927297669
 30
106.89699074074075
 10
119.8
 20
81.19065072016461
 30
106.80938143004116
 10
119.8
 20
81.52662037037037
 30
106.78017832647463
 10
119.8
 20
81.94510888203018
 30
106.8375128600823
 10
119.8
 20
82.2639317558299
 30
107.00951646090535
 10
119.8
 20
82.4664780521262
 30
107.27957818930041
 10
119.8
 20
82.53399348422496
 30
107.63108710562415
 10
119.8
 20
82.4664780521262
 30
107.98447145061728
 10
119.8
 20
82.2639317558299
 30
108.25372942386831
 10
119.8
 20
81.94510888203018
 30
108.42492926954732
 10
119.8
 20
81.52662037037037
 30
108.48199588477367
 10
119.8
 20
81.23887602880659
 30
108.46377743484226
 10
119.8
 20
80.93291323731138
 30
108.40912208504801
 10
119.8
 20
80.60685656721536
 30
108.3177619170096
 10
119.8
 20
80.25668724279835
 30
108.18728566529492
 10
119.8
 20
80.25668724279835
 30
111.00042866941016
 10
119.8
 20
83.46206275720165
 30
111.00042866941016
 10
120.2
 20
83.46206275720165
 30
110.0519975994513
 10
120.2
 20
81.2854938271605
 30
110.0519975994513
 10
120.2
 20
81.2854938271605
 30
109.27824931412894
 10
120.2
 20
81.43284893689986
 30
109.31415037722908
 10
120.2
 20
81.58127572016461
 30
109.34040637860082
 10
120.2
 20
81.73318544238683
 30
109.35728523662551
 10
120.2
 20
81.89098936899863
 30
109.36291152263375
 10
120.2
 20
82.70385373799725
 30
109.24851037379973
 10
120.2
 20
83.31417181069959
 30
108.90530692729767
 10
120.2
 20
83.69595550411523
 30
108.35794967421126
 10
120.2
 20
83.82321673525377
 30
107.63108710562415
 10
120.2
 20
83.68470293209876
 30
106.90851123113855
 10
120.2
 20
83.26916152263374
 30
106.36115397805213
 10
120.2
 20
82.6074031207133
 30
106.01714677640604
 10
120.2
 20
81.73023834019205
 30
105.90247770919068
 10
120.2
 20
81.30692729766804
 30
105.92310742455419
 10
120.2
 20
80.88790294924554
 30
105.98499657064473
 10
120.2
 20
80.47236153978052
 30
106.08868098422496
 10
120.2
 20
80.05949931412894
 30
106.23469650205762
 10
120.2
 20
80.05949931412894
 30
107.24957133058984
 10
120.2
 20
80.45735811042525
 30
107.04407793209876
 10
120.2
 20
80.83431927297669
 30
106.89699074074075
 10
120.2
 20
81.19065072016461
 30
106.80938143004116
 10
120.2
 20
81.52662037037037
 30
106.78017832647463
 10
120.2
 20
81.94510888203018
 30
106.8375128600823
 10
120.2
 20
82.2639317558299
 30
107.00951646090535
 10
120.2
 20
82.4664780521262
 30
107.27957818930041
 10
120.2
 20
82.53399348422496
 30
107.63108710562415
 10
120.2
 20
82.4664780521262
 30
107.98447145061728
 10
120.2
 20
82.2639317558299
 30
108.25372942386831
 10
120.2
 20
81.94510888203018
 30
108.42492926954732
 10
120.2
 20
81.52662037037037
 30
108.48199588477367
 10
120.2
 20
81.23887602880659
 30
108.46377743484226
 10
120.2
 20
80.93291323731138
 30
108.40912208504801
 10
120.2
 20
80.60685656721536
 30
108.3177619170096
 10
120.2
 20
80.25668724279835
 30
108.18728566529492
 10
120.2
 20
80.25668724279835
 30
111.00042866941016
 10
120.2
 20
83.46206275720165
 30
111.00042866941016
 10
119.8
 20
84.95490397805213
 30
109.14107510288066
 10
119.8
 20
84.95490397805213
 30
111.00042866941016
 10
119.8
 20
85.74901406035666
 30
111.00042866941016
 10
119.8
 20
85.74901406035666
 30
109.14107510288066
 10
120.2
 20
84.95490397805213
 30
109.14107510288066
 10
120.2
 20
84.95490397805213
 30
111.00042866941016
 10
120.2
 20
85.74901406035666
 30
111.00042866941016
 10
120.2
 20
85.74901406035666
 30
109.14107510288066
 10
119.8
 20
88.8761574074074
 30
107.4874828532236
 10
119.8
 20
86.77353395061728
 30
107.4874828532236
 10
119.8
 20
86.77353395061728
 30
108.4616340877915
 10
119.8
 20
88.8761574074074
 30
108.4616340877915
 10
120.2
 20
88.8761574074074
 30
107.4874828532236
 10
120.2
 20
86.77353395061728
 30
107.4874828532236
 10
120.2
 20
86.77353395061728
 30
108.4616340877915
 10
120.2
 20
88.8761574074074
 30
108.4616340877915
 10
119.8
 20
93.2110768175583
 30
108.24194101508917
 10
119.8
 20
93.4088005829904
 30
107.8751607510288
 10
119.8
 20
93.4747085048011
 30
107.41996742112482
 10
119.8
 20
93.33217592592592
 30
106.76544281550069
 10
119.8
 20
92.90457818930041
 30
106.28935185185185
 10
119.8
 20
92.20504329561042
 30
105.99919624485597
 10
119.8
 20
91.24455589849109
 30
105.90247770919068
 10
119.8
 20
90.85848551097394
 30
105.91801697530865
 10
119.8
 20
90.4718792866941
 30
105.96463477366255
 10
119.8
 20
90.08714849108368
 30
106.0423311042524
 10
119.8
 20
89.70670438957477
 30
106.1511059670782
 10
119.8
 20
89.70670438957477
 30
107.14561899862825
 10
119.8
 20
90.0673225308642
 30
106.98674339849109
 10
119.8
 20
90.4247256515775
 30
106.87234224965707
 10
119.8
 20
90.77864583333333
 30
106.80321930727024
 10
119.8
 20
91.12667181069959
 30
106.78017832647463
 10
119.8
 20
91.57918595679013
 30
106.82438485939643
 10
119.8
 20
91.9122085048011
 30
106.95700445816186
 10
119.8
 20
92.11716606652949
 30
107.17348251028807
 10
119.8
 20
92.18548525377228
 30
107.46712105624142
 10
119.8
 20
92.11555855624142
 30
107.76745756172839
 10
119.8
 20
91.90577846364883
 30
107.98473936899863
 10
119.8
 20
91.55935999657065
 30
108.11655521262003
 10
119.8
 20
91.07951817558299
 30
108.1604938271605
 10
119.8
 20
90.56404320987654
 30
108.1604938271605
 10
119.8
 20
90.56404320987654
 30
108.99104080932784
 10
119.8
 20
91.10631001371742
 30
108.99104080932784
 10
119.8
 20
91.53042481138546
 30
109.02908521947874
 10
119.8
 20
91.82968964334705
 30
109.14321844993141
 10
119.8
 20
92.00812328532236
 30
109.33531592935527
 10
119.8
 20
92.06760116598079
 30
109.60725308641976
 10
119.8
 20
92.00973079561042
 30
109.8620434670782
 10
119.8
 20
91.83611968449931
 30
110.0519975994513
 10
119.8
 20
91.55775248628258
 30
110.17014960562415
 10
119.8
 20
91.18347050754458
 30
110.20953360768175
 10
119.8
 20
90.87080975651577
 30
110.19185099451303
 10
119.8
 20
90.55439814814815
 30
110.13880315500685
 10
119.8
 20
90.23691486625515
 30
110.05226551783265
 10
119.8
 20
89.92103909465021
 30
109.93197016460906
 10
119.8
 20
89.92103909465021
 30
110.87611454046639
 10
119.8
 20
90.30094735939643
 30
110.9698859739369
 10
119.8
 20
90.67764060356653
 30
111.03686556927298
 10
119.8
 20
91.04951131687243
 30
111.07705332647463
 10
119.8
 20
91.41495198902606
 30
111.09044924554183
 10
119.8
 20
92.26639660493827
 30
111.01034164951989
 10
119.8
 20
92.8724279835391
 30
110.77001886145405
 10
119.8
 20
93.23572530864197
 30
110.36974879972566
 10
119.8
 20
93.3568244170096
 30
109.80765603566529
 10
119.8
 20
93.29895404663924
 30
109.40899348422496
 10
119.8
 20
93.12534293552812
 30
109.08963477366255
 10
119.8
 20
92.83947402263374
 30
108.85145533264746
 10
119.8
 20
92.44268689986282
 30
108.69633058984911
 10
119.8
 20
92.88769933127573
 30
108.51736111111111
 10
120.2
 20
93.2110768175583
 30
108.24194101508917
 10
120.2
 20
93.4088005829904
 30
107.8751607510288
 10
120.2
 20
93.4747085048011
 30
107.41996742112482
 10
120.2
 20
93.33217592592592
 30
106.76544281550069
 10
120.2
 20
92.90457818930041
 30
106.28935185185185
 10
120.2
 20
92.20504329561042
 30
105.99919624485597
 10
120.2
 20
91.24455589849109
 30
105.90247770919068
 10
120.2
 20
90.85848551097394
 30
105.91801697530865
 10
120.2
 20
90.4718792866941
 30
105.96463477366255
 10
120.2
 20
90.08714849108368
 30
106.0423311042524
 10
120.2
 20
89.70670438957477
 30
106.1511059670782
 10
120.2
 20
89.70670438957477
 30
107.14561899862825
 10
120.2
 20
90.0673225308642
 30
106.98674339849109
 10
120.2
 20
90.4247256515775
 30
106.87234224965707
 10
120.2
 20
90.77864583333333
 30
106.80321930727024
 10
120.2
 20
91.12667181069959
 30
106.78017832647463
 10
120.2
 20
91.57918595679013
 30
106.82438485939643
 10
120.2
 20
91.9122085048011
 30
106.95700445816186
 10
120.2
 20
92.11716606652949
 30
107.17348251028807
 10
120.2
 20
92.18548525377228
 30
107.46712105624142
 10
120.2
 20
92.11555855624142
 30
107.76745756172839
 10
120.2
 20
91.90577846364883
 30
107.98473936899863
 10
120.2
 20
91.55935999657065
 30
108.11655521262003
 10
120.2
 20
91.07951817558299
 30
108.1604938271605
 10
120.2
 20
90.56404320987654
 30
108.1604938271605
 10
120.2
 20
90.56404320987654
 30
108.99104080932784
 10
120.2
 20
91.10631001371742
 30
108.99104080932784
 10
120.2
 20
91.53042481138546
 30
109.02908521947874
 10
120.2
 20
91.82968964334705
 30
109.14321844993141
 10
120.2
 20
92.00812328532236
 30
109.33531592935527
 10
120.2
 20
92.06760116598079
 30
109.60725308641976
 10
120.2
 20
92.00973079561042
 30
109.8620434670782
 10
120.2
 20
91.83611968449931
 30
110.0519975994513
 10
120.2
 20
91.55775248628258
 30
110.17014960562415
 10
120.2
 20
91.18347050754458
 30
110.20953360768175
 10
120.2
 20
90.87080975651577
 30
110.19185099451303
 10
120.2
 20
90.55439814814815
 30
110.13880315500685
 10
120.2
 20
90.23691486625515
 30
110.05226551783265
 10
120.2
 20
89.92103909465021
 30
109.93197016460906
 10
120.2
 20
89.92103909465021
 30
110.87611454046639
 10
120.2
 20
90.30094735939643
 30
110.9698859739369
 10
120.2
 20
90.67764060356653
 30
111.03686556927298
 10
120.2
 20
91.04951131687243
 30
111.07705332647463
 10
120.2
 20
91.41495198902606
 30
111.09044924554183
 10
120.2
 20
92.26639660493827
 30
111.01034164951989
 10
120.2
 20
92.8724279835391
 30
110.77001886145405
 10
120.2
 20
93.23572530864197
 30
110.36974879972566
 10
120.2
 20
93.3568244170096
 30
109.80765603566529
 10
120.2
 20
93.29895404663924
 30
109.40899348422496
 10
120.2
 20
93.12534293552812
 30
109.08963477366255
 10
120.2
 20
92.83947402263374
 30
108.85145533264746
 10
120.2
 20
92.44268689986282
 30
108.69633058984911
 10
120.2
 20
92.88769933127573
 30
108.51736111111111
 10
119.8
 20
96.14639060356653
 30
109.14107510288066
 10
119.8
 20
96.14639060356653
 30
111.00042866941016
 10
119.8
 20
96.94050068587106
 30
111.00042866941016
 10
119.8
 20
96.94050068587106
 30
109.14107510288066
 10
120.2
 20
96.14639060356653
 30
109.14107510288066
 10
120.2
 20
96.14639060356653
 30
111.00042866941016
 10
120.2
 20
96.94050068587106
 30
111.00042866941016
 10
120.2
 20
96.94050068587106
 30
109.14107510288066
 10
119.8
 20
94.67283950617283
 30
109.14107510288066
 10
119.8
 20
94.67283950617283
 30
111.00042866941016
 10
119.8
 20
95.46694958847736
 30
111.00042866941016
 10
119.8
 20
95.46694958847736
 30
109.14107510288066
 10
120.2
 20
94.67283950617283
 30
109.14107510288066
 10
120.2
 20
94.67283950617283
 30
111.00042866941016
 10
120.2
 20
95.46694958847736
 30
111.00042866941016
 10
120.2
 20
95.46694958847736
 30
109.14107510288066
 93
2256
 90
3
 90
1
 90
0
 90
4
 90
3
 90
1
 90
4
 90
2
 90
3
 90
2
 90
4
 90
5
 90
3
 90
2
 90
5
 90
3
 90
3
 90
4
 90
0
 90
6
 90
3
 90
4
 90
6
 90
5
 90
3
 90
5
 90
6
 90
7
 90
3
 90
5
 90
7
 90
3
 90
3
 90
6
 90
0
 90
8
 90
3
 90
6
 90
8
 90
7
 90
3
 90
7
 90
8
 90
9
 90
3
 90
7
 90
9
 90
3
 90
3
 90
8
 90
0
 90
10
 90
3
 90
8
 90
10
 90
9
 90
3
 90
9
 90
10
 90
11
 90
3
 90
9
 90
11
 90
3
 90
3
 90
10
 90
0
 90
12
 90
3
 90
10
 90
12
 90
11
 90
3
 90
11
 90
12
 90
13
 90
3
 90
11
 90
13
 90
3
 90
3
 90
12
 90
0
 90
14
 90
3
 90
12
 90
14
 90
13
 90
3
 90
13
 90
14
 90
15
 90
3
 90
13
 90
15
 90
3
 90
3
 90
14
 90
0
 90
16
 90
3
 90
14
 90
16
 90
15
 90
3
 90
15
 90
16
 90
17
 90
3
 90
15
 90
17
 90
3
 90
3
 90
16
 90
0
 90
1
 90
3
 90
16
 90
1
 90
17
 90
3
 90
17
 90
1
 90
2
 90
3
 90
17
 90
2
 90
3
 90
3
 90
19
 90
18
 90
22
 90
3
 90
19
 90
22
 90
20
 90
3
 90
20
 90
22
 90
23
 90
3
 90
20
 90
23
 90
21
 90
3
 90
22
 90
18
 90
24
 90
3
 90
22
 90
24
 90
23
 90
3
 90
23
 90
24
 90
25
 90
3
 90
23
 90
25
 90
21
 90
3
 90
24
 90
18
 90
26
 90
3
 90
24
 90
26
 90
25
 90
3
 90
25
 90
26
 90
27
 90
3
 90
25
 90
27
 90
21
 90
3
 90
26
 90
18
 90
28
 90
3
 90
26
 90
28
 90
27
 90
3
 90
27
 90
28
 90
29
 90
3
 90
27
 90
29
 90
21
 90
3
 90
28
 90
18
 90
30
 90
3
 90
28
 90
30
 90
29
 90
3
 90
29
 90
30
 90
31
 90
3
 90
29
 90
31
 90
21
 90
3
 90
30
 90
18
 90
32
 90
3
 90
30
 90
32
 90
31
 90
3
 90
31
 90
32
 90
33
 90
3
 90
31
 90
33
 90
21
 90
3
 90
32
 90
18
 90
34
 90
3
 90
32
 90
34
 90
33
 90
3
 90
33
 90
34
 90
35
 90
3
 90
33
 90
35
 90
21
 90
3
 90
34
 90
18
 90
19
 90
3
 90
34
 90
19
 90
35
 90
3
 90
35
 90
19
 90
20
 90
3
 90
35
 90
20
 90
21
 90
3
 90
37
 90
36
 90
40
 90
3
 90
37
 90
40
 90
38
 90
3
 90
38
 90
40
 90
41
 90
3
 90
38
 90
41
 90
39
 90
3
 90
40
 90
36
 90
42
 90
3
 90
40
 90
42
 90
41
 90
3
 90
41
 90
42
 90
43
 90
3
 90
41
 90
43
 90
39
 90
3
 90
42
 90
36
 90
44
 90
3
 90
42
 90
44
 90
43
 90
3
 90
43
 90
44
 90
45
 90
3
 90
43
 90
45
 90
39
 90
3
 90
44
 90
36
 90
46
 90
3
 90
44
 90
46
 90
45
 90
3
 90
45
 90
46
 90
47
 90
3
 90
45
 90
47
 90
39
 90
3
 90
46
 90
36
 90
48
 90
3
 90
46
 90
48
 90
47
 90
3
 90
47
 90
48
 90
49
 90
3
 90
47
 90
49
 90
39
 90
3
 90
48
 90
36
 90
50
 90
3
 90
48
 90
50
 90
49
 90
3
 90
49
 90
50
 90
51
 90
3
 90
49
 90
51
 90
39
 90
3
 90
50
 90
36
 90
52
 90
3
 90
50
 90
52
 90
51
 90
3
 90
51
 90
52
 90
53
 90
3
 90
51
 90
53
 90
39
 90
3
 90
52
 90
36
 90
37
 90
3
 90
52
 90
37
 90
53
 90
3
 90
53
 90
37
 90
38
 90
3
 90
53
 90
38
 90
39
 90
3
 90
55
 90
54
 90
57
 90
3
 90
55
 90
57
 90
56
 90
3
 90
57
 90
54
 90
58
 90
3
 90
57
 90
58
 90
56
 90
3
 90
58
 90
54
 90
59
 90
3
 90
58
 90
59
 90
56
 90
3
 90
59
 90
54
 90
60
 90
3
 90
59
 90
60
 90
56
 90
3
 90
60
 90
54
 90
61
 90
3
 90
60
 90
61
 90
56
 90
3
 90
61
 90
54
 90
62
 90
3
 90
61
 90
62
 90
56
 90
3
 90
62
 90
54
 90
63
 90
3
 90
62
 90
63
 90
56
 90
3
 90
63
 90
54
 90
64
 90
3
 90
63
 90
64
 90
56
 90
3
 90
64
 90
54
 90
65
 90
3
 90
64
 90
65
 90
56
 90
3
 90
65
 90
54
 90
66
 90
3
 90
65
 90
66
 90
56
 90
3
 90
66
 90
54
 90
67
 90
3
 90
66
 90
67
 90
56
 90
3
 90
67
 90
54
 90
68
 90
3
 90
67
 90
68
 90
56
 90
3
 90
68
 90
54
 90
69
 90
3
 90
68
 90
69
 90
56
 90
3
 90
69
 90
54
 90
70
 90
3
 90
69
 90
70
 90
56
 90
3
 90
70
 90
54
 90
71
 90
3
 90
70
 90
71
 90
56
 90
3
 90
71
 90
54
 90
55
 90
3
 90
71
 90
55
 90
56
 90
3
 90
73
 90
72
 90
75
 90
3
 90
73
 90
75
 90
74
 90
3
 90
75
 90
72
 90
76
 90
3
 90
75
 90
76
 90
74
 90
3
 90
76
 90
72
 90
77
 90
3
 90
76
 90
77
 90
74
 90
3
 90
77
 90
72
 90
78
 90
3
 90
77
 90
78
 90
74
 90
3
 90
78
 90
72
 90
79
 90
3
 90
78
 90
79
 90
74
 90
3
 90
79
 90
72
 90
80
 90
3
 90
79
 90
80
 90
74
 90
3
 90
80
 90
72
 90
81
 90
3
 90
80
 90
81
 90
74
 90
3
 90
81
 90
72
 90
82
 90
3
 90
81
 90
82
 90
74
 90
3
 90
82
 90
72
 90
83
 90
3
 90
82
 90
83
 90
74
 90
3
 90
83
 90
72
 90
84
 90
3
 90
83
 90
84
 90
74
 90
3
 90
84
 90
72
 90
85
 90
3
 90
84
 90
85
 90
74
 90
3
 90
85
 90
72
 90
86
 90
3
 90
85
 90
86
 90
74
 90
3
 90
86
 90
72
 90
87
 90
3
 90
86
 90
87
 90
74
 90
3
 90
87
 90
72
 90
88
 90
3
 90
87
 90
88
 90
74
 90
3
 90
88
 90
72
 90
89
 90
3
 90
88
 90
89
 90
74
 90
3
 90
89
 90
72
 90
73
 90
3
 90
89
 90
73
 90
74
 90
3
 90
126
 90
127
 90
90
 90
3
 90
124
 90
125
 90
126
 90
3
 90
123
 90
124
 90
126
 90
3
 90
122
 90
123
 90
126
 90
3
 90
121
 90
122
 90
126
 90
3
 90
108
 90
109
 90
110
 90
3
 90
107
 90
108
 90
110
 90
3
 90
106
 90
107
 90
110
 90
3
 90
105
 90
106
 90
110
 90
3
 90
104
 90
105
 90
110
 90
3
 90
103
 90
104
 90
110
 90
3
 90
101
 90
102
 90
103
 90
3
 90
100
 90
101
 90
103
 90
3
 90
99
 90
100
 90
103
 90
3
 90
98
 90
99
 90
103
 90
3
 90
97
 90
98
 90
103
 90
3
 90
95
 90
96
 90
97
 90
3
 90
94
 90
95
 90
97
 90
3
 90
93
 90
94
 90
97
 90
3
 90
92
 90
93
 90
97
 90
3
 90
126
 90
90
 90
91
 90
3
 90
103
 90
110
 90
111
 90
3
 90
126
 90
91
 90
92
 90
3
 90
121
 90
126
 90
92
 90
3
 90
120
 90
121
 90
92
 90
3
 90
119
 90
120
 90
92
 90
3
 90
103
 90
111
 90
112
 90
3
 90
119
 90
92
 90
97
 90
3
 90
118
 90
119
 90
97
 90
3
 90
117
 90
118
 90
97
 90
3
 90
103
 90
112
 90
113
 90
3
 90
117
 90
97
 90
103
 90
3
 90
116
 90
117
 90
103
 90
3
 90
115
 90
116
 90
103
 90
3
 90
114
 90
115
 90
103
 90
3
 90
113
 90
114
 90
103
 90
3
 90
128
 90
165
 90
164
 90
3
 90
164
 90
163
 90
162
 90
3
 90
164
 90
162
 90
161
 90
3
 90
164
 90
161
 90
160
 90
3
 90
164
 90
160
 90
159
 90
3
 90
148
 90
147
 90
146
 90
3
 90
148
 90
146
 90
145
 90
3
 90
148
 90
145
 90
144
 90
3
 90
148
 90
144
 90
143
 90
3
 90
148
 90
143
 90
142
 90
3
 90
148
 90
142
 90
141
 90
3
 90
141
 90
140
 90
139
 90
3
 90
141
 90
139
 90
138
 90
3
 90
141
 90
138
 90
137
 90
3
 90
141
 90
137
 90
136
 90
3
 90
141
 90
136
 90
135
 90
3
 90
135
 90
134
 90
133
 90
3
 90
135
 90
133
 90
132
 90
3
 90
135
 90
132
 90
131
 90
3
 90
135
 90
131
 90
130
 90
3
 90
129
 90
128
 90
164
 90
3
 90
149
 90
148
 90
141
 90
3
 90
130
 90
129
 90
164
 90
3
 90
130
 90
164
 90
159
 90
3
 90
130
 90
159
 90
158
 90
3
 90
130
 90
158
 90
157
 90
3
 90
150
 90
149
 90
141
 90
3
 90
135
 90
130
 90
157
 90
3
 90
135
 90
157
 90
156
 90
3
 90
135
 90
156
 90
155
 90
3
 90
151
 90
150
 90
141
 90
3
 90
141
 90
135
 90
155
 90
3
 90
141
 90
155
 90
154
 90
3
 90
141
 90
154
 90
153
 90
3
 90
141
 90
153
 90
152
 90
3
 90
141
 90
152
 90
151
 90
3
 90
128
 90
129
 90
90
 90
3
 90
90
 90
129
 90
91
 90
3
 90
129
 90
130
 90
91
 90
3
 90
91
 90
130
 90
92
 90
3
 90
130
 90
131
 90
92
 90
3
 90
92
 90
131
 90
93
 90
3
 90
131
 90
132
 90
93
 90
3
 90
93
 90
132
 90
94
 90
3
 90
132
 90
133
 90
94
 90
3
 90
94
 90
133
 90
95
 90
3
 90
133
 90
134
 90
95
 90
3
 90
95
 90
134
 90
96
 90
3
 90
134
 90
135
 90
96
 90
3
 90
96
 90
135
 90
97
 90
3
 90
135
 90
136
 90
97
 90
3
 90
97
 90
136
 90
98
 90
3
 90
136
 90
137
 90
98
 90
3
 90
98
 90
137
 90
99
 90
3
 90
137
 90
138
 90
99
 90
3
 90
99
 90
138
 90
100
 90
3
 90
138
 90
139
 90
100
 90
3
 90
100
 90
139
 90
101
 90
3
 90
139
 90
140
 90
101
 90
3
 90
101
 90
140
 90
102
 90
3
 90
140
 90
141
 90
102
 90
3
 90
102
 90
141
 90
103
 90
3
 90
141
 90
142
 90
103
 90
3
 90
103
 90
142
 90
104
 90
3
 90
142
 90
143
 90
104
 90
3
 90
104
 90
143
 90
105
 90
3
 90
143
 90
144
 90
105
 90
3
 90
105
 90
144
 90
106
 90
3
 90
144
 90
145
 90
106
 90
3
 90
106
 90
145
 90
107
 90
3
 90
145
 90
146
 90
107
 90
3
 90
107
 90
146
 90
108
 90
3
 90
146
 90
147
 90
108
 90
3
 90
108
 90
147
 90
109
 90
3
 90
147
 90
148
 90
109
 90
3
 90
109
 90
148
 90
110
 90
3
 90
148
 90
149
 90
110
 90
3
 90
110
 90
149
 90
111
 90
3
 90
149
 90
150
 90
111
 90
3
 90
111
 90
150
 90
112
 90
3
 90
150
 90
151
 90
112
 90
3
 90
112
 90
151
 90
113
 90
3
 90
151
 90
152
 90
113
 90
3
 90
113
 90
152
 90
114
 90
3
 90
152
 90
153
 90
114
 90
3
 90
114
 90
153
 90
115
 90
3
 90
153
 90
154
 90
115
 90
3
 90
115
 90
154
 90
116
 90
3
 90
154
 90
155
 90
116
 90
3
 90
116
 90
155
 90
117
 90
3
 90
155
 90
156
 90
117
 90
3
 90
117
 90
156
 90
118
 90
3
 90
156
 90
157
 90
118
 90
3
 90
118
 90
157
 90
119
 90
3
 90
157
 90
158
 90
119
 90
3
 90
119
 90
158
 90
120
 90
3
 90
158
 90
159
 90
120
 90
3
 90
120
 90
159
 90
121
 90
3
 90
159
 90
160
 90
121
 90
3
 90
121
 90
160
 90
122
 90
3
 90
160
 90
161
 90
122
 90
3
 90
122
 90
161
 90
123
 90
3
 90
161
 90
162
 90
123
 90
3
 90
123
 90
162
 90
124
 90
3
 90
162
 90
163
 90
124
 90
3
 90
124
 90
163
 90
125
 90
3
 90
163
 90
164
 90
125
 90
3
 90
125
 90
164
 90
126
 90
3
 90
165
 90
128
 90
127
 90
3
 90
127
 90
128
 90
90
 90
3
 90
164
 90
165
 90
126
 90
3
 90
126
 90
165
 90
127
 90
3
 90
168
 90
169
 90
166
 90
3
 90
167
 90
168
 90
166
 90
3
 90
170
 90
173
 90
172
 90
3
 90
170
 90
172
 90
171
 90
3
 90
170
 90
171
 90
166
 90
3
 90
166
 90
171
 90
167
 90
3
 90
171
 90
172
 90
167
 90
3
 90
167
 90
172
 90
168
 90
3
 90
173
 90
170
 90
169
 90
3
 90
169
 90
170
 90
166
 90
3
 90
172
 90
173
 90
168
 90
3
 90
168
 90
173
 90
169
 90
3
 90
176
 90
177
 90
174
 90
3
 90
175
 90
176
 90
174
 90
3
 90
178
 90
181
 90
180
 90
3
 90
178
 90
180
 90
179
 90
3
 90
178
 90
179
 90
174
 90
3
 90
174
 90
179
 90
175
 90
3
 90
179
 90
180
 90
175
 90
3
 90
175
 90
180
 90
176
 90
3
 90
181
 90
178
 90
177
 90
3
 90
177
 90
178
 90
174
 90
3
 90
180
 90
181
 90
176
 90
3
 90
176
 90
181
 90
177
 90
3
 90
233
 90
234
 90
182
 90
3
 90
231
 90
232
 90
233
 90
3
 90
230
 90
231
 90
233
 90
3
 90
229
 90
230
 90
233
 90
3
 90
228
 90
229
 90
233
 90
3
 90
227
 90
228
 90
233
 90
3
 90
226
 90
227
 90
233
 90
3
 90
224
 90
225
 90
226
 90
3
 90
223
 90
224
 90
226
 90
3
 90
222
 90
223
 90
226
 90
3
 90
221
 90
222
 90
226
 90
3
 90
220
 90
221
 90
226
 90
3
 90
219
 90
220
 90
226
 90
3
 90
218
 90
219
 90
226
 90
3
 90
217
 90
218
 90
226
 90
3
 90
216
 90
217
 90
226
 90
3
 90
215
 90
216
 90
226
 90
3
 90
214
 90
215
 90
226
 90
3
 90
213
 90
214
 90
226
 90
3
 90
212
 90
213
 90
226
 90
3
 90
206
 90
207
 90
208
 90
3
 90
205
 90
206
 90
208
 90
3
 90
204
 90
205
 90
208
 90
3
 90
203
 90
204
 90
208
 90
3
 90
202
 90
203
 90
208
 90
3
 90
192
 90
193
 90
194
 90
3
 90
191
 90
192
 90
194
 90
3
 90
190
 90
191
 90
194
 90
3
 90
189
 90
190
 90
194
 90
3
 90
188
 90
189
 90
194
 90
3
 90
187
 90
188
 90
194
 90
3
 90
185
 90
186
 90
187
 90
3
 90
184
 90
185
 90
187
 90
3
 90
183
 90
184
 90
187
 90
3
 90
182
 90
183
 90
187
 90
3
 90
233
 90
182
 90
187
 90
3
 90
226
 90
233
 90
187
 90
3
 90
202
 90
208
 90
209
 90
3
 90
187
 90
194
 90
195
 90
3
 90
202
 90
209
 90
210
 90
3
 90
201
 90
202
 90
210
 90
3
 90
187
 90
195
 90
196
 90
3
 90
201
 90
210
 90
211
 90
3
 90
187
 90
196
 90
197
 90
3
 90
201
 90
211
 90
212
 90
3
 90
187
 90
197
 90
198
 90
3
 90
201
 90
212
 90
226
 90
3
 90
187
 90
198
 90
199
 90
3
 90
201
 90
226
 90
187
 90
3
 90
200
 90
201
 90
187
 90
3
 90
199
 90
200
 90
187
 90
3
 90
235
 90
287
 90
286
 90
3
 90
286
 90
285
 90
284
 90
3
 90
286
 90
284
 90
283
 90
3
 90
286
 90
283
 90
282
 90
3
 90
286
 90
282
 90
281
 90
3
 90
286
 90
281
 90
280
 90
3
 90
286
 90
280
 90
279
 90
3
 90
279
 90
278
 90
277
 90
3
 90
279
 90
277
 90
276
 90
3
 90
279
 90
276
 90
275
 90
3
 90
279
 90
275
 90
274
 90
3
 90
279
 90
274
 90
273
 90
3
 90
279
 90
273
 90
272
 90
3
 90
279
 90
272
 90
271
 90
3
 90
279
 90
271
 90
270
 90
3
 90
279
 90
270
 90
269
 90
3
 90
279
 90
269
 90
268
 90
3
 90
279
 90
268
 90
267
 90
3
 90
279
 90
267
 90
266
 90
3
 90
279
 90
266
 90
265
 90
3
 90
261
 90
260
 90
259
 90
3
 90
261
 90
259
 90
258
 90
3
 90
261
 90
258
 90
257
 90
3
 90
261
 90
257
 90
256
 90
3
 90
261
 90
256
 90
255
 90
3
 90
247
 90
246
 90
245
 90
3
 90
247
 90
245
 90
244
 90
3
 90
247
 90
244
 90
243
 90
3
 90
247
 90
243
 90
242
 90
3
 90
247
 90
242
 90
241
 90
3
 90
247
 90
241
 90
240
 90
3
 90
240
 90
239
 90
238
 90
3
 90
240
 90
238
 90
237
 90
3
 90
240
 90
237
 90
236
 90
3
 90
240
 90
236
 90
235
 90
3
 90
240
 90
235
 90
286
 90
3
 90
240
 90
286
 90
279
 90
3
 90
262
 90
261
 90
255
 90
3
 90
248
 90
247
 90
240
 90
3
 90
263
 90
262
 90
255
 90
3
 90
263
 90
255
 90
254
 90
3
 90
249
 90
248
 90
240
 90
3
 90
264
 90
263
 90
254
 90
3
 90
250
 90
249
 90
240
 90
3
 90
265
 90
264
 90
254
 90
3
 90
251
 90
250
 90
240
 90
3
 90
279
 90
265
 90
254
 90
3
 90
252
 90
251
 90
240
 90
3
 90
240
 90
279
 90
254
 90
3
 90
240
 90
254
 90
253
 90
3
 90
240
 90
253
 90
252
 90
3
 90
235
 90
236
 90
182
 90
3
 90
182
 90
236
 90
183
 90
3
 90
236
 90
237
 90
183
 90
3
 90
183
 90
237
 90
184
 90
3
 90
237
 90
238
 90
184
 90
3
 90
184
 90
238
 90
185
 90
3
 90
238
 90
239
 90
185
 90
3
 90
185
 90
239
 90
186
 90
3
 90
239
 90
240
 90
186
 90
3
 90
186
 90
240
 90
187
 90
3
 90
240
 90
241
 90
187
 90
3
 90
187
 90
241
 90
188
 90
3
 90
241
 90
242
 90
188
 90
3
 90
188
 90
242
 90
189
 90
3
 90
242
 90
243
 90
189
 90
3
 90
189
 90
243
 90
190
 90
3
 90
243
 90
244
 90
190
 90
3
 90
190
 90
244
 90
191
 90
3
 90
244
 90
245
 90
191
 90
3
 90
191
 90
245
 90
192
 90
3
 90
245
 90
246
 90
192
 90
3
 90
192
 90
246
 90
193
 90
3
 90
246
 90
247
 90
193
 90
3
 90
193
 90
247
 90
194
 90
3
 90
247
 90
248
 90
194
 90
3
 90
194
 90
248
 90
195
 90
3
 90
248
 90
249
 90
195
 90
3
 90
195
 90
249
 90
196
 90
3
 90
249
 90
250
 90
196
 90
3
 90
196
 90
250
 90
197
 90
3
 90
250
 90
251
 90
197
 90
3
 90
197
 90
251
 90
198
 90
3
 90
251
 90
252
 90
198
 90
3
 90
198
 90
252
 90
199
 90
3
 90
252
 90
253
 90
199
 90
3
 90
199
 90
253
 90
200
 90
3
 90
253
 90
254
 90
200
 90
3
 90
200
 90
254
 90
201
 90
3
 90
254
 90
255
 90
201
 90
3
 90
201
 90
255
 90
202
 90
3
 90
255
 90
256
 90
202
 90
3
 90
202
 90
256
 90
203
 90
3
 90
256
 90
257
 90
203
 90
3
 90
203
 90
257
 90
204
 90
3
 90
257
 90
258
 90
204
 90
3
 90
204
 90
258
 90
205
 90
3
 90
258
 90
259
 90
205
 90
3
 90
205
 90
259
 90
206
 90
3
 90
259
 90
260
 90
206
 90
3
 90
206
 90
260
 90
207
 90
3
 90
260
 90
261
 90
207
 90
3
 90
207
 90
261
 90
208
 90
3
 90
261
 90
262
 90
208
 90
3
 90
208
 90
262
 90
209
 90
3
 90
262
 90
263
 90
209
 90
3
 90
209
 90
263
 90
210
 90
3
 90
263
 90
264
 90
210
 90
3
 90
210
 90
264
 90
211
 90
3
 90
264
 90
265
 90
211
 90
3
 90
211
 90
265
 90
212
 90
3
 90
265
 90
266
 90
212
 90
3
 90
212
 90
266
 90
213
 90
3
 90
266
 90
267
 90
213
 90
3
 90
213
 90
267
 90
214
 90
3
 90
267
 90
268
 90
214
 90
3
 90
214
 90
268
 90
215
 90
3
 90
268
 90
269
 90
215
 90
3
 90
215
 90
269
 90
216
 90
3
 90
269
 90
270
 90
216
 90
3
 90
216
 90
270
 90
217
 90
3
 90
270
 90
271
 90
217
 90
3
 90
217
 90
271
 90
218
 90
3
 90
271
 90
272
 90
218
 90
3
 90
218
 90
272
 90
219
 90
3
 90
272
 90
273
 90
219
 90
3
 90
219
 90
273
 90
220
 90
3
 90
273
 90
274
 90
220
 90
3
 90
220
 90
274
 90
221
 90
3
 90
274
 90
275
 90
221
 90
3
 90
221
 90
275
 90
222
 90
3
 90
275
 90
276
 90
222
 90
3
 90
222
 90
276
 90
223
 90
3
 90
276
 90
277
 90
223
 90
3
 90
223
 90
277
 90
224
 90
3
 90
277
 90
278
 90
224
 90
3
 90
224
 90
278
 90
225
 90
3
 90
278
 90
279
 90
225
 90
3
 90
225
 90
279
 90
226
 90
3
 90
279
 90
280
 90
226
 90
3
 90
226
 90
280
 90
227
 90
3
 90
280
 90
281
 90
227
 90
3
 90
227
 90
281
 90
228
 90
3
 90
281
 90
282
 90
228
 90
3
 90
228
 90
282
 90
229
 90
3
 90
282
 90
283
 90
229
 90
3
 90
229
 90
283
 90
230
 90
3
 90
283
 90
284
 90
230
 90
3
 90
230
 90
284
 90
231
 90
3
 90
284
 90
285
 90
231
 90
3
 90
231
 90
285
 90
232
 90
3
 90
285
 90
286
 90
232
 90
3
 90
232
 90
286
 90
233
 90
3
 90
287
 90
235
 90
234
 90
3
 90
234
 90
235
 90
182
 90
3
 90
286
 90
287
 90
233
 90
3
 90
233
 90
287
 90
234
 90
3
 90
290
 90
291
 90
288
 90
3
 90
289
 90
290
 90
288
 90
3
 90
292
 90
295
 90
294
 90
3
 90
292
 90
294
 90
293
 90
3
 90
292
 90
293
 90
288
 90
3
 90
288
 90
293
 90
289
 90
3
 90
293
 90
294
 90
289
 90
3
 90
289
 90
294
 90
290
 90
3
 90
295
 90
292
 90
291
 90
3
 90
291
 90
292
 90
288
 90
3
 90
294
 90
295
 90
290
 90
3
 90
290
 90
295
 90
291
 90
3
 90
298
 90
299
 90
296
 90
3
 90
297
 90
298
 90
296
 90
3
 90
300
 90
303
 90
302
 90
3
 90
300
 90
302
 90
301
 90
3
 90
300
 90
301
 90
296
 90
3
 90
296
 90
301
 90
297
 90
3
 90
301
 90
302
 90
297
 90
3
 90
297
 90
302
 90
298
 90
3
 90
303
 90
300
 90
299
 90
3
 90
299
 90
300
 90
296
 90
3
 90
302
 90
303
 90
298
 90
3
 90
298
 90
303
 90
299
 94
0
 95
0
 90
0
  0
MESH
  5
A0
330
17
100
AcDbEntity
  8
3D-LABEL
100
AcDbSubDMesh
 71
2
 72
0
 91
0
 92
1504
 10
-49.24085553729963
 20
-78.958012824825
 30
131.0676440329218
 10
-50.06305510175801
 20
-79.78021238928339
 30
131.0676440329218
 10
-50.06305510175801
 20
-79.78021238928339
 30
131.7503000685871
 10
-47.782114374550886
 20
-77.49927166207627
 30
131.7503000685871
 10
-47.782114374550886
 20
-77.49927166207627
 30
131.0676440329218
 10
-48.602722585013545
 20
-78.31987987253893
 30
131.0676440329218
 10
-48.602722585013545
 20
-78.31987987253893
 30
128.25
 10
-49.24085553729963
 20
-78.958012824825
 30
128.25
 10
-48.95801282482501
 20
-79.24085553729964
 30
131.0676440329218
 10
-49.78021238928339
 20
-80.06305510175801
 30
131.0676440329218
 10
-49.78021238928339
 20
-80.06305510175801
 30
131.7503000685871
 10
-47.49927166207627
 20
-77.78211437455089
 30
131.7503000685871
 10
-47.49927166207627
 20
-77.78211437455089
 30
131.0676440329218
 10
-48.31987987253893
 20
-78.60272258501354
 30
131.0676440329218
 10
-48.31987987253893
 20
-78.60272258501354
 30
128.25
 10
-48.95801282482501
 20
-79.24085553729964
 30
128.25
 10
-45.760564348647094
 20
-75.47772163617248
 30
131.51774691358025
 10
-45.58949379410656
 20
-75.30665108163194
 30
131.2184284979424
 10
-45.53247027592637
 20
-75.24962756345175
 30
130.784079218107
 10
-45.56217555051326
 20
-75.27933283803864
 30
130.46844457304528
 10
-45.65129137427391
 20
-75.36844866179929
 30
130.21469907407408
 10
-45.79968513437535
 20
-75.51684242190073
 30
130.02115483539094
 10
-46.008285120648424
 20
-75.7254424081738
 30
129.88612397119343
 10
-45.884159508981796
 20
-75.60131679650718
 30
129.81729573902606
 10
-45.7738256319448
 20
-75.49098291947018
 30
129.69483024691357
 10
-45.6693267195588
 20
-75.38648400708419
 30
129.5078500085734
 10
-45.56376690450898
 20
-75.28092419203436
 30
129.2439771947874
 10
-45.217382184772646
 20
-74.93453947229803
 30
128.25
 10
-45.89689034094761
 20
-75.61404762847299
 30
128.25
 10
-46.19871714880362
 20
-75.915874436329
 30
129.11944873113853
 10
-46.29061784205679
 20
-76.00777512958217
 30
129.34037422839506
 10
-46.383844663639735
 20
-76.10100195116512
 30
129.47803069272976
 10
-46.492852412346956
 20
-76.21000969987233
 30
129.55060978223594
 10
-46.633156789636786
 20
-76.35031407716217
 30
129.57480281207134
 10
-46.81351024248572
 20
-76.5306675300111
 30
129.57480281207134
 10
-46.81351024248572
 20
-76.5306675300111
 30
128.25
 10
-47.45164319477181
 20
-77.1688004822972
 30
128.25
 10
-47.45164319477181
 20
-77.1688004822972
 30
131.7503000685871
 10
-46.47720409805565
 20
-76.19436138558103
 30
131.7503000685871
 10
-46.05350609669363
 20
-75.770663384219
 30
131.6921617798354
 10
-46.25759724664548
 20
-75.97475453417087
 30
130.99262688614542
 10
-46.37297041133561
 20
-76.09012769886098
 30
131.07026963305898
 10
-46.54510186853995
 20
-76.26225915606534
 30
131.09615054869684
 10
-46.81351024248572
 20
-76.5306675300111
 30
131.09615054869684
 10
-46.81351024248572
 20
-76.5306675300111
 30
130.19819530178327
 10
-46.54510186853995
 20
-76.26225915606534
 30
130.19819530178327
 10
-46.37297041133561
 20
-76.09012769886098
 30
130.224451303155
 10
-46.25759724664548
 20
-75.97475453417087
 30
130.30321930727024
 10
-46.19235173282072
 20
-75.90950902034609
 30
130.4429387431413
 10
-46.17060322821246
 20
-75.88776051573784
 30
130.650548696845
 10
-46.19235173282072
 20
-75.90950902034609
 30
130.85572059327848
 10
-45.477721636172475
 20
-75.7605643486471
 30
131.51774691358025
 10
-45.30665108163194
 20
-75.58949379410656
 30
131.2184284979424
 10
-45.24962756345175
 20
-75.53247027592637
 30
130.784079218107
 10
-45.27933283803864
 20
-75.56217555051326
 30
130.46844457304528
 10
-45.36844866179929
 20
-75.65129137427391
 30
130.21469907407408
 10
-45.51684242190073
 20
-75.79968513437535
 30
130.02115483539094
 10
-45.725442408173805
 20
-76.00828512064842
 30
129.88612397119343
 10
-45.60131679650718
 20
-75.8841595089818
 30
129.81729573902606
 10
-45.490982919470184
 20
-75.7738256319448
 30
129.69483024691357
 10
-45.386484007084185
 20
-75.6693267195588
 30
129.5078500085734
 10
-45.28092419203436
 20
-75.56376690450898
 30
129.2439771947874
 10
-44.93453947229803
 20
-75.21738218477265
 30
128.25
 10
-45.61404762847299
 20
-75.8968903409476
 30
128.25
 10
-45.915874436329
 20
-76.19871714880361
 30
129.11944873113853
 10
-46.00777512958217
 20
-76.29061784205679
 30
129.34037422839506
 10
-46.10100195116512
 20
-76.38384466363974
 30
129.47803069272976
 10
-46.21000969987234
 20
-76.49285241234696
 30
129.55060978223594
 10
-46.35031407716217
 20
-76.63315678963679
 30
129.57480281207134
 10
-46.5306675300111
 20
-76.81351024248572
 30
129.57480281207134
 10
-46.5306675300111
 20
-76.81351024248572
 30
128.25
 10
-47.16880048229719
 20
-77.4516431947718
 30
128.25
 10
-47.16880048229719
 20
-77.4516431947718
 30
131.7503000685871
 10
-46.19436138558103
 20
-76.47720409805565
 30
131.7503000685871
 10
-45.770663384219006
 20
-76.05350609669364
 30
131.6921617798354
 10
-45.97475453417086
 20
-76.25759724664547
 30
130.99262688614542
 10
-46.09012769886099
 20
-76.37297041133561
 30
131.07026963305898
 10
-46.26225915606533
 20
-76.54510186853994
 30
131.09615054869684
 10
-46.5306675300111
 20
-76.81351024248572
 30
131.09615054869684
 10
-46.5306675300111
 20
-76.81351024248572
 30
130.19819530178327
 10
-46.26225915606533
 20
-76.54510186853994
 30
130.19819530178327
 10
-46.09012769886099
 20
-76.37297041133561
 30
130.224451303155
 10
-45.97475453417086
 20
-76.25759724664547
 30
130.30321930727024
 10
-45.9095090203461
 20
-76.19235173282073
 30
130.4429387431413
 10
-45.88776051573784
 20
-76.17060322821246
 30
130.650548696845
 10
-45.9095090203461
 20
-76.19235173282073
 30
130.85572059327848
 10
-44.199446078839976
 20
-73.91660336636536
 30
131.7503000685871
 10
-44.199446078839976
 20
-73.91660336636536
 30
128.25
 10
-44.83757903112607
 20
-74.55473631865145
 30
128.25
 10
-44.83757903112607
 20
-74.55473631865145
 30
131.7503000685871
 10
-43.91660336636536
 20
-74.19944607883997
 30
131.7503000685871
 10
-43.91660336636536
 20
-74.19944607883997
 30
128.25
 10
-44.55473631865145
 20
-74.83757903112607
 30
128.25
 10
-44.55473631865145
 20
-74.83757903112607
 30
131.7503000685871
 10
-42.19221823889771
 20
-71.90937552642309
 30
131.7503000685871
 10
-41.2755983373596
 20
-70.99275562488498
 30
128.25
 10
-41.91691399763714
 20
-71.63407128516252
 30
128.25
 10
-42.07286668921827
 20
-71.79002397674365
 30
128.88764574759946
 10
-43.07064564453841
 20
-72.78780293206378
 30
128.88764574759946
 10
-43.22818969011527
 20
-72.94534697764065
 30
128.25
 10
-43.870035801724725
 20
-73.5871930892501
 30
128.25
 10
-42.9534159001866
 20
-72.67057318771198
 30
131.7503000685871
 10
-42.5720213925443
 20
-72.28917868006968
 30
130.92961248285323
 10
-42.911510244965825
 20
-72.6286675324912
 30
129.53729423868313
 10
-42.233593442786585
 20
-71.95075073031197
 30
129.53729423868313
 10
-41.90937552642309
 20
-72.19221823889771
 30
131.7503000685871
 10
-40.99275562488498
 20
-71.2755983373596
 30
128.25
 10
-41.63407128516252
 20
-71.91691399763714
 30
128.25
 10
-41.790023976743655
 20
-72.07286668921827
 30
128.88764574759946
 10
-42.78780293206379
 20
-73.07064564453842
 30
128.88764574759946
 10
-42.945346977640654
 20
-73.22818969011527
 30
128.25
 10
-43.58719308925011
 20
-73.87003580172473
 30
128.25
 10
-42.67057318771198
 20
-72.9534159001866
 30
131.7503000685871
 10
-42.28917868006968
 20
-72.5720213925443
 30
130.92961248285323
 10
-42.62866753249121
 20
-72.91151024496583
 30
129.53729423868313
 10
-41.95075073031197
 20
-72.23359344278659
 30
129.53729423868313
 10
-38.729431944198154
 20
-68.44658923172354
 30
131.7503000685871
 10
-38.729431944198154
 20
-68.44658923172354
 30
128.25
 10
-39.442358534283365
 20
-69.15951582180875
 30
128.25
 10
-40.34253444453232
 20
-70.0596917320577
 30
130.650548696845
 10
-40.34253444453232
 20
-70.0596917320577
 30
128.25
 10
-40.94724896290816
 20
-70.66440625043354
 30
128.25
 10
-40.94724896290816
 20
-70.66440625043354
 30
131.7503000685871
 10
-40.234852824154856
 20
-69.95201011168024
 30
131.7503000685871
 10
-39.33467691390591
 20
-69.05183420143129
 30
129.34975137174212
 10
-39.33467691390591
 20
-69.05183420143129
 30
131.7503000685871
 10
-38.446589231723536
 20
-68.72943194419815
 30
131.7503000685871
 10
-38.446589231723536
 20
-68.72943194419815
 30
128.25
 10
-39.159515821808746
 20
-69.44235853428336
 30
128.25
 10
-40.0596917320577
 20
-70.34253444453232
 30
130.650548696845
 10
-40.0596917320577
 20
-70.34253444453232
 30
128.25
 10
-40.664406250433544
 20
-70.94724896290816
 30
128.25
 10
-40.664406250433544
 20
-70.94724896290816
 30
131.7503000685871
 10
-39.95201011168024
 20
-70.23485282415486
 30
131.7503000685871
 10
-39.05183420143129
 20
-69.33467691390591
 30
129.34975137174212
 10
-39.05183420143129
 20
-69.33467691390591
 30
131.7503000685871
 10
-36.90786207042392
 20
-66.6250193579493
 30
128.18173439643348
 10
-37.46205109943546
 20
-67.17920838696085
 30
128.304012345679
 10
-37.88760568045916
 20
-67.60476296798454
 30
128.67084619341563
 10
-38.158533698231494
 20
-67.87569098575688
 30
129.2467903377915
 10
-38.24884303748894
 20
-67.96600032501432
 30
129.99639917695472
 10
-38.15694234423577
 20
-67.87409963176115
 30
130.75238447359396
 10
-37.881240264476254
 20
-67.59839755200164
 30
131.32795353223594
 10
-37.44507665681438
 20
-67.16223394433976
 30
131.69197423696846
 10
-36.87285228251794
 20
-66.59000957004332
 30
131.8133144718793
 10
-36.63136431366654
 20
-66.34852160119192
 30
131.7968106995885
 10
-36.40022014578736
 20
-66.11737743331274
 30
131.74729938271605
 10
-36.180215455878255
 20
-65.89737274340364
 30
131.66609332133058
 10
-35.973206823600904
 20
-65.69036411112629
 30
131.55300497256516
 10
-35.973206823600904
 20
-65.69036411112629
 30
130.82908950617283
 10
-36.17955239171336
 20
-65.89670967923874
 30
130.9738725994513
 10
-36.384837057162
 20
-66.10199434468738
 30
131.07664609053498
 10
-36.58985649694469
 20
-66.30701378447007
 30
131.1385352366255
 10
-36.795406388059284
 20
-66.51256367558466
 30
131.15916495198903
 10
-37.1326408223202
 20
-66.84979810984558
 30
131.08377271947873
 10
-37.382616012482146
 20
-67.09977330000753
 30
130.85759602194787
 10
-37.537375188566486
 20
-67.25453247609187
 30
130.4918874314129
 10
-37.5889615805946
 20
-67.30611886811998
 30
129.99639917695472
 10
-37.53923176822816
 20
-67.25638905575354
 30
129.5042866941015
 10
-37.39004233112886
 20
-67.10719961865425
 30
129.13820301783264
 10
-37.14935003927532
 20
-66.8665073268007
 30
128.91146369170096
 10
-36.825111662646165
 20
-66.54226895017155
 30
128.83588391632372
 10
-36.728967358737734
 20
-66.44612464626312
 30
128.84019740226339
 10
-36.639984147810054
 20
-66.35714143533544
 30
128.8531378600823
 10
-36.55895770686101
 20
-66.27611499438639
 30
128.8760180898491
 10
-36.486683712888464
 20
-66.20384100041385
 30
128.90865054869684
 10
-36.486683712888464
 20
-66.20384100041385
 30
129.5883058984911
 10
-36.87656544184131
 20
-66.59372272936669
 30
129.5883058984911
 10
-36.87656544184131
 20
-66.59372272936669
 30
130.19369427297667
 10
-35.88196919451262
 20
-65.599126482038
 30
130.19369427297667
 10
-35.88196919451262
 20
-65.599126482038
 30
128.51030949931413
 10
-36.12518113019273
 20
-65.84233841771811
 30
128.36646412037038
 10
-36.37741073851528
 20
-66.09456802604066
 30
128.26350308641975
 10
-36.63839279381433
 20
-66.35555008133971
 30
128.20217656893004
 10
-36.6250193579493
 20
-66.90786207042392
 30
128.18173439643348
 10
-37.179208386960845
 20
-67.46205109943546
 30
128.304012345679
 10
-37.60476296798454
 20
-67.88760568045916
 30
128.67084619341563
 10
-37.875690985756876
 20
-68.1585336982315
 30
129.2467903377915
 10
-37.96600032501432
 20
-68.24884303748894
 30
129.99639917695472
 10
-37.874099631761155
 20
-68.15694234423577
 30
130.75238447359396
 10
-37.598397552001636
 20
-67.88124026447625
 30
131.32795353223594
 10
-37.16223394433976
 20
-67.44507665681438
 30
131.69197423696846
 10
-36.59000957004332
 20
-66.87285228251794
 30
131.8133144718793
 10
-36.34852160119192
 20
-66.63136431366654
 30
131.7968106995885
 10
-36.11737743331274
 20
-66.40022014578736
 30
131.74729938271605
 10
-35.897372743403636
 20
-66.18021545587825
 30
131.66609332133058
 10
-35.690364111126286
 20
-65.9732068236009
 30
131.55300497256516
 10
-35.690364111126286
 20
-65.9732068236009
 30
130.82908950617283
 10
-35.89670967923874
 20
-66.17955239171336
 30
130.9738725994513
 10
-36.101994344687384
 20
-66.384837057162
 30
131.07664609053498
 10
-36.30701378447007
 20
-66.58985649694469
 30
131.1385352366255
 10
-36.512563675584666
 20
-66.79540638805929
 30
131.15916495198903
 10
-36.84979810984558
 20
-67.1326408223202
 30
131.08377271947873
 10
-37.09977330000753
 20
-67.38261601248215
 30
130.85759602194787
 10
-37.25453247609187
 20
-67.53737518856649
 30
130.4918874314129
 10
-37.30611886811998
 20
-67.5889615805946
 30
129.99639917695472
 10
-37.256389055753544
 20
-67.53923176822816
 30
129.5042866941015
 10
-37.10719961865424
 20
-67.39004233112885
 30
129.13820301783264
 10
-36.8665073268007
 20
-67.14935003927532
 30
128.91146369170096
 10
-36.54226895017155
 20
-66.82511166264617
 30
128.83588391632372
 10
-36.446124646263115
 20
-66.72896735873773
 30
128.84019740226339
 10
-36.357141435335436
 20
-66.63998414781005
 30
128.8531378600823
 10
-36.27611499438639
 20
-66.55895770686101
 30
128.8760180898491
 10
-36.203841000413846
 20
-66.48668371288846
 30
128.90865054869684
 10
-36.203841000413846
 20
-66.48668371288846
 30
129.5883058984911
 10
-36.59372272936669
 20
-66.87656544184131
 30
129.5883058984911
 10
-36.59372272936669
 20
-66.87656544184131
 30
130.19369427297667
 10
-35.599126482038
 20
-65.88196919451262
 30
130.19369427297667
 10
-35.599126482038
 20
-65.88196919451262
 30
128.51030949931413
 10
-35.84233841771811
 20
-66.12518113019273
 30
128.36646412037038
 10
-36.09456802604066
 20
-66.37741073851528
 30
128.26350308641975
 10
-36.355550081339715
 20
-66.63839279381433
 30
128.20217656893004
 10
-33.56124461741235
 20
-63.27840190493773
 30
128.25
 10
-35.31969078268947
 20
-65.03684807021486
 30
128.25
 10
-35.31969078268947
 20
-65.03684807021486
 30
131.7503000685871
 10
-34.681557830403385
 20
-64.39871511792876
 30
131.7503000685871
 10
-34.681557830403385
 20
-64.39871511792876
 30
128.93190586419752
 10
-33.56124461741235
 20
-63.27840190493773
 30
128.93190586419752
 10
-33.27840190493773
 20
-63.56124461741235
 30
128.25
 10
-35.03684807021485
 20
-65.31969078268946
 30
128.25
 10
-35.03684807021485
 20
-65.31969078268946
 30
131.7503000685871
 10
-34.39871511792877
 20
-64.68155783040339
 30
131.7503000685871
 10
-34.39871511792877
 20
-64.68155783040339
 30
128.93190586419752
 10
-33.27840190493773
 20
-63.56124461741235
 30
128.93190586419752
 10
-32.51837729887998
 20
-62.235534586405365
 30
130.4164951989026
 10
-31.498849838951585
 20
-61.21600712647697
 30
130.4164951989026
 10
-31.498849838951585
 20
-61.21600712647697
 30
129.73383916323732
 10
-32.51837729887998
 20
-62.235534586405365
 30
129.73383916323732
 10
-32.51837729887998
 20
-62.235534586405365
 30
128.93190586419752
 10
-31.398064085888947
 20
-61.11522137341433
 30
128.93190586419752
 10
-31.398064085888947
 20
-61.11522137341433
 30
128.25
 10
-33.15651025116607
 20
-62.87366753869145
 30
128.25
 10
-33.15651025116607
 20
-62.87366753869145
 30
131.7503000685871
 10
-31.434665227790642
 20
-61.15182251531603
 30
131.7503000685871
 10
-31.434665227790642
 20
-61.15182251531603
 30
131.0676440329218
 10
-32.51837729887998
 20
-62.235534586405365
 30
131.0676440329218
 10
-32.235534586405365
 20
-62.51837729887998
 30
130.4164951989026
 10
-31.216007126476967
 20
-61.498849838951585
 30
130.4164951989026
 10
-31.216007126476967
 20
-61.498849838951585
 30
129.73383916323732
 10
-32.235534586405365
 20
-62.51837729887998
 30
129.73383916323732
 10
-32.235534586405365
 20
-62.51837729887998
 30
128.93190586419752
 10
-31.11522137341433
 20
-61.39806408588895
 30
128.93190586419752
 10
-31.11522137341433
 20
-61.39806408588895
 30
128.25
 10
-32.87366753869145
 20
-63.15651025116607
 30
128.25
 10
-32.87366753869145
 20
-63.15651025116607
 30
131.7503000685871
 10
-31.151822515316024
 20
-61.434665227790646
 30
131.7503000685871
 10
-31.151822515316024
 20
-61.434665227790646
 30
131.0676440329218
 10
-32.235534586405365
 20
-62.51837729887998
 30
131.0676440329218
 10
-28.45724190178749
 20
-58.17439918931287
 30
128.18173439643348
 10
-29.011430930799033
 20
-58.72858821832442
 30
128.304012345679
 10
-29.43698551182273
 20
-59.15414279934811
 30
128.67084619341563
 10
-29.707913529595068
 20
-59.42507081712045
 30
129.2467903377915
 10
-29.798222868852513
 20
-59.515380156377894
 30
129.99639917695472
 10
-29.707913529595068
 20
-59.42507081712045
 30
130.74807098765433
 10
-29.43698551182273
 20
-59.15414279934811
 30
131.32420267489712
 10
-29.011430930799033
 20
-58.72858821832442
 30
131.69103652263374
 10
-28.45724190178749
 20
-58.17439918931287
 30
131.8133144718793
 10
-28.25407904166648
 20
-57.97123632919186
 30
131.7968106995885
 10
-28.059403402856013
 20
-57.776560690381395
 30
131.74729938271605
 10
-27.872551921191196
 20
-57.58970920871658
 30
131.66609332133058
 10
-27.692861532507145
 20
-57.410018820032526
 30
131.55300497256516
 10
-27.692861532507145
 20
-57.410018820032526
 30
130.82908950617283
 10
-27.86923660036677
 20
-57.58639388789215
 30
130.97724837105625
 10
-28.042959411566848
 20
-57.76011669909223
 30
131.07964677640604
 10
-28.219864930758376
 20
-57.93702221828376
 30
131.1392854080933
 10
-28.405788122592348
 20
-58.12294541011773
 30
131.15916495198903
 10
-28.710930251272792
 20
-58.428087538798174
 30
131.0817097479424
 10
-28.943135321815795
 20
-58.66029260934118
 30
130.84934413580248
 10
-29.089539889422575
 20
-58.80669717694796
 30
130.48157257373114
 10
-29.138341411958173
 20
-58.855498699483555
 30
129.99639917695472
 10
-29.089539889422575
 20
-58.80669717694796
 30
129.51272612311385
 10
-28.943135321815795
 20
-58.66029260934118
 30
129.1449545610425
 10
-28.710930251272792
 20
-58.428087538798174
 30
128.91315157750344
 10
-28.405788122592348
 20
-58.12294541011773
 30
128.83588391632372
 10
-28.219864930758376
 20
-57.93702221828376
 30
128.8557634602195
 10
-28.042959411566848
 20
-57.76011669909223
 30
128.9154020919067
 10
-27.86923660036677
 20
-57.58639388789215
 30
129.01836312585735
 10
-27.692861532507145
 20
-57.410018820032526
 30
129.16670953360767
 10
-27.692861532507145
 20
-57.410018820032526
 30
128.4420438957476
 10
-27.872551921191196
 20
-57.58970920871658
 30
128.32895554698217
 10
-28.059403402856013
 20
-57.776560690381395
 30
128.2477494855967
 10
-28.25407904166648
 20
-57.97123632919186
 30
128.1982381687243
 10
-28.174399189312872
 20
-58.45724190178749
 30
128.18173439643348
 10
-28.728588218324415
 20
-59.01143093079904
 30
128.304012345679
 10
-29.15414279934811
 20
-59.436985511822726
 30
128.67084619341563
 10
-29.42507081712045
 20
-59.70791352959507
 30
129.2467903377915
 10
-29.515380156377894
 20
-59.79822286885251
 30
129.99639917695472
 10
-29.42507081712045
 20
-59.70791352959507
 30
130.74807098765433
 10
-29.15414279934811
 20
-59.436985511822726
 30
131.32420267489712
 10
-28.728588218324415
 20
-59.01143093079904
 30
131.69103652263374
 10
-28.174399189312872
 20
-58.45724190178749
 30
131.8133144718793
 10
-27.97123632919186
 20
-58.25407904166648
 30
131.7968106995885
 10
-27.776560690381395
 20
-58.05940340285601
 30
131.74729938271605
 10
-27.589709208716577
 20
-57.872551921191196
 30
131.66609332133058
 10
-27.410018820032526
 20
-57.692861532507145
 30
131.55300497256516
 10
-27.410018820032526
 20
-57.692861532507145
 30
130.82908950617283
 10
-27.58639388789215
 20
-57.86923660036677
 30
130.97724837105625
 10
-27.76011669909223
 20
-58.04295941156685
 30
131.07964677640604
 10
-27.937022218283758
 20
-58.219864930758376
 30
131.1392854080933
 10
-28.12294541011773
 20
-58.40578812259235
 30
131.15916495198903
 10
-28.428087538798174
 20
-58.71093025127279
 30
131.0817097479424
 10
-28.660292609341177
 20
-58.943135321815795
 30
130.84934413580248
 10
-28.806697176947957
 20
-59.089539889422575
 30
130.48157257373114
 10
-28.855498699483555
 20
-59.13834141195817
 30
129.99639917695472
 10
-28.806697176947957
 20
-59.089539889422575
 30
129.51272612311385
 10
-28.660292609341177
 20
-58.943135321815795
 30
129.1449545610425
 10
-28.428087538798174
 20
-58.71093025127279
 30
128.91315157750344
 10
-28.12294541011773
 20
-58.40578812259235
 30
128.83588391632372
 10
-27.937022218283758
 20
-58.219864930758376
 30
128.8557634602195
 10
-27.76011669909223
 20
-58.04295941156685
 30
128.9154020919067
 10
-27.58639388789215
 20
-57.86923660036677
 30
129.01836312585735
 10
-27.410018820032526
 20
-57.692861532507145
 30
129.16670953360767
 10
-27.410018820032526
 20
-57.692861532507145
 30
128.4420438957476
 10
-27.589709208716577
 20
-57.872551921191196
 30
128.32895554698217
 10
-27.776560690381395
 20
-58.05940340285601
 30
128.2477494855967
 10
-27.97123632919186
 20
-58.25407904166648
 30
128.1982381687243
 10
-26.54284304492923
 20
-56.26000033245461
 30
131.7503000685871
 10
-25.781645383640345
 20
-55.49880267116573
 30
131.7503000685871
 10
-24.865025482102226
 20
-54.58218276962761
 30
128.25
 10
-25.506341142379767
 20
-55.22349842990515
 30
128.25
 10
-25.662293833960902
 20
-55.379451121486284
 30
128.88764574759946
 10
-26.660072789281042
 20
-56.37723007680643
 30
128.88764574759946
 10
-26.8176168348579
 20
-56.53477412238328
 30
128.25
 10
-27.459462946467347
 20
-57.17662023399273
 30
128.25
 10
-25.823020587529218
 20
-55.540177875054596
 30
129.53729423868313
 10
-26.161448537286923
 20
-55.878605824812304
 30
130.92961248285323
 10
-26.500937389708454
 20
-56.218094677233836
 30
129.53729423868313
 10
-26.260000332454613
 20
-56.54284304492923
 30
131.7503000685871
 10
-25.498802671165727
 20
-55.781645383640345
 30
131.7503000685871
 10
-24.582182769627607
 20
-54.865025482102226
 30
128.25
 10
-25.22349842990515
 20
-55.50634114237977
 30
128.25
 10
-25.379451121486284
 20
-55.6622938339609
 30
128.88764574759946
 10
-26.377230076806423
 20
-56.660072789281045
 30
128.88764574759946
 10
-26.534774122383283
 20
-56.8176168348579
 30
128.25
 10
-27.17662023399273
 20
-57.45946294646735
 30
128.25
 10
-25.5401778750546
 20
-55.823020587529214
 30
129.53729423868313
 10
-25.878605824812304
 20
-56.16144853728692
 30
130.92961248285323
 10
-26.218094677233836
 20
-56.500937389708454
 30
129.53729423868313
 10
-22.924104058648542
 20
-52.64126134617392
 30
131.7503000685871
 10
-22.31885908894079
 20
-52.03601637646617
 30
131.7503000685871
 10
-22.31885908894079
 20
-52.03601637646617
 30
128.25
 10
-23.031785679025994
 20
-52.748942966551375
 30
128.25
 10
-23.93196158927494
 20
-53.64911887680032
 30
130.650548696845
 10
-23.93196158927494
 20
-53.64911887680032
 30
128.25
 10
-24.536676107650784
 20
-54.253833395176166
 30
128.25
 10
-24.536676107650784
 20
-54.253833395176166
 30
131.7503000685871
 10
-23.82427996889749
 20
-53.54143725642287
 30
131.7503000685871
 10
-22.924104058648542
 20
-52.64126134617392
 30
129.34975137174212
 10
-22.641261346173923
 20
-52.92410405864854
 30
131.7503000685871
 10
-22.036016376466172
 20
-52.31885908894079
 30
131.7503000685871
 10
-22.036016376466172
 20
-52.31885908894079
 30
128.25
 10
-22.748942966551375
 20
-53.031785679025994
 30
128.25
 10
-23.649118876800323
 20
-53.93196158927494
 30
130.650548696845
 10
-23.649118876800323
 20
-53.93196158927494
 30
128.25
 10
-24.253833395176166
 20
-54.536676107650784
 30
128.25
 10
-24.253833395176166
 20
-54.536676107650784
 30
131.7503000685871
 10
-23.54143725642287
 20
-53.824279968897486
 30
131.7503000685871
 10
-22.641261346173923
 20
-52.92410405864854
 30
129.34975137174212
 10
-19.376710776509555
 20
-49.093868064034936
 30
130.75557270233196
 10
-19.292103789070133
 20
-49.009261076595514
 30
129.99639917695472
 10
-19.376710776509555
 20
-49.093868064034936
 30
129.23928862311385
 10
-19.63053173882784
 20
-49.34768902635322
 30
128.6648448216735
 10
-20.03314429974649
 20
-49.75030158727187
 30
128.3025120027435
 10
-20.565186985650854
 20
-50.282344273176236
 30
128.18173439643348
 10
-21.096301381724366
 20
-50.81345866924975
 30
128.3025120027435
 10
-21.499311781141955
 20
-51.21646906866734
 30
128.6648448216735
 10
-21.75353058195917
 20
-51.47068786948455
 30
129.23928862311385
 10
-21.83827018223157
 20
-51.55542746975695
 30
129.99639917695472
 10
-21.75353058195917
 20
-51.47068786948455
 30
130.75557270233196
 10
-21.499311781141955
 20
-51.21646906866734
 30
131.33020404663924
 10
-21.096301381724366
 20
-50.81345866924975
 30
131.69253686556928
 10
-20.565186985650854
 20
-50.282344273176236
 30
131.8133144718793
 10
-20.03314429974649
 20
-49.75030158727187
 30
131.69253686556928
 10
-19.63053173882784
 20
-49.34768902635322
 30
131.33020404663924
 10
-21.138207036945147
 20
-50.85536432447053
 30
130.4877614883402
 10
-21.17838872533723
 20
-50.89554601286261
 30
129.99639917695472
 10
-21.138207036945147
 20
-50.85536432447053
 30
129.5070998371056
 10
-21.017661971768916
 20
-50.7348192592943
 30
129.14045353223594
 10
-20.824179848455245
 20
-50.541337135980626
 30
128.91202632030178
 10
-20.565186985650854
 20
-50.282344273176236
 30
128.83588391632372
 10
-20.305000607349662
 20
-50.02215789487504
 30
128.91202632030178
 10
-20.11112064553706
 20
-49.82827793306244
 30
129.14045353223594
 10
-19.990575580360822
 20
-49.7077328678862
 30
129.5070998371056
 10
-19.950393891968744
 20
-49.667551179494126
 30
129.99639917695472
 10
-19.990575580360822
 20
-49.7077328678862
 30
130.4877614883402
 10
-20.11112064553706
 20
-49.82827793306244
 30
130.8545953360768
 10
-20.305000607349662
 20
-50.02215789487504
 30
131.08302254801097
 10
-20.565186985650854
 20
-50.282344273176236
 30
131.15916495198903
 10
-20.824179848455245
 20
-50.541337135980626
 30
131.08302254801097
 10
-21.017661971768916
 20
-50.7348192592943
 30
130.8545953360768
 10
-19.093868064034936
 20
-49.376710776509555
 30
130.75557270233196
 10
-19.009261076595514
 20
-49.29210378907013
 30
129.99639917695472
 10
-19.093868064034936
 20
-49.376710776509555
 30
129.23928862311385
 10
-19.347689026353223
 20
-49.63053173882784
 30
128.6648448216735
 10
-19.75030158727187
 20
-50.03314429974649
 30
128.3025120027435
 10
-20.282344273176236
 20
-50.565186985650854
 30
128.18173439643348
 10
-20.813458669249748
 20
-51.096301381724366
 30
128.3025120027435
 10
-21.216469068667337
 20
-51.499311781141955
 30
128.6648448216735
 10
-21.47068786948455
 20
-51.75353058195917
 30
129.23928862311385
 10
-21.555427469756953
 20
-51.83827018223157
 30
129.99639917695472
 10
-21.47068786948455
 20
-51.75353058195917
 30
130.75557270233196
 10
-21.216469068667337
 20
-51.499311781141955
 30
131.33020404663924
 10
-20.813458669249748
 20
-51.096301381724366
 30
131.69253686556928
 10
-20.282344273176236
 20
-50.565186985650854
 30
131.8133144718793
 10
-19.75030158727187
 20
-50.03314429974649
 30
131.69253686556928
 10
-19.347689026353223
 20
-49.63053173882784
 30
131.33020404663924
 10
-20.85536432447053
 20
-51.13820703694515
 30
130.4877614883402
 10
-20.89554601286261
 20
-51.17838872533723
 30
129.99639917695472
 10
-20.85536432447053
 20
-51.13820703694515
 30
129.5070998371056
 10
-20.734819259294298
 20
-51.017661971768916
 30
129.14045353223594
 10
-20.541337135980626
 20
-50.824179848455245
 30
128.91202632030178
 10
-20.282344273176236
 20
-50.565186985650854
 30
128.83588391632372
 10
-20.022157894875043
 20
-50.30500060734966
 30
128.91202632030178
 10
-19.82827793306244
 20
-50.111120645537056
 30
129.14045353223594
 10
-19.707732867886204
 20
-49.99057558036082
 30
129.5070998371056
 10
-19.667551179494126
 20
-49.950393891968744
 30
129.99639917695472
 10
-19.707732867886204
 20
-49.99057558036082
 30
130.4877614883402
 10
-19.82827793306244
 20
-50.111120645537056
 30
130.8545953360768
 10
-20.022157894875043
 20
-50.30500060734966
 30
131.08302254801097
 10
-20.282344273176236
 20
-50.565186985650854
 30
131.15916495198903
 10
-20.541337135980626
 20
-50.824179848455245
 30
131.08302254801097
 10
-20.734819259294298
 20
-51.017661971768916
 30
130.8545953360768
 10
-17.333014407498577
 20
-47.050171695023955
 30
131.67603309327848
 10
-17.025485247824548
 20
-46.74264253534993
 30
131.45323216735252
 10
-16.835716283834234
 20
-46.55287357135961
 30
131.09390003429354
 10
-16.77245996250413
 20
-46.48961725002951
 30
130.6085390946502
 10
-16.835716283834234
 20
-46.55287357135961
 30
130.12092764060355
 10
-17.025485247824548
 20
-46.74264253534993
 30
129.7608453360768
 10
-17.333014407498577
 20
-47.050171695023955
 30
129.5386070387517
 10
-17.750612218543644
 20
-47.467769506069025
 30
129.46452760631
 10
-18.171260124747192
 20
-47.888417412272574
 30
129.46452760631
 10
-18.171260124747192
 20
-47.888417412272574
 30
128.25
 10
-18.809393077033278
 20
-48.52655036455866
 30
128.25
 10
-18.809393077033278
 20
-48.52655036455866
 30
131.7503000685871
 10
-17.750612218543644
 20
-47.467769506069025
 30
131.7503000685871
 10
-17.818509989027948
 20
-47.535667276553326
 30
130.11867712620028
 10
-17.653937463303297
 20
-47.371094750828675
 30
130.15055941358025
 10
-17.53153581846538
 20
-47.24869310599076
 30
130.24620627572017
 10
-17.455548665169466
 20
-47.17270595269485
 30
130.4005540552126
 10
-17.430219614070833
 20
-47.14737690159621
 30
130.6085390946502
 10
-17.455548665169466
 20
-47.17270595269485
 30
130.81577396262003
 10
-17.53153581846538
 20
-47.24869310599076
 30
130.9693715706447
 10
-17.653937463303297
 20
-47.371094750828675
 30
131.0644558041838
 10
-17.818509989027948
 20
-47.535667276553326
 30
131.09615054869684
 10
-18.171260124747192
 20
-47.888417412272574
 30
131.09615054869684
 10
-18.171260124747192
 20
-47.888417412272574
 30
130.11867712620028
 10
-17.050171695023955
 20
-47.333014407498574
 30
131.67603309327848
 10
-16.742642535349926
 20
-47.02548524782455
 30
131.45323216735252
 10
-16.552873571359612
 20
-46.83571628383423
 30
131.09390003429354
 10
-16.48961725002951
 20
-46.77245996250413
 30
130.6085390946502
 10
-16.552873571359612
 20
-46.83571628383423
 30
130.12092764060355
 10
-16.742642535349926
 20
-47.02548524782455
 30
129.7608453360768
 10
-17.050171695023955
 20
-47.333014407498574
 30
129.5386070387517
 10
-17.467769506069025
 20
-47.750612218543644
 30
129.46452760631
 10
-17.888417412272574
 20
-48.17126012474719
 30
129.46452760631
 10
-17.888417412272574
 20
-48.17126012474719
 30
128.25
 10
-18.52655036455866
 20
-48.80939307703328
 30
128.25
 10
-18.52655036455866
 20
-48.80939307703328
 30
131.7503000685871
 10
-17.467769506069025
 20
-47.750612218543644
 30
131.7503000685871
 10
-17.53566727655333
 20
-47.818509989027945
 30
130.11867712620028
 10
-17.37109475082868
 20
-47.65393746330329
 30
130.15055941358025
 10
-17.24869310599076
 20
-47.53153581846538
 30
130.24620627572017
 10
-17.172705952694848
 20
-47.45554866516947
 30
130.4005540552126
 10
-17.147376901596214
 20
-47.430219614070836
 30
130.6085390946502
 10
-17.172705952694848
 20
-47.45554866516947
 30
130.81577396262003
 10
-17.24869310599076
 20
-47.53153581846538
 30
130.9693715706447
 10
-17.37109475082868
 20
-47.65393746330329
 30
131.0644558041838
 10
-17.53566727655333
 20
-47.818509989027945
 30
131.09615054869684
 10
-17.888417412272574
 20
-48.17126012474719
 30
131.09615054869684
 10
-17.888417412272574
 20
-48.17126012474719
 30
130.11867712620028
 10
-15.968295743330637
 20
-45.68545303085602
 30
131.7503000685871
 10
-15.40442597751176
 20
-45.121583265037145
 30
130.5027649176955
 10
-14.841086663024793
 20
-44.55824395055017
 30
131.7503000685871
 10
-14.14142135623731
 20
-43.85857864376269
 30
131.7503000685871
 10
-15.084563824370857
 20
-44.801721111896235
 30
129.72483710562415
 10
-15.084563824370857
 20
-44.801721111896235
 30
128.25
 10
-15.72269677665694
 20
-45.43985406418232
 30
128.25
 10
-15.72269677665694
 20
-45.43985406418232
 30
129.72483710562415
 10
-16.666369696122402
 20
-46.38352698364778
 30
131.7503000685871
 10
-15.685453030856019
 20
-45.968295743330636
 30
131.7503000685871
 10
-15.121583265037142
 20
-45.404425977511764
 30
130.5027649176955
 10
-14.558243950550175
 20
-44.84108666302479
 30
131.7503000685871
 10
-13.85857864376269
 20
-44.14142135623731
 30
131.7503000685871
 10
-14.801721111896239
 20
-45.08456382437085
 30
129.72483710562415
 10
-14.801721111896239
 20
-45.08456382437085
 30
128.25
 10
-15.439854064182322
 20
-45.72269677665694
 30
128.25
 10
-15.439854064182322
 20
-45.72269677665694
 30
129.72483710562415
 10
-16.383526983647783
 20
-46.6663696961224
 30
131.7503000685871
 10
-61.78740871040176
 20
-91.50456599792714
 30
124.11301440329218
 10
-61.83949903119519
 20
-91.55665631872057
 30
123.70762174211248
 10
-61.99576999357547
 20
-91.71292728110086
 30
123.39164951989027
 10
-62.23924715492153
 20
-91.95640444244691
 30
123.18820301783265
 10
-62.55380479474336
 20
-92.27096208226874
 30
123.12038751714678
 10
-62.896051994090804
 20
-92.61320928161618
 30
123.2125085733882
 10
-63.15130517500524
 20
-92.86846246253063
 30
123.48887174211248
 10
-63.309804032979535
 20
-93.02696132050491
 30
123.93492369684499
 10
-63.362636985637636
 20
-93.07979427316302
 30
124.53491083676269
 10
-63.30078636033709
 20
-93.01794364786247
 30
125.15440243484225
 10
-63.115234484435454
 20
-92.83239177196083
 30
125.62536008230452
 10
-62.822000988156354
 20
-92.53915827568173
 30
125.92287808641976
 10
-62.43710550172346
 20
-92.15426278924883
 30
126.02205075445816
 10
-62.30247695368504
 20
-92.01963424121041
 30
126.01454903978052
 10
-62.17187983576914
 20
-91.88903712329451
 30
125.9920438957476
 10
-62.04393497451277
 20
-91.76109226203815
 30
125.9545353223594
 10
-61.91726319645299
 20
-91.63442048397837
 30
125.90202331961592
 10
-61.91726319645299
 20
-91.63442048397837
 30
125.3841049382716
 10
-62.039691363857514
 20
-91.7568486513829
 30
125.45762174211248
 10
-62.154905393148056
 20
-91.87206268067344
 30
125.50893347050754
 10
-62.264814909119536
 20
-91.98197219664492
 30
125.53909036351166
 10
-62.37217825869784
 20
-92.08933554622323
 30
125.5491426611797
 10
-62.574916757753314
 20
-92.2920740452787
 30
125.50428240740742
 10
-62.72736847054386
 20
-92.44452575806923
 30
125.36970164609053
 10
-62.8281542236065
 20
-92.54531151113187
 30
125.14750085733883
 10
-62.87589484347828
 20
-92.59305213100366
 30
124.83858024691358
 10
-62.78486939492275
 20
-92.50202668244813
 30
124.91884859396434
 10
-62.68662980825327
 20
-92.40378709577865
 30
124.97601165980797
 10
-62.5796908197405
 20
-92.29684810726587
 30
125.01066958161866
 10
-62.46341588778612
 20
-92.18057317531151
 30
125.02222222222223
 10
-62.18927863945574
 20
-91.90643592698112
 30
124.9593578532236
 10
-61.97370321816807
 20
-91.69086050569345
 30
124.77076474622771
 10
-61.833982337343336
 20
-91.55113962486871
 30
124.48089849108368
 10
-62.66562393550969
 20
-92.38278122303507
 30
124.52635888203018
 10
-62.74943524595126
 20
-92.46659253347664
 30
124.4340877914952
 10
-62.799722032216195
 20
-92.51687931974158
 30
124.28075274348423
 10
-62.81648429430451
 20
-92.5336415818299
 30
124.06560356652949
 10
-62.799722032216195
 20
-92.51687931974158
 30
123.85075445816187
 10
-62.74943524595126
 20
-92.46659253347664
 30
123.69711934156379
 10
-62.66562393550969
 20
-92.38278122303507
 30
123.60529835390946
 10
-62.548288100891504
 20
-92.26544538841688
 30
123.5746913580247
 10
-62.43031572467502
 20
-92.14747301220041
 30
123.60529835390946
 10
-62.346292233700694
 20
-92.06344952122608
 30
123.69711934156379
 10
-62.29600544743575
 20
-92.01316273496113
 30
123.85075445816187
 10
-62.27924318534745
 20
-91.99640047287284
 30
124.06560356652949
 10
-62.29600544743575
 20
-92.01316273496113
 30
124.28075274348423
 10
-62.346292233700694
 20
-92.06344952122608
 30
124.4340877914952
 10
-62.43031572467502
 20
-92.14747301220041
 30
124.52635888203018
 10
-62.548288100891504
 20
-92.26544538841688
 30
124.5571159122085
 10
-61.504565997927145
 20
-91.78740871040176
 30
124.11301440329218
 10
-61.55665631872057
 20
-91.83949903119519
 30
123.70762174211248
 10
-61.71292728110085
 20
-91.99576999357546
 30
123.39164951989027
 10
-61.95640444244691
 20
-92.23924715492153
 30
123.18820301783265
 10
-62.27096208226874
 20
-92.55380479474336
 30
123.12038751714678
 10
-62.613209281616186
 20
-92.89605199409081
 30
123.2125085733882
 10
-62.86846246253062
 20
-93.15130517500523
 30
123.48887174211248
 10
-63.02696132050492
 20
-93.30980403297954
 30
123.93492369684499
 10
-63.07979427316302
 20
-93.36263698563764
 30
124.53491083676269
 10
-63.017943647862474
 20
-93.3007863603371
 30
125.15440243484225
 10
-62.832391771960836
 20
-93.11523448443546
 30
125.62536008230452
 10
-62.539158275681736
 20
-92.82200098815636
 30
125.92287808641976
 10
-62.15426278924884
 20
-92.43710550172347
 30
126.02205075445816
 10
-62.01963424121042
 20
-92.30247695368504
 30
126.01454903978052
 10
-61.88903712329452
 20
-92.17187983576915
 30
125.9920438957476
 10
-61.761092262038154
 20
-92.04393497451278
 30
125.9545353223594
 10
-61.634420483978374
 20
-91.91726319645299
 30
125.90202331961592
 10
-61.634420483978374
 20
-91.91726319645299
 30
125.3841049382716
 10
-61.756848651382896
 20
-92.03969136385751
 30
125.45762174211248
 10
-61.87206268067344
 20
-92.15490539314806
 30
125.50893347050754
 10
-61.98197219664492
 20
-92.26481490911954
 30
125.53909036351166
 10
-62.089335546223225
 20
-92.37217825869784
 30
125.5491426611797
 10
-62.292074045278696
 20
-92.57491675775331
 30
125.50428240740742
 10
-62.44452575806924
 20
-92.72736847054387
 30
125.36970164609053
 10
-62.54531151113188
 20
-92.8281542236065
 30
125.14750085733883
 10
-62.59305213100366
 20
-92.87589484347828
 30
124.83858024691358
 10
-62.50202668244813
 20
-92.78486939492275
 30
124.91884859396434
 10
-62.403787095778654
 20
-92.68662980825327
 30
124.97601165980797
 10
-62.29684810726588
 20
-92.5796908197405
 30
125.01066958161866
 10
-62.1805731753115
 20
-92.46341588778611
 30
125.02222222222223
 10
-61.906435926981125
 20
-92.18927863945575
 30
124.9593578532236
 10
-61.69086050569345
 20
-91.97370321816807
 30
124.77076474622771
 10
-61.55113962486872
 20
-91.83398233734334
 30
124.48089849108368
 10
-62.382781223035074
 20
-92.6656239355097
 30
124.52635888203018
 10
-62.46659253347664
 20
-92.74943524595126
 30
124.4340877914952
 10
-62.51687931974158
 20
-92.7997220322162
 30
124.28075274348423
 10
-62.53364158182989
 20
-92.8164842943045
 30
124.06560356652949
 10
-62.51687931974158
 20
-92.7997220322162
 30
123.85075445816187
 10
-62.46659253347664
 20
-92.74943524595126
 30
123.69711934156379
 10
-62.382781223035074
 20
-92.6656239355097
 30
123.60529835390946
 10
-62.265445388416886
 20
-92.54828810089151
 30
123.5746913580247
 10
-62.1474730122004
 20
-92.43031572467501
 30
123.60529835390946
 10
-62.063449521226076
 20
-92.3462922337007
 30
123.69711934156379
 10
-62.013162734961135
 20
-92.29600544743576
 30
123.85075445816187
 10
-61.99640047287283
 20
-92.27924318534744
 30
124.06560356652949
 10
-62.013162734961135
 20
-92.29600544743576
 30
124.28075274348423
 10
-62.063449521226076
 20
-92.3462922337007
 30
124.4340877914952
 10
-62.1474730122004
 20
-92.43031572467501
 30
124.52635888203018
 10
-62.265445388416886
 20
-92.54828810089151
 30
124.5571159122085
 10
-61.06854106539918
 20
-90.78569835292456
 30
125.97524005486969
 10
-61.06854106539918
 20
-90.78569835292456
 30
124.93400205761317
 10
-61.382992614954624
 20
-91.10014990248001
 30
124.93400205761317
 10
-61.382992614954624
 20
-91.10014990248001
 30
125.97524005486969
 10
-60.78569835292456
 20
-91.06854106539919
 30
125.97524005486969
 10
-60.78569835292456
 20
-91.06854106539919
 30
124.93400205761317
 10
-61.100149902480005
 20
-91.38299261495462
 30
124.93400205761317
 10
-61.100149902480005
 20
-91.38299261495462
 30
125.97524005486969
 10
-60.66285188675547
 20
-90.38000917428084
 30
124.55351508916324
 10
-59.83025547619167
 20
-89.54741276371705
 30
124.55351508916324
 10
-59.83025547619167
 20
-89.54741276371705
 30
124.00799039780522
 10
-60.66285188675547
 20
-90.38000917428084
 30
124.00799039780522
 10
-60.38000917428085
 20
-90.66285188675548
 30
124.55351508916324
 10
-59.54741276371705
 20
-89.83025547619167
 30
124.55351508916324
 10
-59.54741276371705
 20
-89.83025547619167
 30
124.00799039780522
 10
-60.38000917428085
 20
-90.66285188675548
 30
124.00799039780522
 10
-59.495965046822846
 20
-89.21312233434823
 30
124.65673868312757
 10
-59.54253867376443
 20
-89.25969596128982
 30
125.02582304526749
 10
-59.49066053350376
 20
-89.20781782102914
 30
125.43316615226338
 10
-59.33502611272176
 20
-89.05218340024715
 30
125.75018861454046
 10
-59.092185492974
 20
-88.80934278049938
 30
125.95408521947874
 10
-58.77868875581599
 20
-88.49584604334137
 30
126.02205075445816
 10
-58.43506238300558
 20
-88.15221967053097
 30
125.92962962962963
 10
-58.17906657022648
 20
-87.89622385775186
 30
125.65236625514403
 10
-58.01993117065389
 20
-87.73708845817927
 30
125.20676440329218
 10
-57.96688603746303
 20
-87.68404332498841
 30
124.60812757201646
 10
-58.028948843296334
 20
-87.74610613082172
 30
123.98818587105625
 10
-58.21513726079626
 20
-87.93229454832164
 30
123.51707818930042
 10
-58.50911338894003
 20
-88.22627067646542
 30
123.21956018518519
 10
-58.8953880488359
 20
-88.61254533636128
 30
123.12038751714678
 10
-59.03160795087003
 20
-88.7487652383954
 30
123.12773919753087
 10
-59.16188679798679
 20
-88.87904408551216
 30
123.14979423868313
 10
-59.2878159441819
 20
-89.00497323170728
 30
123.18595250342936
 10
-59.41098674345109
 20
-89.12814403097647
 30
123.23681412894376
 10
-59.41098674345109
 20
-89.12814403097647
 30
123.75473251028806
 10
-59.2918473743044
 20
-89.00900466182978
 30
123.68391632373114
 10
-59.17801251847682
 20
-88.8951698060022
 30
123.6335048010974
 10
-59.06714819010791
 20
-88.7843054776333
 30
123.60334790809328
 10
-58.95776912546835
 20
-88.67492641299373
 30
123.59329561042524
 10
-58.75471235561372
 20
-88.4718696431391
 30
123.63800582990397
 10
-58.6021545525568
 20
-88.31931184008218
 30
123.7721364883402
 10
-58.50105052869502
 20
-88.2182078162204
 30
123.99478737997256
 10
-58.4523550964258
 20
-88.16951238395117
 30
124.30385802469137
 10
-58.54539626004258
 20
-88.26255354756796
 30
124.22193930041152
 10
-58.64459065910949
 20
-88.36174794663486
 30
124.16342592592594
 10
-58.751105286556744
 20
-88.46826257408213
 30
124.12831790123457
 10
-58.866107135314536
 20
-88.58326442283992
 30
124.11661522633744
 10
-59.14056265444406
 20
-88.85771994196944
 30
124.17917952674897
 10
-59.356244165998106
 20
-89.07340145352349
 30
124.36687242798354
 10
-58.78123492220916
 20
-88.49839220973453
 30
124.58532235939644
 10
-58.663792997324585
 20
-88.38095028484997
 30
124.61592935528121
 10
-58.579663416083875
 20
-88.29682070360926
 30
124.70775034293553
 10
-58.5290583590198
 20
-88.24621564654518
 30
124.86153549382716
 10
-58.5121900066651
 20
-88.22934729419049
 30
125.07683470507546
 10
-58.5290583590198
 20
-88.24621564654518
 30
125.29048353909465
 10
-58.579663416083875
 20
-88.29682070360926
 30
125.44411865569273
 10
-58.663792997324585
 20
-88.38095028484997
 30
125.53728995198902
 10
-58.78123492220916
 20
-88.49839220973453
 30
125.56834705075447
 10
-58.89867684709373
 20
-88.61583413461912
 30
125.53728995198902
 10
-58.982806428334435
 20
-88.69996371585981
 30
125.44411865569273
 10
-59.033411485398524
 20
-88.75056877292391
 30
125.29048353909465
 10
-59.050279837753216
 20
-88.7674371252786
 30
125.07683470507546
 10
-59.033411485398524
 20
-88.75056877292391
 30
124.86153549382716
 10
-58.982806428334435
 20
-88.69996371585981
 30
124.70775034293553
 10
-58.89867684709373
 20
-88.61583413461912
 30
124.61592935528121
 10
-59.21312233434823
 20
-89.49596504682285
 30
124.65673868312757
 10
-59.259695961289815
 20
-89.54253867376443
 30
125.02582304526749
 10
-59.20781782102914
 20
-89.49066053350376
 30
125.43316615226338
 10
-59.052183400247145
 20
-89.33502611272176
 30
125.75018861454046
 10
-58.80934278049938
 20
-89.092185492974
 30
125.95408521947874
 10
-58.49584604334137
 20
-88.77868875581599
 30
126.02205075445816
 10
-58.15221967053096
 20
-88.43506238300557
 30
125.92962962962963
 10
-57.89622385775186
 20
-88.17906657022648
 30
125.65236625514403
 10
-57.73708845817927
 20
-88.01993117065389
 30
125.20676440329218
 10
-57.68404332498841
 20
-87.96688603746303
 30
124.60812757201646
 10
-57.746106130821715
 20
-88.02894884329633
 30
123.98818587105625
 10
-57.93229454832164
 20
-88.21513726079627
 30
123.51707818930042
 10
-58.22627067646541
 20
-88.50911338894002
 30
123.21956018518519
 10
-58.61254533636128
 20
-88.8953880488359
 30
123.12038751714678
 10
-58.748765238395414
 20
-89.03160795087004
 30
123.12773919753087
 10
-58.87904408551217
 20
-89.1618867979868
 30
123.14979423868313
 10
-59.00497323170728
 20
-89.2878159441819
 30
123.18595250342936
 10
-59.12814403097647
 20
-89.41098674345109
 30
123.23681412894376
 10
-59.12814403097647
 20
-89.41098674345109
 30
123.75473251028806
 10
-59.009004661829785
 20
-89.29184737430441
 30
123.68391632373114
 10
-58.8951698060022
 20
-89.17801251847682
 30
123.6335048010974
 10
-58.78430547763329
 20
-89.0671481901079
 30
123.60334790809328
 10
-58.674926412993734
 20
-88.95776912546836
 30
123.59329561042524
 10
-58.4718696431391
 20
-88.75471235561372
 30
123.63800582990397
 10
-58.31931184008218
 20
-88.6021545525568
 30
123.7721364883402
 10
-58.2182078162204
 20
-88.50105052869502
 30
123.99478737997256
 10
-58.16951238395118
 20
-88.4523550964258
 30
124.30385802469137
 10
-58.26255354756796
 20
-88.54539626004258
 30
124.22193930041152
 10
-58.36174794663487
 20
-88.6445906591095
 30
124.16342592592594
 10
-58.468262574082125
 20
-88.75110528655674
 30
124.12831790123457
 10
-58.58326442283992
 20
-88.86610713531454
 30
124.11661522633744
 10
-58.85771994196944
 20
-89.14056265444407
 30
124.17917952674897
 10
-59.07340145352349
 20
-89.3562441659981
 30
124.36687242798354
 10
-58.49839220973454
 20
-88.78123492220917
 30
124.58532235939644
 10
-58.380950284849966
 20
-88.66379299732458
 30
124.61592935528121
 10
-58.29682070360926
 20
-88.57966341608387
 30
124.70775034293553
 10
-58.24621564654518
 20
-88.5290583590198
 30
124.86153549382716
 10
-58.22934729419048
 20
-88.5121900066651
 30
125.07683470507546
 10
-58.24621564654518
 20
-88.5290583590198
 30
125.29048353909465
 10
-58.29682070360926
 20
-88.57966341608387
 30
125.44411865569273
 10
-58.380950284849966
 20
-88.66379299732458
 30
125.53728995198902
 10
-58.49839220973454
 20
-88.78123492220917
 30
125.56834705075447
 10
-58.615834134619114
 20
-88.89867684709372
 30
125.53728995198902
 10
-58.699963715859816
 20
-88.98280642833444
 30
125.44411865569273
 10
-58.750568772923906
 20
-89.03341148539852
 30
125.29048353909465
 10
-58.7674371252786
 20
-89.05027983775321
 30
125.07683470507546
 10
-58.750568772923906
 20
-89.03341148539852
 30
124.86153549382716
 10
-58.699963715859816
 20
-88.98280642833444
 30
124.70775034293553
 10
-58.615834134619114
 20
-88.89867684709372
 30
124.61592935528121
 10
-56.95139000765714
 20
-86.66854729518252
 30
125.97524005486969
 10
-56.636938458101696
 20
-86.35409574562708
 30
125.97524005486969
 10
-56.636938458101696
 20
-86.35409574562708
 30
124.93400205761317
 10
-56.95139000765714
 20
-86.66854729518252
 30
124.93400205761317
 10
-56.66854729518252
 20
-86.95139000765714
 30
125.97524005486969
 10
-56.35409574562708
 20
-86.6369384581017
 30
125.97524005486969
 10
-56.35409574562708
 20
-86.6369384581017
 30
124.93400205761317
 10
-56.66854729518252
 20
-86.95139000765714
 30
124.93400205761317
 10
-57.53488647275663
 20
-87.25204376028202
 30
125.97524005486969
 10
-57.220434923201196
 20
-86.93759221072658
 30
125.97524005486969
 10
-57.220434923201196
 20
-86.93759221072658
 30
124.93400205761317
 10
-57.53488647275663
 20
-87.25204376028202
 30
124.93400205761317
 10
-57.252043760282014
 20
-87.53488647275663
 30
125.97524005486969
 10
-56.93759221072658
 20
-87.2204349232012
 30
125.97524005486969
 10
-56.93759221072658
 20
-87.2204349232012
 30
124.93400205761317
 10
-57.252043760282014
 20
-87.53488647275663
 30
124.93400205761317
 10
-53.806025789971706
 20
-83.5231830774971
 30
125.42911522633746
 10
-54.672995446843174
 20
-84.39015273436856
 30
125.42911522633746
 10
-54.672995446843174
 20
-84.39015273436856
 30
124.90819615912208
 10
-53.85737347890046
 20
-83.57453076642585
 30
124.90819615912208
 10
-53.85737347890046
 20
-83.57453076642585
 30
124.36207133058986
 10
-54.672995446843174
 20
-84.39015273436856
 30
124.36207133058986
 10
-54.672995446843174
 20
-84.39015273436856
 30
123.72052469135802
 10
-53.77674487645035
 20
-83.49390216397573
 30
123.72052469135802
 10
-53.77674487645035
 20
-83.49390216397573
 30
123.175
 10
-55.18350180867204
 20
-84.90065909619742
 30
123.175
 10
-55.18350180867204
 20
-84.90065909619742
 30
125.97524005486969
 10
-53.806025789971706
 20
-83.5231830774971
 30
125.97524005486969
 10
-53.52318307749709
 20
-83.8060257899717
 30
125.42911522633746
 10
-54.390152734368556
 20
-84.67299544684317
 30
125.42911522633746
 10
-54.390152734368556
 20
-84.67299544684317
 30
124.90819615912208
 10
-53.574530766425845
 20
-83.85737347890046
 30
124.90819615912208
 10
-53.574530766425845
 20
-83.85737347890046
 30
124.36207133058986
 10
-54.390152734368556
 20
-84.67299544684317
 30
124.36207133058986
 10
-54.390152734368556
 20
-84.67299544684317
 30
123.72052469135802
 10
-53.49390216397573
 20
-83.77674487645035
 30
123.72052469135802
 10
-53.49390216397573
 20
-83.77674487645035
 30
123.175
 10
-54.90065909619742
 20
-85.18350180867205
 30
123.175
 10
-54.90065909619742
 20
-85.18350180867205
 30
125.97524005486969
 10
-53.52318307749709
 20
-83.8060257899717
 30
125.97524005486969
 10
-51.441061571790264
 20
-81.15821885931564
 30
124.13251886145405
 10
-51.548000560303045
 20
-81.26515784782842
 30
123.75833333333334
 10
-51.72188250690269
 20
-81.43903979442807
 30
123.45916495198902
 10
-51.958357710667556
 20
-81.67551499819294
 30
123.2446159122085
 10
-51.55945830907227
 20
-81.27661559659765
 30
122.6144718792867
 10
-52.04620045123163
 20
-81.76335773875701
 30
122.6144718792867
 10
-52.369563583163135
 20
-82.08672087068851
 30
123.12458847736626
 10
-52.40945352332266
 20
-82.12661081084804
 30
123.12458847736626
 10
-52.844423615487734
 20
-82.56158090301312
 30
123.2201603223594
 10
-53.170757274877936
 20
-82.88791456240332
 30
123.50687585733883
 10
-53.374450586330845
 20
-83.09160787385622
 30
123.96463048696845
 10
-53.44234835681515
 20
-83.15950564434053
 30
124.57211934156379
 10
-53.37455667659723
 20
-83.09171396412262
 30
125.17945816186557
 10
-53.17118163594346
 20
-82.88833892346884
 30
125.6391632373114
 10
-52.84877331640939
 20
-82.56593060393477
 30
125.92902949245543
 10
-52.42388179955058
 20
-82.14103908707597
 30
126.02565157750344
 10
-51.99580757470031
 20
-81.71296486222569
 30
125.92992969821674
 10
-51.67403579676453
 20
-81.39119308428991
 30
125.64276406035665
 10
-51.47257038090564
 20
-81.18972766843102
 30
125.18395919067216
 10
-51.405415242286004
 20
-81.12257252981138
 30
124.57211934156379
 10
-52.060628727459545
 20
-81.77778601498493
 30
125.25867626886145
 10
-52.215732696909626
 20
-81.93288998443501
 30
125.44141803840878
 10
-52.42388179955058
 20
-82.14103908707597
 30
125.50233196159122
 10
-52.631076089794085
 20
-82.34823337731947
 30
125.44141803840878
 10
-52.785861788445025
 20
-82.5030190759704
 30
125.25867626886145
 10
-52.88229784058602
 20
-82.5994551281114
 30
124.96520919067216
 10
-52.914443191299675
 20
-82.63160047882505
 30
124.57211934156379
 10
-52.88304047245069
 20
-82.60019775997607
 30
124.1746784979424
 10
-52.78883231590371
 20
-82.5059896034291
 30
123.88256172839506
 10
-52.63457706858468
 20
-82.35173435611006
 30
123.703420781893
 10
-52.42388179955058
 20
-82.14103908707597
 30
123.64370713305898
 10
-52.215732696909626
 20
-81.93288998443501
 30
123.70462105624144
 10
-52.060628727459545
 20
-81.77778601498493
 30
123.88736282578876
 10
-51.96419267531856
 20
-81.68134996284394
 30
124.1806798696845
 10
-51.932047324604895
 20
-81.64920461213028
 30
124.57211934156379
 10
-51.96419267531856
 20
-81.68134996284394
 30
124.96520919067216
 10
-51.158218859315646
 20
-81.44106157179027
 30
124.13251886145405
 10
-51.265157847828426
 20
-81.54800056030305
 30
123.75833333333334
 10
-51.43903979442807
 20
-81.72188250690269
 30
123.45916495198902
 10
-51.67551499819294
 20
-81.95835771066756
 30
123.2446159122085
 10
-51.27661559659765
 20
-81.55945830907227
 30
122.6144718792867
 10
-51.76335773875701
 20
-82.04620045123163
 30
122.6144718792867
 10
-52.08672087068852
 20
-82.36956358316314
 30
123.12458847736626
 10
-52.12661081084804
 20
-82.40945352332267
 30
123.12458847736626
 10
-52.561580903013116
 20
-82.84442361548773
 30
123.2201603223594
 10
-52.88791456240332
 20
-83.17075727487793
 30
123.50687585733883
 10
-53.091607873856226
 20
-83.37445058633085
 30
123.96463048696845
 10
-53.159505644340534
 20
-83.44234835681516
 30
124.57211934156379
 10
-53.09171396412261
 20
-83.37455667659722
 30
125.17945816186557
 10
-52.888338923468844
 20
-83.17118163594347
 30
125.6391632373114
 10
-52.565930603934774
 20
-82.84877331640939
 30
125.92902949245543
 10
-52.14103908707596
 20
-82.42388179955057
 30
126.02565157750344
 10
-51.71296486222569
 20
-81.99580757470031
 30
125.92992969821674
 10
-51.39119308428991
 20
-81.67403579676453
 30
125.64276406035665
 10
-51.18972766843102
 20
-81.47257038090564
 30
125.18395919067216
 10
-51.122572529811386
 20
-81.40541524228601
 30
124.57211934156379
 10
-51.777786014984926
 20
-82.06062872745954
 30
125.25867626886145
 10
-51.93288998443501
 20
-82.21573269690963
 30
125.44141803840878
 10
-52.14103908707596
 20
-82.42388179955057
 30
125.50233196159122
 10
-52.34823337731947
 20
-82.63107608979408
 30
125.44141803840878
 10
-52.50301907597041
 20
-82.78586178844503
 30
125.25867626886145
 10
-52.5994551281114
 20
-82.88229784058602
 30
124.96520919067216
 10
-52.63160047882506
 20
-82.91444319129968
 30
124.57211934156379
 10
-52.60019775997607
 20
-82.88304047245069
 30
124.1746784979424
 10
-52.50598960342909
 20
-82.7888323159037
 30
123.88256172839506
 10
-52.351734356110065
 20
-82.63457706858469
 30
123.703420781893
 10
-52.14103908707596
 20
-82.42388179955057
 30
123.64370713305898
 10
-51.93288998443501
 20
-82.21573269690963
 30
123.70462105624144
 10
-51.777786014984926
 20
-82.06062872745954
 30
123.88736282578876
 10
-51.68134996284394
 20
-81.96419267531856
 30
124.1806798696845
 10
-51.649204612130276
 20
-81.9320473246049
 30
124.57211934156379
 10
-51.68134996284394
 20
-81.96419267531856
 30
124.96520919067216
 10
-49.31289082817283
 20
-79.03004811569821
 30
124.29665637860083
 10
-49.36561769056454
 20
-79.08277497808993
 30
123.7778377914952
 10
-49.5237982777397
 20
-79.24095556526508
 30
123.41085390946502
 10
-49.78976657555869
 20
-79.50692386308407
 30
123.19300411522634
 10
-50.16670529201296
 20
-79.88386257953835
 30
123.12038751714678
 10
-50.54279528633618
 20
-80.25995257386157
 30
123.19300411522634
 10
-50.80876358415517
 20
-80.52592087168055
 30
123.41085390946502
 10
-50.96662590053118
 20
-80.68378318805657
 30
123.7778377914952
 10
-51.019246672656514
 20
-80.73640396018189
 30
124.29665637860083
 10
-51.019246672656514
 20
-80.73640396018189
 30
125.97524005486969
 10
-50.50874031082765
 20
-80.22589759835303
 30
125.97524005486969
 10
-50.50874031082765
 20
-80.22589759835303
 30
124.29665637860083
 10
-50.4886892504815
 20
-80.20584653800688
 30
123.9991383744856
 10
-50.42853606944306
 20
-80.14569335696845
 30
123.80034293552812
 10
-50.32297625439324
 20
-80.04013354191862
 30
123.68871742112484
 10
-50.16670529201296
 20
-79.88386257953835
 30
123.65150891632373
 10
-50.00947951723524
 20
-79.72663680476063
 30
123.68871742112484
 10
-49.90360143138628
 20
-79.62075871891166
 30
123.80034293552812
 10
-49.84344825034784
 20
-79.56060553787322
 30
123.9991383744856
 10
-49.82339719000169
 20
-79.54055447752708
 30
124.29665637860083
 10
-49.82339719000169
 20
-79.54055447752708
 30
125.97524005486969
 10
-49.31289082817283
 20
-79.03004811569821
 30
125.97524005486969
 10
-49.030048115698214
 20
-79.31289082817284
 30
124.29665637860083
 10
-49.08277497808992
 20
-79.36561769056453
 30
123.7778377914952
 10
-49.24095556526508
 20
-79.5237982777397
 30
123.41085390946502
 10
-49.50692386308407
 20
-79.78976657555869
 30
123.19300411522634
 10
-49.883862579538345
 20
-80.16670529201296
 30
123.12038751714678
 10
-50.25995257386156
 20
-80.54279528633617
 30
123.19300411522634
 10
-50.525920871680555
 20
-80.80876358415517
 30
123.41085390946502
 10
-50.68378318805656
 20
-80.96662590053117
 30
123.7778377914952
 10
-50.736403960181896
 20
-81.01924667265652
 30
124.29665637860083
 10
-50.736403960181896
 20
-81.01924667265652
 30
125.97524005486969
 10
-50.22589759835303
 20
-80.50874031082765
 30
125.97524005486969
 10
-50.22589759835303
 20
-80.50874031082765
 30
124.29665637860083
 10
-50.20584653800688
 20
-80.4886892504815
 30
123.9991383744856
 10
-50.145693356968444
 20
-80.42853606944306
 30
123.80034293552812
 10
-50.04013354191862
 20
-80.32297625439324
 30
123.68871742112484
 10
-49.883862579538345
 20
-80.16670529201296
 30
123.65150891632373
 10
-49.72663680476062
 20
-80.00947951723523
 30
123.68871742112484
 10
-49.62075871891166
 20
-79.90360143138628
 30
123.80034293552812
 10
-49.56060553787322
 20
-79.84344825034785
 30
123.9991383744856
 10
-49.540554477527074
 20
-79.82339719000169
 30
124.29665637860083
 10
-49.540554477527074
 20
-79.82339719000169
 30
125.97524005486969
 10
-49.030048115698214
 20
-79.31289082817284
 30
125.97524005486969
 10
-48.30333585328432
 20
-78.02049314080969
 30
125.97524005486969
 10
-48.30333585328432
 20
-78.02049314080969
 30
123.175
 10
-48.81384221511318
 20
-78.53099950263856
 30
123.175
 10
-48.81384221511318
 20
-78.53099950263856
 30
125.97524005486969
 10
-48.0204931408097
 20
-78.30333585328432
 30
125.97524005486969
 10
-48.0204931408097
 20
-78.30333585328432
 30
123.175
 10
-48.530999502638565
 20
-78.81384221511318
 30
123.175
 10
-48.530999502638565
 20
-78.81384221511318
 30
125.97524005486969
 10
-47.292932156264754
 20
-77.01008944379014
 30
125.97524005486969
 10
-47.292932156264754
 20
-77.01008944379014
 30
123.72052469135802
 10
-46.396681585871924
 20
-76.1138388733973
 30
123.72052469135802
 10
-46.396681585871924
 20
-76.1138388733973
 30
123.175
 10
-47.80343851809362
 20
-77.520595805619
 30
123.175
 10
-47.80343851809362
 20
-77.520595805619
 30
125.97524005486969
 10
-47.010089443790136
 20
-77.29293215626475
 30
125.97524005486969
 10
-47.010089443790136
 20
-77.29293215626475
 30
123.72052469135802
 10
-46.113838873397306
 20
-76.39668158587193
 30
123.72052469135802
 10
-46.113838873397306
 20
-76.39668158587193
 30
123.175
 10
-47.520595805619
 20
-77.80343851809363
 30
123.175
 10
-47.520595805619
 20
-77.80343851809363
 30
125.97524005486969
 10
-44.96700915611177
 20
-74.68416644363715
 30
125.97524005486969
 10
-44.233713234881286
 20
-73.95087052240666
 30
123.175
 10
-44.74676576310331
 20
-74.4639230506287
 30
123.175
 10
-44.87152791636822
 20
-74.5886852038936
 30
123.68511659807956
 10
-45.66975108062434
 20
-75.38690836814972
 30
123.68511659807956
 10
-45.79578631708583
 20
-75.51294360461121
 30
123.175
 10
-46.30926320637339
 20
-76.02642049389877
 30
123.175
 10
-45.575967285142895
 20
-75.29312457266828
 30
125.97524005486969
 10
-45.00010931922287
 20
-74.71726660674825
 30
124.2048353909465
 10
-45.27085167902905
 20
-74.98800896655443
 30
125.31868998628258
 10
-45.54244276096626
 20
-75.25960004849165
 30
124.2048353909465
 10
-44.68416644363715
 20
-74.96700915611177
 30
125.97524005486969
 10
-43.95087052240667
 20
-74.2337132348813
 30
123.175
 10
-44.46392305062869
 20
-74.74676576310331
 30
123.175
 10
-44.588685203893604
 20
-74.87152791636822
 30
123.68511659807956
 10
-45.38690836814972
 20
-75.66975108062434
 30
123.68511659807956
 10
-45.51294360461121
 20
-75.79578631708583
 30
123.175
 10
-46.02642049389877
 20
-76.30926320637339
 30
123.175
 10
-45.293124572668276
 20
-75.5759672851429
 30
125.97524005486969
 10
-44.717266606748254
 20
-75.00010931922287
 30
124.2048353909465
 10
-44.98800896655443
 20
-75.27085167902905
 30
125.31868998628258
 10
-45.25960004849164
 20
-75.54244276096625
 30
124.2048353909465
 10
-43.25004428498991
 20
-72.9672015725153
 30
123.175
 10
-43.760550646818785
 20
-73.47770793434417
 30
123.175
 10
-43.760550646818785
 20
-73.47770793434417
 30
125.42911522633746
 10
-44.41831029838549
 20
-74.13546758591087
 30
125.42911522633746
 10
-44.41831029838549
 20
-74.13546758591087
 30
125.97524005486969
 10
-42.5935577166198
 20
-72.31071500414518
 30
125.97524005486969
 10
-42.5935577166198
 20
-72.31071500414518
 30
125.42911522633746
 10
-43.25004428498991
 20
-72.9672015725153
 30
125.42911522633746
 10
-42.96720157251529
 20
-73.25004428498991
 30
123.175
 10
-43.47770793434417
 20
-73.76055064681879
 30
123.175
 10
-43.47770793434417
 20
-73.76055064681879
 30
125.42911522633746
 10
-44.135467585910874
 20
-74.41831029838549
 30
125.42911522633746
 10
-44.135467585910874
 20
-74.41831029838549
 30
125.97524005486969
 10
-42.31071500414518
 20
-72.5935577166198
 30
125.97524005486969
 10
-42.31071500414518
 20
-72.5935577166198
 30
125.42911522633746
 10
-42.96720157251529
 20
-73.25004428498991
 30
125.42911522633746
 10
-42.32918077279653
 20
-72.04633806032192
 30
123.175
 10
-42.32918077279653
 20
-72.04633806032192
 30
125.97524005486969
 10
-40.9517047540962
 20
-70.66886204162158
 30
125.97524005486969
 10
-40.9517047540962
 20
-70.66886204162158
 30
125.42911522633746
 10
-41.81867441096766
 20
-71.53583169849304
 30
125.42911522633746
 10
-41.81867441096766
 20
-71.53583169849304
 30
124.90819615912208
 10
-41.003052443024956
 20
-70.72020973055034
 30
124.90819615912208
 10
-41.003052443024956
 20
-70.72020973055034
 30
124.36207133058986
 10
-41.81867441096766
 20
-71.53583169849304
 30
124.36207133058986
 10
-41.81867441096766
 20
-71.53583169849304
 30
123.72052469135802
 10
-40.92242384057484
 20
-70.63958112810022
 30
123.72052469135802
 10
-40.92242384057484
 20
-70.63958112810022
 30
123.175
 10
-42.046338060321915
 20
-72.32918077279653
 30
123.175
 10
-42.046338060321915
 20
-72.32918077279653
 30
125.97524005486969
 10
-40.66886204162158
 20
-70.9517047540962
 30
125.97524005486969
 10
-40.66886204162158
 20
-70.9517047540962
 30
125.42911522633746
 10
-41.53583169849304
 20
-71.81867441096766
 30
125.42911522633746
 10
-41.53583169849304
 20
-71.81867441096766
 30
124.90819615912208
 10
-40.72020973055034
 20
-71.00305244302496
 30
124.90819615912208
 10
-40.72020973055034
 20
-71.00305244302496
 30
124.36207133058986
 10
-41.53583169849304
 20
-71.81867441096766
 30
124.36207133058986
 10
-41.53583169849304
 20
-71.81867441096766
 30
123.72052469135802
 10
-40.63958112810022
 20
-70.92242384057484
 30
123.72052469135802
 10
-40.63958112810022
 20
-70.92242384057484
 30
123.175
 10
-39.15230774599573
 20
-68.86946503352111
 30
124.59192386831276
 10
-39.31918773501418
 20
-69.03634502253956
 30
124.48389917695474
 10
-39.21988724568088
 20
-68.93704453320626
 30
124.42883659122086
 10
-39.1316201440513
 20
-68.84877743157668
 30
124.33086419753087
 10
-39.04802101414249
 20
-68.76517830166787
 30
124.18128000685871
 10
-38.963573162102634
 20
-68.68073044962802
 30
123.97018175582991
 10
-38.68646538631357
 20
-68.40362267383895
 30
123.175
 10
-39.23007191125353
 20
-68.94722919877891
 30
123.175
 10
-39.47153335753835
 20
-69.18869064506373
 30
123.87055898491084
 10
-39.54505391214089
 20
-69.26221119966627
 30
124.04729938271605
 10
-39.619635369407234
 20
-69.33679265693262
 30
124.15742455418382
 10
-39.706841568373015
 20
-69.42399885589839
 30
124.21548782578876
 10
-39.81908507020488
 20
-69.53624235773026
 30
124.23484224965706
 10
-39.963367832484025
 20
-69.6805251200094
 30
124.23484224965706
 10
-39.963367832484025
 20
-69.6805251200094
 30
123.175
 10
-40.4738741943129
 20
-70.19103148183828
 30
123.175
 10
-40.4738741943129
 20
-70.19103148183828
 30
125.97524005486969
 10
-39.69432291693997
 20
-69.41148020446535
 30
125.97524005486969
 10
-39.355364515850354
 20
-69.07252180337574
 30
125.92872942386832
 10
-39.12101111741312
 20
-68.8381684049385
 30
125.7891975308642
 10
-38.984154673780694
 20
-68.70131196130608
 30
125.54974279835392
 10
-38.93853585923655
 20
-68.65569314676193
 30
125.2022633744856
 10
-38.962300078906054
 20
-68.67945736643144
 30
124.94975565843622
 10
-39.033592737914574
 20
-68.75075002543996
 30
124.74675925925926
 10
-39.74864113332741
 20
-69.46579842085279
 30
124.73355624142661
 10
-39.61093596756393
 20
-69.32809325508931
 30
124.754561042524
 10
-39.518637435811826
 20
-69.23579472333721
 30
124.81757544581619
 10
-39.466441024752015
 20
-69.1835983122774
 30
124.92935099451303
 10
-39.44904222106542
 20
-69.16619950859081
 30
125.09543895747599
 10
-39.466441024752015
 20
-69.1835983122774
 30
125.25957647462278
 10
-39.518637435811826
 20
-69.23579472333721
 30
125.36910150891633
 10
-39.61093596756393
 20
-69.32809325508931
 30
125.43121570644719
 10
-39.74864113332741
 20
-69.46579842085279
 30
125.45192043895747
 10
-39.963367832484025
 20
-69.6805251200094
 30
125.45192043895747
 10
-39.963367832484025
 20
-69.6805251200094
 30
124.73355624142661
 10
-38.86946503352111
 20
-69.15230774599573
 30
124.59192386831276
 10
-39.036345022539564
 20
-69.31918773501418
 30
124.48389917695474
 10
-38.93704453320626
 20
-69.21988724568088
 30
124.42883659122086
 10
-38.84877743157668
 20
-69.1316201440513
 30
124.33086419753087
 10
-38.76517830166787
 20
-69.04802101414249
 30
124.18128000685871
 10
-38.680730449628015
 20
-68.96357316210263
 30
123.97018175582991
 10
-38.40362267383895
 20
-68.68646538631357
 30
123.175
 10
-38.94722919877891
 20
-69.23007191125353
 30
123.175
 10
-39.18869064506373
 20
-69.47153335753835
 30
123.87055898491084
 10
-39.26221119966627
 20
-69.54505391214089
 30
124.04729938271605
 10
-39.336792656932616
 20
-69.61963536940723
 30
124.15742455418382
 10
-39.4239988558984
 20
-69.70684156837302
 30
124.21548782578876
 10
-39.53624235773026
 20
-69.81908507020488
 30
124.23484224965706
 10
-39.680525120009406
 20
-69.96336783248402
 30
124.23484224965706
 10
-39.680525120009406
 20
-69.96336783248402
 30
123.175
 10
-40.19103148183828
 20
-70.4738741943129
 30
123.175
 10
-40.19103148183828
 20
-70.4738741943129
 30
125.97524005486969
 10
-39.41148020446535
 20
-69.69432291693997
 30
125.97524005486969
 10
-39.072521803375736
 20
-69.35536451585035
 30
125.92872942386832
 10
-38.8381684049385
 20
-69.12101111741312
 30
125.7891975308642
 10
-38.701311961306075
 20
-68.9841546737807
 30
125.54974279835392
 10
-38.655693146761934
 20
-68.93853585923655
 30
125.2022633744856
 10
-38.679457366431436
 20
-68.96230007890605
 30
124.94975565843622
 10
-38.750750025439956
 20
-69.03359273791457
 30
124.74675925925926
 10
-39.46579842085279
 20
-69.74864113332741
 30
124.73355624142661
 10
-39.328093255089314
 20
-69.61093596756393
 30
124.754561042524
 10
-39.23579472333721
 20
-69.51863743581183
 30
124.81757544581619
 10
-39.1835983122774
 20
-69.46644102475202
 30
124.92935099451303
 10
-39.1661995085908
 20
-69.44904222106541
 30
125.09543895747599
 10
-39.1835983122774
 20
-69.46644102475202
 30
125.25957647462278
 10
-39.23579472333721
 20
-69.51863743581183
 30
125.36910150891633
 10
-39.328093255089314
 20
-69.61093596756393
 30
125.43121570644719
 10
-39.46579842085279
 20
-69.74864113332741
 30
125.45192043895747
 10
-39.680525120009406
 20
-69.96336783248402
 30
125.45192043895747
 10
-39.680525120009406
 20
-69.96336783248402
 30
124.73355624142661
 10
-38.10551508760723
 20
-67.82267237513261
 30
123.175
 10
-38.61899197689479
 20
-68.33614926442017
 30
123.175
 10
-37.8856960556643
 20
-67.60285334318968
 30
125.97524005486969
 10
-37.27673792663319
 20
-66.99389521415857
 30
125.97524005486969
 10
-36.54344200540269
 20
-66.26059929292808
 30
123.175
 10
-37.05649453362472
 20
-66.77365182115011
 30
123.175
 10
-37.181256686889625
 20
-66.898413974415
 30
123.68511659807956
 10
-37.97947985114574
 20
-67.69663713867112
 30
123.68511659807956
 10
-37.30983808974429
 20
-67.02699537726967
 30
124.2048353909465
 10
-37.58058044955045
 20
-67.29773773707583
 30
125.31868998628258
 10
-37.85217153148767
 20
-67.56932881901305
 30
124.2048353909465
 10
-37.82267237513261
 20
-68.10551508760723
 30
123.175
 10
-38.33614926442017
 20
-68.61899197689479
 30
123.175
 10
-37.60285334318968
 20
-67.8856960556643
 30
125.97524005486969
 10
-36.99389521415857
 20
-67.27673792663319
 30
125.97524005486969
 10
-36.26059929292807
 20
-66.54344200540268
 30
123.175
 10
-36.773651821150104
 20
-67.05649453362471
 30
123.175
 10
-36.89841397441501
 20
-67.18125668688963
 30
123.68511659807956
 10
-37.69663713867112
 20
-67.97947985114574
 30
123.68511659807956
 10
-37.02699537726967
 20
-67.30983808974429
 30
124.2048353909465
 10
-37.297737737075835
 20
-67.58058044955045
 30
125.31868998628258
 10
-37.56932881901305
 20
-67.85217153148767
 30
124.2048353909465
 10
-34.87400557361984
 20
-64.59116286114522
 30
123.72052469135802
 10
-34.87400557361984
 20
-64.59116286114522
 30
123.175
 10
-36.28076250584154
 20
-65.99791979336692
 30
123.175
 10
-36.28076250584154
 20
-65.99791979336692
 30
125.97524005486969
 10
-35.77025614401266
 20
-65.48741343153804
 30
125.97524005486969
 10
-35.77025614401266
 20
-65.48741343153804
 30
123.72052469135802
 10
-34.59116286114522
 20
-64.87400557361984
 30
123.72052469135802
 10
-34.59116286114522
 20
-64.87400557361984
 30
123.175
 10
-35.99791979336692
 20
-66.28076250584154
 30
123.175
 10
-35.99791979336692
 20
-66.28076250584154
 30
125.97524005486969
 10
-35.487413431538045
 20
-65.77025614401266
 30
125.97524005486969
 10
-35.487413431538045
 20
-65.77025614401266
 30
123.72052469135802
 10
-34.372835155232565
 20
-64.08999244275795
 30
122.62947530864197
 10
-34.65503526380796
 20
-64.37219255133334
 30
122.62947530864197
 10
-34.522634611363564
 20
-64.23979189888894
 30
123.32863511659808
 10
-34.522634611363564
 20
-64.23979189888894
 30
123.90056584362141
 10
-34.0452284126458
 20
-63.76238570017118
 30
123.90056584362141
 10
-34.0452284126458
 20
-63.76238570017118
 30
123.32863511659808
 10
-34.089992442757946
 20
-64.37283515523256
 30
122.62947530864197
 10
-34.37219255133334
 20
-64.65503526380796
 30
122.62947530864197
 10
-34.239791898888946
 20
-64.52263461136357
 30
123.32863511659808
 10
-34.239791898888946
 20
-64.52263461136357
 30
123.90056584362141
 10
-33.76238570017118
 20
-64.0452284126458
 30
123.90056584362141
 10
-33.76238570017118
 20
-64.0452284126458
 30
123.32863511659808
 10
-30.984736408065746
 20
-60.701893695591124
 30
125.97524005486969
 10
-30.984736408065746
 20
-60.701893695591124
 30
125.42911522633746
 10
-31.64122297643587
 20
-61.35838026396125
 30
125.42911522633746
 10
-31.64122297643587
 20
-61.35838026396125
 30
123.175
 10
-32.151729338264744
 20
-61.868886625790125
 30
123.175
 10
-32.151729338264744
 20
-61.868886625790125
 30
125.42911522633746
 10
-32.80948898983144
 20
-62.526646277356825
 30
125.42911522633746
 10
-32.80948898983144
 20
-62.526646277356825
 30
125.97524005486969
 10
-30.701893695591128
 20
-60.98473640806574
 30
125.97524005486969
 10
-30.701893695591128
 20
-60.98473640806574
 30
125.42911522633746
 10
-31.35838026396125
 20
-61.64122297643587
 30
125.42911522633746
 10
-31.35838026396125
 20
-61.64122297643587
 30
123.175
 10
-31.86888662579012
 20
-62.151729338264744
 30
123.175
 10
-31.86888662579012
 20
-62.151729338264744
 30
125.42911522633746
 10
-32.526646277356825
 20
-62.80948898983144
 30
125.42911522633746
 10
-32.526646277356825
 20
-62.80948898983144
 30
125.97524005486969
 10
-30.240937550463467
 20
-59.95809483798885
 30
123.21700960219479
 10
-30.56334586999753
 20
-60.280503157522915
 30
123.50687585733883
 10
-30.7667209106513
 20
-60.48387819817668
 30
123.96643089849108
 10
-30.834512590869224
 20
-60.551669878394605
 30
124.57211934156379
 10
-30.7667209106513
 20
-60.48387819817668
 30
125.17945816186557
 10
-30.56334586999753
 20
-60.280503157522915
 30
125.6391632373114
 10
-30.240937550463467
 20
-59.95809483798885
 30
125.92902949245543
 10
-29.81604603360465
 20
-59.53320332113003
 30
126.02565157750344
 10
-29.39041188488116
 20
-59.10756917240654
 30
125.92902949245543
 10
-29.06832183614624
 20
-58.78547912367162
 30
125.6391632373114
 10
-28.865265066291617
 20
-58.582422353816995
 30
125.17945816186557
 10
-28.797579476340076
 20
-58.51473676386546
 30
124.57211934156379
 10
-28.865265066291617
 20
-58.582422353816995
 30
123.96643089849108
 10
-29.06832183614624
 20
-58.78547912367162
 30
123.50687585733883
 10
-29.39041188488116
 20
-59.10756917240654
 30
123.21700960219479
 10
-29.81604603360465
 20
-59.53320332113003
 30
123.12038751714678
 10
-29.6078969309637
 20
-59.325054218489086
 30
123.70462105624144
 10
-29.452792961513616
 20
-59.169950249039
 30
123.88736282578876
 10
-29.35635690937263
 20
-59.07351419689801
 30
124.1806798696845
 10
-29.324211558658963
 20
-59.04136884618434
 30
124.57211934156379
 10
-29.35635690937263
 20
-59.07351419689801
 30
124.96520919067216
 10
-29.452792961513616
 20
-59.169950249039
 30
125.25867626886145
 10
-29.6078969309637
 20
-59.325054218489086
 30
125.44141803840878
 10
-29.81604603360465
 20
-59.53320332113003
 30
125.50233196159122
 10
-30.02324032384816
 20
-59.74039761137354
 30
125.44141803840878
 10
-30.178026022499097
 20
-59.89518331002448
 30
125.25867626886145
 10
-30.274462074640088
 20
-59.991619362165466
 30
124.96520919067216
 10
-30.306607425353747
 20
-60.02376471287913
 30
124.57211934156379
 10
-30.274462074640088
 20
-59.991619362165466
 30
124.1806798696845
 10
-30.178026022499097
 20
-59.89518331002448
 30
123.88736282578876
 10
-30.02324032384816
 20
-59.74039761137354
 30
123.70462105624144
 10
-29.81604603360465
 20
-59.53320332113003
 30
123.64370713305898
 10
-29.95809483798885
 20
-60.24093755046347
 30
123.21700960219479
 10
-30.28050315752291
 20
-60.563345869997534
 30
123.50687585733883
 10
-30.483878198176683
 20
-60.7667209106513
 30
123.96643089849108
 10
-30.551669878394605
 20
-60.834512590869224
 30
124.57211934156379
 10
-30.483878198176683
 20
-60.7667209106513
 30
125.17945816186557
 10
-30.28050315752291
 20
-60.563345869997534
 30
125.6391632373114
 10
-29.95809483798885
 20
-60.24093755046347
 30
125.92902949245543
 10
-29.53320332113003
 20
-59.81604603360465
 30
126.02565157750344
 10
-29.107569172406542
 20
-59.39041188488116
 30
125.92902949245543
 10
-28.78547912367162
 20
-59.06832183614624
 30
125.6391632373114
 10
-28.582422353816998
 20
-58.86526506629161
 30
125.17945816186557
 10
-28.514736763865457
 20
-58.797579476340076
 30
124.57211934156379
 10
-28.582422353816998
 20
-58.86526506629161
 30
123.96643089849108
 10
-28.78547912367162
 20
-59.06832183614624
 30
123.50687585733883
 10
-29.107569172406542
 20
-59.39041188488116
 30
123.21700960219479
 10
-29.53320332113003
 20
-59.81604603360465
 30
123.12038751714678
 10
-29.325054218489083
 20
-59.607896930963705
 30
123.70462105624144
 10
-29.169950249038997
 20
-59.452792961513616
 30
123.88736282578876
 10
-29.07351419689801
 20
-59.35635690937263
 30
124.1806798696845
 10
-29.041368846184344
 20
-59.32421155865896
 30
124.57211934156379
 10
-29.07351419689801
 20
-59.35635690937263
 30
124.96520919067216
 10
-29.169950249038997
 20
-59.452792961513616
 30
125.25867626886145
 10
-29.325054218489083
 20
-59.607896930963705
 30
125.44141803840878
 10
-29.53320332113003
 20
-59.81604603360465
 30
125.50233196159122
 10
-29.740397611373538
 20
-60.02324032384816
 30
125.44141803840878
 10
-29.89518331002448
 20
-60.1780260224991
 30
125.25867626886145
 10
-29.99161936216547
 20
-60.274462074640084
 30
124.96520919067216
 10
-30.023764712879128
 20
-60.30660742535375
 30
124.57211934156379
 10
-29.99161936216547
 20
-60.274462074640084
 30
124.1806798696845
 10
-29.89518331002448
 20
-60.1780260224991
 30
123.88736282578876
 10
-29.740397611373538
 20
-60.02324032384816
 30
123.70462105624144
 10
-29.53320332113003
 20
-59.81604603360465
 30
123.64370713305898
 10
-27.230307971082823
 20
-56.947465258608204
 30
124.20588563100138
 10
-27.56438621991888
 20
-57.28154350744426
 30
124.14662208504801
 10
-27.90090454488172
 20
-57.6180618324071
 30
124.14662208504801
 10
-27.90090454488172
 20
-57.6180618324071
 30
123.175
 10
-28.411410906710586
 20
-58.12856819423597
 30
123.175
 10
-28.411410906710586
 20
-58.12856819423597
 30
125.97524005486969
 10
-27.56438621991888
 20
-57.28154350744426
 30
125.97524005486969
 10
-27.230307971082823
 20
-56.947465258608204
 30
125.91582647462278
 10
-26.984284643343603
 20
-56.70144193086898
 30
125.73758573388203
 10
-26.832469472151352
 20
-56.549626759676734
 30
125.45012002743485
 10
-26.78186441508727
 20
-56.49902170261265
 30
125.06183127572017
 10
-26.832469472151352
 20
-56.549626759676734
 30
124.67174211248286
 10
-26.984284643343603
 20
-56.70144193086898
 30
124.38367626886145
 10
-27.38912509985627
 20
-57.106282387381654
 30
125.35049725651578
 10
-27.48704641572661
 20
-57.20420370325199
 30
125.42656464334705
 10
-27.61870443630633
 20
-57.33586172383171
 30
125.45192043895747
 10
-27.90090454488172
 20
-57.6180618324071
 30
125.45192043895747
 10
-27.90090454488172
 20
-57.6180618324071
 30
124.66994170096022
 10
-27.61870443630633
 20
-57.33586172383171
 30
124.66994170096022
 10
-27.48704641572661
 20
-57.20420370325199
 30
124.6954475308642
 10
-27.38912509985627
 20
-57.106282387381654
 30
124.77196502057613
 10
-27.328335377219545
 20
-57.04549266474493
 30
124.8954432441701
 10
-27.30807213634063
 20
-57.02522942386601
 30
125.06183127572017
 10
-27.328335377219545
 20
-57.04549266474493
 30
125.22761917009602
 10
-26.947465258608204
 20
-57.23030797108282
 30
124.20588563100138
 10
-27.281543507444262
 20
-57.56438621991888
 30
124.14662208504801
 10
-27.6180618324071
 20
-57.90090454488172
 30
124.14662208504801
 10
-27.6180618324071
 20
-57.90090454488172
 30
123.175
 10
-28.128568194235967
 20
-58.411410906710586
 30
123.175
 10
-28.128568194235967
 20
-58.411410906710586
 30
125.97524005486969
 10
-27.281543507444262
 20
-57.56438621991888
 30
125.97524005486969
 10
-26.947465258608204
 20
-57.23030797108282
 30
125.91582647462278
 10
-26.701441930868985
 20
-56.9842846433436
 30
125.73758573388203
 10
-26.549626759676734
 20
-56.83246947215135
 30
125.45012002743485
 10
-26.49902170261265
 20
-56.78186441508727
 30
125.06183127572017
 10
-26.549626759676734
 20
-56.83246947215135
 30
124.67174211248286
 10
-26.701441930868985
 20
-56.9842846433436
 30
124.38367626886145
 10
-27.10628238738165
 20
-57.38912509985627
 30
125.35049725651578
 10
-27.20420370325199
 20
-57.48704641572661
 30
125.42656464334705
 10
-27.335861723831712
 20
-57.61870443630633
 30
125.45192043895747
 10
-27.6180618324071
 20
-57.90090454488172
 30
125.45192043895747
 10
-27.6180618324071
 20
-57.90090454488172
 30
124.66994170096022
 10
-27.335861723831712
 20
-57.61870443630633
 30
124.66994170096022
 10
-27.20420370325199
 20
-57.48704641572661
 30
124.6954475308642
 10
-27.10628238738165
 20
-57.38912509985627
 30
124.77196502057613
 10
-27.045492664744927
 20
-57.328335377219545
 30
124.8954432441701
 10
-27.025229423866012
 20
-57.30807213634063
 30
125.06183127572017
 10
-27.045492664744927
 20
-57.328335377219545
 30
125.22761917009602
 10
-24.149128364558344
 20
-53.866285652083725
 30
123.175
 10
-24.273890517823254
 20
-53.991047805348636
 30
123.68511659807956
 10
-25.072113682079365
 20
-54.78927096960474
 30
123.68511659807956
 10
-25.198148918540852
 20
-54.915306206066234
 30
123.175
 10
-25.711625807828412
 20
-55.42878309535379
 30
123.175
 10
-24.97832988659792
 20
-54.6954871741233
 30
125.97524005486969
 10
-24.369371757566803
 20
-54.086529045092185
 30
125.97524005486969
 10
-23.636075836336314
 20
-53.3532331238617
 30
123.175
 10
-24.402471920677904
 20
-54.119629208203285
 30
124.2048353909465
 10
-24.673214280484068
 20
-54.39037156800945
 30
125.31868998628258
 10
-24.94480536242129
 20
-54.66196264994667
 30
124.2048353909465
 10
-23.866285652083725
 20
-54.149128364558344
 30
123.175
 10
-23.991047805348636
 20
-54.273890517823254
 30
123.68511659807956
 10
-24.789270969604747
 20
-55.07211368207936
 30
123.68511659807956
 10
-24.915306206066234
 20
-55.19814891854085
 30
123.175
 10
-25.428783095353793
 20
-55.71162580782841
 30
123.175
 10
-24.6954871741233
 20
-54.97832988659792
 30
125.97524005486969
 10
-24.086529045092185
 20
-54.3693717575668
 30
125.97524005486969
 10
-23.353233123861695
 20
-53.63607583633632
 30
123.175
 10
-24.119629208203285
 20
-54.402471920677904
 30
124.2048353909465
 10
-24.39037156800945
 20
-54.67321428048407
 30
125.31868998628258
 10
-24.661962649946673
 20
-54.94480536242129
 30
124.2048353909465
 10
-23.162913248273814
 20
-52.88007053579919
 30
125.42911522633746
 10
-23.820672899840517
 20
-53.5378301873659
 30
125.42911522633746
 10
-23.820672899840517
 20
-53.5378301873659
 30
125.97524005486969
 10
-21.995920318074823
 20
-51.713077605600205
 30
125.97524005486969
 10
-21.995920318074823
 20
-51.713077605600205
 30
125.42911522633746
 10
-22.652406886444943
 20
-52.369564173970325
 30
125.42911522633746
 10
-22.652406886444943
 20
-52.369564173970325
 30
123.175
 10
-23.162913248273814
 20
-52.88007053579919
 30
123.175
 10
-22.880070535799195
 20
-53.16291324827381
 30
125.42911522633746
 10
-23.5378301873659
 20
-53.82067289984052
 30
125.42911522633746
 10
-23.5378301873659
 20
-53.82067289984052
 30
125.97524005486969
 10
-21.713077605600205
 20
-51.99592031807482
 30
125.97524005486969
 10
-21.713077605600205
 20
-51.99592031807482
 30
125.42911522633746
 10
-22.369564173970325
 20
-52.65240688644494
 30
125.42911522633746
 10
-22.369564173970325
 20
-52.65240688644494
 30
123.175
 10
-22.880070535799195
 20
-53.16291324827381
 30
123.175
 10
-20.77927714320918
 20
-50.49643443073456
 30
125.61200703017833
 10
-20.639237991585304
 20
-50.356395279110686
 30
125.83960905349795
 10
-20.408385571938666
 20
-50.12554285946405
 30
125.97914094650206
 10
-20.090114772793484
 20
-49.807272060318866
 30
126.02565157750344
 10
-19.77385968870956
 20
-49.491016976234945
 30
125.97944101508917
 10
-19.543962081460357
 20
-49.26111936898574
 30
125.84080932784637
 10
-19.40360465903733
 20
-49.12076194656271
 30
125.61320730452675
 10
-19.35681885156299
 20
-49.07397613908837
 30
125.30008573388203
 10
-19.379840439367825
 20
-49.09699772689321
 30
125.08148576817558
 10
-19.44890520278233
 20
-49.166062490307716
 30
124.90219478737997
 10
-19.563058329409074
 20
-49.280215616934456
 30
124.76356310013718
 10
-19.721345006850598
 20
-49.43850229437598
 30
124.66574074074074
 10
-19.54449253279227
 20
-49.26164982031765
 30
124.56251714677641
 10
-19.417078122867814
 20
-49.134235410393195
 30
124.41008230452675
 10
-19.340056589474678
 20
-49.05721387700006
 30
124.20978652263375
 10
-19.3143827450103
 20
-49.03154003253568
 30
123.96298010973938
 10
-19.363290357812282
 20
-49.080447645337664
 30
123.59734653635117
 10
-19.51001319621821
 20
-49.22717048374359
 30
123.33343621399177
 10
-19.752853815965974
 20
-49.47001110349136
 30
123.17364969135802
 10
-20.090114772793484
 20
-49.807272060318866
 30
123.12038751714678
 10
-20.428648812817578
 20
-50.14580610034296
 30
123.17364969135802
 10
-20.672762515761924
 20
-50.389919803287306
 30
123.33343621399177
 10
-20.82044016656529
 20
-50.53759745409067
 30
123.59734653635117
 10
-20.86966605016641
 20
-50.58682333769179
 30
123.96298010973938
 10
-20.843992205702037
 20
-50.56114949322742
 30
124.20978652263375
 10
-20.7669706723089
 20
-50.48412795983428
 30
124.41008230452675
 10
-20.639556262384446
 20
-50.35671354990983
 30
124.56251714677641
 10
-20.46270378832611
 20
-50.17986107585149
 30
124.66574074074074
 10
-20.620884375501266
 20
-50.33804166302665
 30
124.76356310013718
 10
-20.734719231328857
 20
-50.451876518854235
 30
124.90219478737997
 10
-20.80314745314507
 20
-50.52030474067045
 30
125.08148576817558
 10
-20.82595686041714
 20
-50.54311414794252
 30
125.30008573388203
 10
-20.367965180447225
 20
-50.08512246797261
 30
123.8178969478738
 10
-20.31035816580195
 20
-50.02751545332733
 30
123.68391632373114
 10
-20.21668046058688
 20
-49.93383774811226
 30
123.60199759945131
 10
-20.090114772793484
 20
-49.807272060318866
 30
123.5746913580247
 10
-19.964609987663902
 20
-49.68176727518928
 30
123.60199759945131
 10
-19.872417546178184
 20
-49.589574833703566
 30
123.68391632373114
 10
-19.81576534393034
 20
-49.53292263145572
 30
123.8178969478738
 10
-19.796881276514398
 20
-49.51403856403978
 30
124.00018861454046
 10
-19.81576534393034
 20
-49.53292263145572
 30
124.18383058984911
 10
-19.872417546178184
 20
-49.589574833703566
 30
124.31826131687244
 10
-19.964609987663902
 20
-49.68176727518928
 30
124.40063014403293
 10
-20.090114772793484
 20
-49.807272060318866
 30
124.42808641975309
 10
-20.21668046058688
 20
-49.93383774811226
 30
124.40033007544582
 10
-20.31035816580195
 20
-50.02751545332733
 30
124.317061042524
 10
-20.367965180447225
 20
-50.08512246797261
 30
124.18263031550069
 10
-20.387167518662316
 20
-50.1043248061877
 30
124.00018861454046
 10
-20.090114772793484
 20
-49.807272060318866
 30
124.87998971193416
 10
-19.984448867477283
 20
-49.701606155002665
 30
124.90249485596708
 10
-19.905942070354808
 20
-49.62309935788019
 30
124.97001028806585
 10
-19.85692836728645
 20
-49.57408565481183
 30
125.0792352537723
 10
-19.840590466263667
 20
-49.55774775378905
 30
125.22686899862826
 10
-19.85692836728645
 20
-49.57408565481183
 30
125.37420267489712
 10
-19.905942070354808
 20
-49.62309935788019
 30
125.48252743484225
 10
-19.984448867477283
 20
-49.701606155002665
 30
125.54959276406036
 10
-20.090114772793484
 20
-49.807272060318866
 30
125.57194787379973
 10
-20.197902483437318
 20
-49.9150597709627
 30
125.54944272976681
 10
-20.277682363756377
 20
-49.99483965128176
 30
125.48192729766804
 10
-20.32701433762388
 20
-50.04417162514926
 30
125.37315243484225
 10
-20.343458328913048
 20
-50.060615616438426
 30
125.22686899862826
 10
-20.32701433762388
 20
-50.04417162514926
 30
125.0792352537723
 10
-20.277682363756377
 20
-49.99483965128176
 30
124.97001028806585
 10
-20.197902483437318
 20
-49.9150597709627
 30
124.90249485596708
 10
-20.49643443073456
 20
-50.77927714320918
 30
125.61200703017833
 10
-20.356395279110686
 20
-50.639237991585304
 30
125.83960905349795
 10
-20.125542859464048
 20
-50.408385571938666
 30
125.97914094650206
 10
-19.807272060318866
 20
-50.090114772793484
 30
126.02565157750344
 10
-19.491016976234942
 20
-49.773859688709564
 30
125.97944101508917
 10
-19.26111936898574
 20
-49.54396208146036
 30
125.84080932784637
 10
-19.120761946562713
 20
-49.40360465903733
 30
125.61320730452675
 10
-19.073976139088373
 20
-49.35681885156299
 30
125.30008573388203
 10
-19.096997726893207
 20
-49.379840439367825
 30
125.08148576817558
 10
-19.166062490307713
 20
-49.448905202782335
 30
124.90219478737997
 10
-19.280215616934456
 20
-49.563058329409074
 30
124.76356310013718
 10
-19.43850229437598
 20
-49.7213450068506
 30
124.66574074074074
 10
-19.26164982031765
 20
-49.54449253279227
 30
124.56251714677641
 10
-19.134235410393195
 20
-49.417078122867814
 30
124.41008230452675
 10
-19.05721387700006
 20
-49.34005658947468
 30
124.20978652263375
 10
-19.03154003253568
 20
-49.3143827450103
 30
123.96298010973938
 10
-19.080447645337664
 20
-49.36329035781228
 30
123.59734653635117
 10
-19.227170483743592
 20
-49.51001319621821
 30
123.33343621399177
 10
-19.470011103491355
 20
-49.75285381596598
 30
123.17364969135802
 10
-19.807272060318866
 20
-50.090114772793484
 30
123.12038751714678
 10
-20.14580610034296
 20
-50.42864881281758
 30
123.17364969135802
 10
-20.389919803287306
 20
-50.672762515761924
 30
123.33343621399177
 10
-20.537597454090672
 20
-50.82044016656529
 30
123.59734653635117
 10
-20.58682333769179
 20
-50.86966605016641
 30
123.96298010973938
 10
-20.56114949322742
 20
-50.84399220570204
 30
124.20978652263375
 10
-20.484127959834282
 20
-50.7669706723089
 30
124.41008230452675
 10
-20.356713549909827
 20
-50.639556262384446
 30
124.56251714677641
 10
-20.17986107585149
 20
-50.46270378832611
 30
124.66574074074074
 10
-20.338041663026647
 20
-50.62088437550127
 30
124.76356310013718
 10
-20.451876518854238
 20
-50.73471923132885
 30
124.90219478737997
 10
-20.52030474067045
 20
-50.803147453145066
 30
125.08148576817558
 10
-20.54311414794252
 20
-50.825956860417136
 30
125.30008573388203
 10
-20.085122467972607
 20
-50.36796518044723
 30
123.8178969478738
 10
-20.027515453327332
 20
-50.31035816580195
 30
123.68391632373114
 10
-19.93383774811226
 20
-50.21668046058688
 30
123.60199759945131
 10
-19.807272060318866
 20
-50.090114772793484
 30
123.5746913580247
 10
-19.681767275189284
 20
-49.9646099876639
 30
123.60199759945131
 10
-19.589574833703566
 20
-49.872417546178184
 30
123.68391632373114
 10
-19.532922631455722
 20
-49.81576534393034
 30
123.8178969478738
 10
-19.51403856403978
 20
-49.7968812765144
 30
124.00018861454046
 10
-19.532922631455722
 20
-49.81576534393034
 30
124.18383058984911
 10
-19.589574833703566
 20
-49.872417546178184
 30
124.31826131687244
 10
-19.681767275189284
 20
-49.9646099876639
 30
124.40063014403293
 10
-19.807272060318866
 20
-50.090114772793484
 30
124.42808641975309
 10
-19.93383774811226
 20
-50.21668046058688
 30
124.40033007544582
 10
-20.027515453327332
 20
-50.31035816580195
 30
124.317061042524
 10
-20.085122467972607
 20
-50.36796518044723
 30
124.18263031550069
 10
-20.104324806187698
 20
-50.38716751866232
 30
124.00018861454046
 10
-19.807272060318866
 20
-50.090114772793484
 30
124.87998971193416
 10
-19.701606155002665
 20
-49.98444886747728
 30
124.90249485596708
 10
-19.62309935788019
 20
-49.90594207035481
 30
124.97001028806585
 10
-19.57408565481183
 20
-49.85692836728645
 30
125.0792352537723
 10
-19.557747753789048
 20
-49.84059046626367
 30
125.22686899862826
 10
-19.57408565481183
 20
-49.85692836728645
 30
125.37420267489712
 10
-19.62309935788019
 20
-49.90594207035481
 30
125.48252743484225
 10
-19.701606155002665
 20
-49.98444886747728
 30
125.54959276406036
 10
-19.807272060318866
 20
-50.090114772793484
 30
125.57194787379973
 10
-19.9150597709627
 20
-50.19790248343732
 30
125.54944272976681
 10
-19.994839651281758
 20
-50.27768236375638
 30
125.48192729766804
 10
-20.04417162514926
 20
-50.32701433762388
 30
125.37315243484225
 10
-20.06061561643843
 20
-50.343458328913044
 30
125.22686899862826
 10
-20.04417162514926
 20
-50.32701433762388
 30
125.0792352537723
 10
-19.994839651281758
 20
-50.27768236375638
 30
124.97001028806585
 10
-19.9150597709627
 20
-50.19790248343732
 30
124.90249485596708
 10
-18.887475513090234
 20
-48.60463280061562
 30
125.97524005486969
 10
-18.573023963534794
 20
-48.290181251060176
 30
125.97524005486969
 10
-18.573023963534794
 20
-48.290181251060176
 30
124.93400205761317
 10
-18.887475513090234
 20
-48.60463280061562
 30
124.93400205761317
 10
-18.604632800615615
 20
-48.88747551309024
 30
125.97524005486969
 10
-18.290181251060176
 20
-48.573023963534794
 30
125.97524005486969
 10
-18.290181251060176
 20
-48.573023963534794
 30
124.93400205761317
 10
-18.604632800615615
 20
-48.88747551309024
 30
124.93400205761317
 10
-18.167334784891075
 20
-47.88449207241646
 30
124.00799039780522
 10
-18.167334784891075
 20
-47.88449207241646
 30
124.55351508916324
 10
-17.33473837432728
 20
-47.05189566185266
 30
124.55351508916324
 10
-17.33473837432728
 20
-47.05189566185266
 30
124.00799039780522
 10
-17.884492072416453
 20
-48.167334784891075
 30
124.00799039780522
 10
-17.884492072416453
 20
-48.167334784891075
 30
124.55351508916324
 10
-17.051895661852658
 20
-47.33473837432728
 30
124.55351508916324
 10
-17.051895661852658
 20
-47.33473837432728
 30
124.00799039780522
 10
-15.896472632990214
 20
-45.6136299205156
 30
123.21490912208505
 10
-16.242008630595496
 20
-45.959165918120874
 30
123.12038751714678
 10
-16.588499440598213
 20
-46.305656728123594
 30
123.21490912208505
 10
-16.845450065774756
 20
-46.56260735330014
 30
123.49847393689987
 10
-17.004585465347347
 20
-46.72174275287273
 30
123.9559284979424
 10
-17.05763059853821
 20
-46.77478788606359
 30
124.57211934156379
 10
-17.004585465347347
 20
-46.72174275287273
 30
125.18996056241427
 10
-16.845450065774756
 20
-46.56260735330014
 30
125.64756515775035
 10
-16.588499440598213
 20
-46.305656728123594
 30
125.93112997256516
 10
-16.242008630595496
 20
-45.959165918120874
 30
126.02565157750344
 10
-15.896472632990214
 20
-45.6136299205156
 30
125.93112997256516
 10
-15.639840278612823
 20
-45.356997566138205
 30
125.64756515775035
 10
-15.480704879040232
 20
-45.19786216656561
 30
125.18996056241427
 10
-15.42765974584937
 20
-45.14481703337475
 30
124.57211934156379
 10
-15.480704879040232
 20
-45.19786216656561
 30
123.9559284979424
 10
-15.639840278612823
 20
-45.356997566138205
 30
123.49847393689987
 10
-16.101120756840565
 20
-45.81827804436595
 30
125.47862654320988
 10
-16.242008630595496
 20
-45.959165918120874
 30
125.53233882030179
 10
-16.382790414084052
 20
-46.09994770160943
 30
125.47862654320988
 10
-16.476680299831884
 20
-46.193837587357265
 30
125.31748971193416
 10
-16.529513252489977
 20
-46.24667054001536
 30
125.02552297668039
 10
-16.547124236709344
 20
-46.264281524234725
 30
124.5781207133059
 10
-16.529513252489977
 20
-46.24667054001536
 30
124.12531721536351
 10
-16.476680299831884
 20
-46.193837587357265
 30
123.82914951989027
 10
-16.382790414084052
 20
-46.09994770160943
 30
123.66621227709192
 10
-16.242008630595496
 20
-45.959165918120874
 30
123.6118998628258
 10
-16.10196947897162
 20
-45.819126766497
 30
123.66621227709192
 10
-16.008610044555695
 20
-45.72576733208108
 30
123.82914951989027
 10
-15.955777091897602
 20
-45.67293437942298
 30
124.12531721536351
 10
-15.938166107678237
 20
-45.65532339520362
 30
124.5781207133059
 10
-15.955564911364833
 20
-45.67272219889021
 30
125.02552297668039
 10
-16.007761322424642
 20
-45.72491860995002
 30
125.31748971193416
 10
-15.613629920515596
 20
-45.89647263299022
 30
123.21490912208505
 10
-15.959165918120876
 20
-46.24200863059549
 30
123.12038751714678
 10
-16.305656728123594
 20
-46.58849944059821
 30
123.21490912208505
 10
-16.562607353300137
 20
-46.845450065774756
 30
123.49847393689987
 10
-16.72174275287273
 20
-47.00458546534735
 30
123.9559284979424
 10
-16.774787886063592
 20
-47.05763059853821
 30
124.57211934156379
 10
-16.72174275287273
 20
-47.00458546534735
 30
125.18996056241427
 10
-16.562607353300137
 20
-46.845450065774756
 30
125.64756515775035
 10
-16.305656728123594
 20
-46.58849944059821
 30
125.93112997256516
 10
-15.959165918120876
 20
-46.24200863059549
 30
126.02565157750344
 10
-15.613629920515596
 20
-45.89647263299022
 30
125.93112997256516
 10
-15.356997566138203
 20
-45.63984027861282
 30
125.64756515775035
 10
-15.197862166565614
 20
-45.48070487904023
 30
125.18996056241427
 10
-15.14481703337475
 20
-45.42765974584937
 30
124.57211934156379
 10
-15.197862166565614
 20
-45.48070487904023
 30
123.9559284979424
 10
-15.356997566138203
 20
-45.63984027861282
 30
123.49847393689987
 10
-15.818278044365947
 20
-46.101120756840565
 30
125.47862654320988
 10
-15.959165918120876
 20
-46.24200863059549
 30
125.53233882030179
 10
-16.09994770160943
 20
-46.38279041408405
 30
125.47862654320988
 10
-16.193837587357265
 20
-46.476680299831884
 30
125.31748971193416
 10
-16.24667054001536
 20
-46.52951325248998
 30
125.02552297668039
 10
-16.264281524234725
 20
-46.547124236709344
 30
124.5781207133059
 10
-16.24667054001536
 20
-46.52951325248998
 30
124.12531721536351
 10
-16.193837587357265
 20
-46.476680299831884
 30
123.82914951989027
 10
-16.09994770160943
 20
-46.38279041408405
 30
123.66621227709192
 10
-15.959165918120876
 20
-46.24200863059549
 30
123.6118998628258
 10
-15.819126766497
 20
-46.10196947897162
 30
123.66621227709192
 10
-15.725767332081077
 20
-46.008610044555695
 30
123.82914951989027
 10
-15.672934379422983
 20
-45.9557770918976
 30
124.12531721536351
 10
-15.655323395203617
 20
-45.938166107678235
 30
124.5781207133059
 10
-15.672722198890215
 20
-45.95556491136483
 30
125.02552297668039
 10
-15.724918609950025
 20
-46.00776132242464
 30
125.31748971193416
 10
-14.45587290579275
 20
-44.173030193318134
 30
124.93400205761317
 10
-14.45587290579275
 20
-44.173030193318134
 30
125.97524005486969
 10
-14.14142135623731
 20
-43.85857864376269
 30
125.97524005486969
 10
-14.14142135623731
 20
-43.85857864376269
 30
124.93400205761317
 10
-14.173030193318132
 20
-44.45587290579275
 30
124.93400205761317
 10
-14.173030193318132
 20
-44.45587290579275
 30
125.97524005486969
 10
-13.85857864376269
 20
-44.14142135623731
 30
125.97524005486969
 10
-13.85857864376269
 20
-44.14142135623731
 30
124.93400205761317
 10
-15.039369370892246
 20
-44.75652665841763
 30
124.93400205761317
 10
-15.039369370892246
 20
-44.75652665841763
 30
125.97524005486969
 10
-14.724917821336806
 20
-44.442075108862184
 30
125.97524005486969
 10
-14.724917821336806
 20
-44.442075108862184
 30
124.93400205761317
 10
-14.756526658417627
 20
-45.039369370892246
 30
124.93400205761317
 10
-14.756526658417627
 20
-45.039369370892246
 30
125.97524005486969
 10
-14.442075108862186
 20
-44.7249178213368
 30
125.97524005486969
 10
-14.442075108862186
 20
-44.7249178213368
 30
124.93400205761317
 10
-12.232233047033631
 20
-42.23223304703363
 30
130.0
 10
-12.344078715798993
 20
-42.26240281003368
 30
129.7232684843048
 10
59.88815433123463
 20
1.8217725304604286
 30
95.72326848430482
 10
60.0
 20
1.8519422934604677
 30
96.0
 10
-12.413863340141859
 20
-42.069094799895296
 30
129.82565451268803
 10
59.81836970689177
 20
2.0150805405988095
 30
95.82565451268803
 10
-12.377251402119718
 20
-41.971350962388776
 30
130.03016976300003
 10
59.854981644913906
 20
2.1128243781053264
 30
96.03016976300005
 10
-12.25568967848119
 20
-42.02642831188705
 30
130.21701197532022
 10
59.976543368552434
 20
2.05774702860705
 30
96.21701197532022
 10
-12.120387378268262
 20
-42.20206328403359
 30
130.2767315156952
 10
60.11184566876536
 20
1.8821120564605103
 30
96.27673151569518
 10
-12.050602753925403
 20
-42.39537129417197
 30
130.17434548731197
 10
60.18163029310823
 20
1.6888040463221294
 30
96.17434548731197
 10
-12.087214691947537
 20
-42.49311513167849
 30
129.96983023699997
 10
60.14501835508609
 20
1.5910602088156125
 30
95.96983023699997
 10
-12.208776415586065
 20
-42.43803778218022
 30
129.78298802467978
 10
60.02345663144756
 20
1.6461375583138889
 30
95.7829880246798
 10
59.36912266545704
 20
2.8727232634829156
 30
96.0
 10
60.63087733454296
 20
2.8727232634829156
 30
96.0
 10
59.36912266545704
 20
0.8311613234380197
 30
96.0
 10
60.63087733454296
 20
0.8311613234380197
 30
96.0
 10
60.0
 20
1.2210649589175073
 30
97.02078097002244
 10
60.0
 20
2.482819628003428
 30
97.02078097002244
 10
60.0
 20
1.2210649589175073
 30
94.97921902997756
 10
60.0
 20
2.482819628003428
 30
94.97921902997756
 10
61.02078097002245
 20
1.8519422934604677
 30
95.36912266545704
 10
61.02078097002245
 20
1.8519422934604677
 30
96.63087733454296
 10
58.97921902997755
 20
1.8519422934604677
 30
95.36912266545704
 10
58.97921902997755
 20
1.8519422934604677
 30
96.63087733454296
 10
60.0
 20
3.051942293460468
 30
96.0
 10
60.0
 20
0.6519422934604677
 30
96.0
 10
59.629179606750064
 20
0.8811219002105308
 30
96.6
 10
60.370820393249936
 20
0.8811219002105308
 30
96.6
 10
59.629179606750064
 20
2.8227626867104045
 30
96.6
 10
60.370820393249936
 20
2.8227626867104045
 30
96.6
 10
60.0
 20
1.8519422934604677
 30
97.2
 10
59.629179606750064
 20
0.8811219002105308
 30
95.4
 10
60.370820393249936
 20
0.8811219002105308
 30
95.4
 10
59.629179606750064
 20
2.8227626867104045
 30
95.4
 10
60.370820393249936
 20
2.8227626867104045
 30
95.4
 10
60.0
 20
1.8519422934604677
 30
94.8
 10
60.97082039324994
 20
2.4519422934604678
 30
95.62917960675006
 10
60.97082039324994
 20
1.2519422934604676
 30
95.62917960675006
 10
60.6
 20
1.4811219002105307
 30
95.02917960675006
 10
60.6
 20
2.2227626867104044
 30
95.02917960675006
 10
60.97082039324994
 20
2.4519422934604678
 30
96.37082039324994
 10
60.97082039324994
 20
1.2519422934604676
 30
96.37082039324994
 10
60.6
 20
1.4811219002105307
 30
96.97082039324994
 10
60.6
 20
2.2227626867104044
 30
96.97082039324994
 10
61.2
 20
1.8519422934604677
 30
96.0
 10
59.02917960675006
 20
2.4519422934604678
 30
95.62917960675006
 10
59.02917960675006
 20
1.2519422934604676
 30
95.62917960675006
 10
59.4
 20
1.4811219002105307
 30
95.02917960675006
 10
59.4
 20
2.2227626867104044
 30
95.02917960675006
 10
59.02917960675006
 20
2.4519422934604678
 30
96.37082039324994
 10
59.02917960675006
 20
1.2519422934604676
 30
96.37082039324994
 10
59.4
 20
1.4811219002105307
 30
96.97082039324994
 10
59.4
 20
2.2227626867104044
 30
96.97082039324994
 10
58.8
 20
1.8519422934604677
 30
96.0
 93
11584
 90
3
 90
6
 90
7
 90
0
 90
3
 90
5
 90
6
 90
0
 90
3
 90
3
 90
4
 90
5
 90
3
 90
2
 90
3
 90
5
 90
3
 90
0
 90
1
 90
2
 90
3
 90
5
 90
0
 90
2
 90
3
 90
8
 90
15
 90
14
 90
3
 90
8
 90
14
 90
13
 90
3
 90
13
 90
12
 90
11
 90
3
 90
13
 90
11
 90
10
 90
3
 90
10
 90
9
 90
8
 90
3
 90
10
 90
8
 90
13
 90
3
 90
8
 90
9
 90
0
 90
3
 90
0
 90
9
 90
1
 90
3
 90
9
 90
10
 90
1
 90
3
 90
1
 90
10
 90
2
 90
3
 90
10
 90
11
 90
2
 90
3
 90
2
 90
11
 90
3
 90
3
 90
11
 90
12
 90
3
 90
3
 90
3
 90
12
 90
4
 90
3
 90
12
 90
13
 90
4
 90
3
 90
4
 90
13
 90
5
 90
3
 90
13
 90
14
 90
5
 90
3
 90
5
 90
14
 90
6
 90
3
 90
15
 90
8
 90
7
 90
3
 90
7
 90
8
 90
0
 90
3
 90
14
 90
15
 90
6
 90
3
 90
6
 90
15
 90
7
 90
3
 90
43
 90
44
 90
36
 90
3
 90
36
 90
44
 90
45
 90
3
 90
34
 90
35
 90
36
 90
3
 90
27
 90
28
 90
29
 90
3
 90
26
 90
27
 90
29
 90
3
 90
25
 90
26
 90
29
 90
3
 90
24
 90
25
 90
29
 90
3
 90
23
 90
24
 90
29
 90
3
 90
22
 90
23
 90
29
 90
3
 90
20
 90
21
 90
22
 90
3
 90
19
 90
20
 90
22
 90
3
 90
18
 90
19
 90
22
 90
3
 90
17
 90
18
 90
22
 90
3
 90
16
 90
17
 90
22
 90
3
 90
39
 90
16
 90
22
 90
3
 90
37
 90
38
 90
39
 90
3
 90
43
 90
36
 90
37
 90
3
 90
42
 90
43
 90
37
 90
3
 90
41
 90
42
 90
37
 90
3
 90
34
 90
36
 90
45
 90
3
 90
33
 90
34
 90
45
 90
3
 90
32
 90
33
 90
45
 90
3
 90
31
 90
32
 90
45
 90
3
 90
30
 90
31
 90
45
 90
3
 90
29
 90
30
 90
45
 90
3
 90
22
 90
29
 90
45
 90
3
 90
41
 90
37
 90
39
 90
3
 90
40
 90
41
 90
39
 90
3
 90
50
 90
40
 90
39
 90
3
 90
49
 90
50
 90
39
 90
3
 90
48
 90
49
 90
39
 90
3
 90
22
 90
45
 90
46
 90
3
 90
48
 90
39
 90
22
 90
3
 90
47
 90
48
 90
22
 90
3
 90
46
 90
47
 90
22
 90
3
 90
71
 90
79
 90
78
 90
3
 90
80
 90
79
 90
71
 90
3
 90
71
 90
70
 90
69
 90
3
 90
64
 90
63
 90
62
 90
3
 90
64
 90
62
 90
61
 90
3
 90
64
 90
61
 90
60
 90
3
 90
64
 90
60
 90
59
 90
3
 90
64
 90
59
 90
58
 90
3
 90
64
 90
58
 90
57
 90
3
 90
57
 90
56
 90
55
 90
3
 90
57
 90
55
 90
54
 90
3
 90
57
 90
54
 90
53
 90
3
 90
57
 90
53
 90
52
 90
3
 90
57
 90
52
 90
51
 90
3
 90
57
 90
51
 90
74
 90
3
 90
74
 90
73
 90
72
 90
3
 90
72
 90
71
 90
78
 90
3
 90
72
 90
78
 90
77
 90
3
 90
72
 90
77
 90
76
 90
3
 90
80
 90
71
 90
69
 90
3
 90
80
 90
69
 90
68
 90
3
 90
80
 90
68
 90
67
 90
3
 90
80
 90
67
 90
66
 90
3
 90
80
 90
66
 90
65
 90
3
 90
80
 90
65
 90
64
 90
3
 90
80
 90
64
 90
57
 90
3
 90
74
 90
72
 90
76
 90
3
 90
74
 90
76
 90
75
 90
3
 90
74
 90
75
 90
85
 90
3
 90
74
 90
85
 90
84
 90
3
 90
74
 90
84
 90
83
 90
3
 90
81
 90
80
 90
57
 90
3
 90
57
 90
74
 90
83
 90
3
 90
57
 90
83
 90
82
 90
3
 90
57
 90
82
 90
81
 90
3
 90
51
 90
52
 90
16
 90
3
 90
16
 90
52
 90
17
 90
3
 90
52
 90
53
 90
17
 90
3
 90
17
 90
53
 90
18
 90
3
 90
53
 90
54
 90
18
 90
3
 90
18
 90
54
 90
19
 90
3
 90
54
 90
55
 90
19
 90
3
 90
19
 90
55
 90
20
 90
3
 90
55
 90
56
 90
20
 90
3
 90
20
 90
56
 90
21
 90
3
 90
56
 90
57
 90
21
 90
3
 90
21
 90
57
 90
22
 90
3
 90
57
 90
58
 90
22
 90
3
 90
22
 90
58
 90
23
 90
3
 90
58
 90
59
 90
23
 90
3
 90
23
 90
59
 90
24
 90
3
 90
59
 90
60
 90
24
 90
3
 90
24
 90
60
 90
25
 90
3
 90
60
 90
61
 90
25
 90
3
 90
25
 90
61
 90
26
 90
3
 90
61
 90
62
 90
26
 90
3
 90
26
 90
62
 90
27
 90
3
 90
62
 90
63
 90
27
 90
3
 90
27
 90
63
 90
28
 90
3
 90
63
 90
64
 90
28
 90
3
 90
28
 90
64
 90
29
 90
3
 90
64
 90
65
 90
29
 90
3
 90
29
 90
65
 90
30
 90
3
 90
65
 90
66
 90
30
 90
3
 90
30
 90
66
 90
31
 90
3
 90
66
 90
67
 90
31
 90
3
 90
31
 90
67
 90
32
 90
3
 90
67
 90
68
 90
32
 90
3
 90
32
 90
68
 90
33
 90
3
 90
68
 90
69
 90
33
 90
3
 90
33
 90
69
 90
34
 90
3
 90
69
 90
70
 90
34
 90
3
 90
34
 90
70
 90
35
 90
3
 90
70
 90
71
 90
35
 90
3
 90
35
 90
71
 90
36
 90
3
 90
71
 90
72
 90
36
 90
3
 90
36
 90
72
 90
37
 90
3
 90
72
 90
73
 90
37
 90
3
 90
37
 90
73
 90
38
 90
3
 90
74
 90
51
 90
39
 90
3
 90
39
 90
51
 90
16
 90
3
 90
73
 90
74
 90
38
 90
3
 90
38
 90
74
 90
39
 90
3
 90
75
 90
76
 90
40
 90
3
 90
40
 90
76
 90
41
 90
3
 90
76
 90
77
 90
41
 90
3
 90
41
 90
77
 90
42
 90
3
 90
77
 90
78
 90
42
 90
3
 90
42
 90
78
 90
43
 90
3
 90
78
 90
79
 90
43
 90
3
 90
43
 90
79
 90
44
 90
3
 90
79
 90
80
 90
44
 90
3
 90
44
 90
80
 90
45
 90
3
 90
80
 90
81
 90
45
 90
3
 90
45
 90
81
 90
46
 90
3
 90
81
 90
82
 90
46
 90
3
 90
46
 90
82
 90
47
 90
3
 90
82
 90
83
 90
47
 90
3
 90
47
 90
83
 90
48
 90
3
 90
83
 90
84
 90
48
 90
3
 90
48
 90
84
 90
49
 90
3
 90
85
 90
75
 90
50
 90
3
 90
50
 90
75
 90
40
 90
3
 90
84
 90
85
 90
49
 90
3
 90
49
 90
85
 90
50
 90
3
 90
88
 90
89
 90
86
 90
3
 90
87
 90
88
 90
86
 90
3
 90
90
 90
93
 90
92
 90
3
 90
90
 90
92
 90
91
 90
3
 90
90
 90
91
 90
86
 90
3
 90
86
 90
91
 90
87
 90
3
 90
91
 90
92
 90
87
 90
3
 90
87
 90
92
 90
88
 90
3
 90
93
 90
90
 90
89
 90
3
 90
89
 90
90
 90
86
 90
3
 90
92
 90
93
 90
88
 90
3
 90
88
 90
93
 90
89
 90
3
 90
102
 90
103
 90
100
 90
3
 90
99
 90
100
 90
103
 90
3
 90
98
 90
99
 90
103
 90
3
 90
97
 90
98
 90
103
 90
3
 90
95
 90
96
 90
97
 90
3
 90
94
 90
95
 90
97
 90
3
 90
100
 90
101
 90
94
 90
3
 90
102
 90
100
 90
94
 90
3
 90
104
 90
102
 90
94
 90
3
 90
97
 90
103
 90
104
 90
3
 90
94
 90
97
 90
104
 90
3
 90
111
 90
114
 90
113
 90
3
 90
114
 90
111
 90
110
 90
3
 90
114
 90
110
 90
109
 90
3
 90
114
 90
109
 90
108
 90
3
 90
108
 90
107
 90
106
 90
3
 90
108
 90
106
 90
105
 90
3
 90
105
 90
112
 90
111
 90
3
 90
105
 90
111
 90
113
 90
3
 90
105
 90
113
 90
115
 90
3
 90
115
 90
114
 90
108
 90
3
 90
115
 90
108
 90
105
 90
3
 90
105
 90
106
 90
94
 90
3
 90
94
 90
106
 90
95
 90
3
 90
106
 90
107
 90
95
 90
3
 90
95
 90
107
 90
96
 90
3
 90
107
 90
108
 90
96
 90
3
 90
96
 90
108
 90
97
 90
3
 90
108
 90
109
 90
97
 90
3
 90
97
 90
109
 90
98
 90
3
 90
109
 90
110
 90
98
 90
3
 90
98
 90
110
 90
99
 90
3
 90
110
 90
111
 90
99
 90
3
 90
99
 90
111
 90
100
 90
3
 90
112
 90
105
 90
101
 90
3
 90
101
 90
105
 90
94
 90
3
 90
111
 90
112
 90
100
 90
3
 90
100
 90
112
 90
101
 90
3
 90
113
 90
114
 90
102
 90
3
 90
102
 90
114
 90
103
 90
3
 90
115
 90
113
 90
104
 90
3
 90
104
 90
113
 90
102
 90
3
 90
114
 90
115
 90
103
 90
3
 90
103
 90
115
 90
104
 90
3
 90
124
 90
125
 90
116
 90
3
 90
122
 90
123
 90
124
 90
3
 90
120
 90
121
 90
122
 90
3
 90
119
 90
120
 90
122
 90
3
 90
117
 90
118
 90
119
 90
3
 90
124
 90
116
 90
117
 90
3
 90
122
 90
124
 90
117
 90
3
 90
119
 90
122
 90
117
 90
3
 90
126
 90
135
 90
134
 90
3
 90
134
 90
133
 90
132
 90
3
 90
132
 90
131
 90
130
 90
3
 90
132
 90
130
 90
129
 90
3
 90
129
 90
128
 90
127
 90
3
 90
127
 90
126
 90
134
 90
3
 90
127
 90
134
 90
132
 90
3
 90
127
 90
132
 90
129
 90
3
 90
126
 90
127
 90
116
 90
3
 90
116
 90
127
 90
117
 90
3
 90
127
 90
128
 90
117
 90
3
 90
117
 90
128
 90
118
 90
3
 90
128
 90
129
 90
118
 90
3
 90
118
 90
129
 90
119
 90
3
 90
129
 90
130
 90
119
 90
3
 90
119
 90
130
 90
120
 90
3
 90
130
 90
131
 90
120
 90
3
 90
120
 90
131
 90
121
 90
3
 90
131
 90
132
 90
121
 90
3
 90
121
 90
132
 90
122
 90
3
 90
132
 90
133
 90
122
 90
3
 90
122
 90
133
 90
123
 90
3
 90
133
 90
134
 90
123
 90
3
 90
123
 90
134
 90
124
 90
3
 90
135
 90
126
 90
125
 90
3
 90
125
 90
126
 90
116
 90
3
 90
134
 90
135
 90
124
 90
3
 90
124
 90
135
 90
125
 90
3
 90
172
 90
173
 90
136
 90
3
 90
171
 90
172
 90
136
 90
3
 90
170
 90
171
 90
136
 90
3
 90
167
 90
168
 90
169
 90
3
 90
166
 90
167
 90
169
 90
3
 90
165
 90
166
 90
169
 90
3
 90
148
 90
149
 90
150
 90
3
 90
147
 90
148
 90
150
 90
3
 90
146
 90
147
 90
150
 90
3
 90
145
 90
146
 90
150
 90
3
 90
144
 90
145
 90
150
 90
3
 90
143
 90
144
 90
150
 90
3
 90
141
 90
142
 90
143
 90
3
 90
140
 90
141
 90
143
 90
3
 90
139
 90
140
 90
143
 90
3
 90
138
 90
139
 90
143
 90
3
 90
136
 90
137
 90
138
 90
3
 90
170
 90
136
 90
138
 90
3
 90
165
 90
169
 90
170
 90
3
 90
164
 90
165
 90
170
 90
3
 90
163
 90
164
 90
170
 90
3
 90
162
 90
163
 90
170
 90
3
 90
161
 90
162
 90
170
 90
3
 90
160
 90
161
 90
170
 90
3
 90
143
 90
150
 90
151
 90
3
 90
160
 90
170
 90
138
 90
3
 90
159
 90
160
 90
138
 90
3
 90
158
 90
159
 90
138
 90
3
 90
157
 90
158
 90
138
 90
3
 90
156
 90
157
 90
138
 90
3
 90
143
 90
151
 90
152
 90
3
 90
156
 90
138
 90
143
 90
3
 90
155
 90
156
 90
143
 90
3
 90
154
 90
155
 90
143
 90
3
 90
153
 90
154
 90
143
 90
3
 90
152
 90
153
 90
143
 90
3
 90
174
 90
211
 90
210
 90
3
 90
174
 90
210
 90
209
 90
3
 90
174
 90
209
 90
208
 90
3
 90
207
 90
206
 90
205
 90
3
 90
207
 90
205
 90
204
 90
3
 90
207
 90
204
 90
203
 90
3
 90
188
 90
187
 90
186
 90
3
 90
188
 90
186
 90
185
 90
3
 90
188
 90
185
 90
184
 90
3
 90
188
 90
184
 90
183
 90
3
 90
188
 90
183
 90
182
 90
3
 90
188
 90
182
 90
181
 90
3
 90
181
 90
180
 90
179
 90
3
 90
181
 90
179
 90
178
 90
3
 90
181
 90
178
 90
177
 90
3
 90
181
 90
177
 90
176
 90
3
 90
176
 90
175
 90
174
 90
3
 90
176
 90
174
 90
208
 90
3
 90
208
 90
207
 90
203
 90
3
 90
208
 90
203
 90
202
 90
3
 90
208
 90
202
 90
201
 90
3
 90
208
 90
201
 90
200
 90
3
 90
208
 90
200
 90
199
 90
3
 90
208
 90
199
 90
198
 90
3
 90
189
 90
188
 90
181
 90
3
 90
176
 90
208
 90
198
 90
3
 90
176
 90
198
 90
197
 90
3
 90
176
 90
197
 90
196
 90
3
 90
176
 90
196
 90
195
 90
3
 90
176
 90
195
 90
194
 90
3
 90
190
 90
189
 90
181
 90
3
 90
181
 90
176
 90
194
 90
3
 90
181
 90
194
 90
193
 90
3
 90
181
 90
193
 90
192
 90
3
 90
181
 90
192
 90
191
 90
3
 90
181
 90
191
 90
190
 90
3
 90
174
 90
175
 90
136
 90
3
 90
136
 90
175
 90
137
 90
3
 90
175
 90
176
 90
137
 90
3
 90
137
 90
176
 90
138
 90
3
 90
176
 90
177
 90
138
 90
3
 90
138
 90
177
 90
139
 90
3
 90
177
 90
178
 90
139
 90
3
 90
139
 90
178
 90
140
 90
3
 90
178
 90
179
 90
140
 90
3
 90
140
 90
179
 90
141
 90
3
 90
179
 90
180
 90
141
 90
3
 90
141
 90
180
 90
142
 90
3
 90
180
 90
181
 90
142
 90
3
 90
142
 90
181
 90
143
 90
3
 90
181
 90
182
 90
143
 90
3
 90
143
 90
182
 90
144
 90
3
 90
182
 90
183
 90
144
 90
3
 90
144
 90
183
 90
145
 90
3
 90
183
 90
184
 90
145
 90
3
 90
145
 90
184
 90
146
 90
3
 90
184
 90
185
 90
146
 90
3
 90
146
 90
185
 90
147
 90
3
 90
185
 90
186
 90
147
 90
3
 90
147
 90
186
 90
148
 90
3
 90
186
 90
187
 90
148
 90
3
 90
148
 90
187
 90
149
 90
3
 90
187
 90
188
 90
149
 90
3
 90
149
 90
188
 90
150
 90
3
 90
188
 90
189
 90
150
 90
3
 90
150
 90
189
 90
151
 90
3
 90
189
 90
190
 90
151
 90
3
 90
151
 90
190
 90
152
 90
3
 90
190
 90
191
 90
152
 90
3
 90
152
 90
191
 90
153
 90
3
 90
191
 90
192
 90
153
 90
3
 90
153
 90
192
 90
154
 90
3
 90
192
 90
193
 90
154
 90
3
 90
154
 90
193
 90
155
 90
3
 90
193
 90
194
 90
155
 90
3
 90
155
 90
194
 90
156
 90
3
 90
194
 90
195
 90
156
 90
3
 90
156
 90
195
 90
157
 90
3
 90
195
 90
196
 90
157
 90
3
 90
157
 90
196
 90
158
 90
3
 90
196
 90
197
 90
158
 90
3
 90
158
 90
197
 90
159
 90
3
 90
197
 90
198
 90
159
 90
3
 90
159
 90
198
 90
160
 90
3
 90
198
 90
199
 90
160
 90
3
 90
160
 90
199
 90
161
 90
3
 90
199
 90
200
 90
161
 90
3
 90
161
 90
200
 90
162
 90
3
 90
200
 90
201
 90
162
 90
3
 90
162
 90
201
 90
163
 90
3
 90
201
 90
202
 90
163
 90
3
 90
163
 90
202
 90
164
 90
3
 90
202
 90
203
 90
164
 90
3
 90
164
 90
203
 90
165
 90
3
 90
203
 90
204
 90
165
 90
3
 90
165
 90
204
 90
166
 90
3
 90
204
 90
205
 90
166
 90
3
 90
166
 90
205
 90
167
 90
3
 90
205
 90
206
 90
167
 90
3
 90
167
 90
206
 90
168
 90
3
 90
206
 90
207
 90
168
 90
3
 90
168
 90
207
 90
169
 90
3
 90
207
 90
208
 90
169
 90
3
 90
169
 90
208
 90
170
 90
3
 90
208
 90
209
 90
170
 90
3
 90
170
 90
209
 90
171
 90
3
 90
209
 90
210
 90
171
 90
3
 90
171
 90
210
 90
172
 90
3
 90
211
 90
174
 90
173
 90
3
 90
173
 90
174
 90
136
 90
3
 90
210
 90
211
 90
172
 90
3
 90
172
 90
211
 90
173
 90
3
 90
216
 90
217
 90
212
 90
3
 90
214
 90
215
 90
216
 90
3
 90
213
 90
214
 90
216
 90
3
 90
212
 90
213
 90
216
 90
3
 90
218
 90
223
 90
222
 90
3
 90
222
 90
221
 90
220
 90
3
 90
222
 90
220
 90
219
 90
3
 90
222
 90
219
 90
218
 90
3
 90
218
 90
219
 90
212
 90
3
 90
212
 90
219
 90
213
 90
3
 90
219
 90
220
 90
213
 90
3
 90
213
 90
220
 90
214
 90
3
 90
220
 90
221
 90
214
 90
3
 90
214
 90
221
 90
215
 90
3
 90
221
 90
222
 90
215
 90
3
 90
215
 90
222
 90
216
 90
3
 90
223
 90
218
 90
217
 90
3
 90
217
 90
218
 90
212
 90
3
 90
222
 90
223
 90
216
 90
3
 90
216
 90
223
 90
217
 90
3
 90
233
 90
234
 90
235
 90
3
 90
232
 90
233
 90
235
 90
3
 90
231
 90
232
 90
235
 90
3
 90
229
 90
230
 90
231
 90
3
 90
228
 90
229
 90
231
 90
3
 90
227
 90
228
 90
231
 90
3
 90
225
 90
226
 90
227
 90
3
 90
224
 90
225
 90
227
 90
3
 90
231
 90
235
 90
224
 90
3
 90
227
 90
231
 90
224
 90
3
 90
247
 90
246
 90
245
 90
3
 90
247
 90
245
 90
244
 90
3
 90
247
 90
244
 90
243
 90
3
 90
243
 90
242
 90
241
 90
3
 90
243
 90
241
 90
240
 90
3
 90
243
 90
240
 90
239
 90
3
 90
239
 90
238
 90
237
 90
3
 90
239
 90
237
 90
236
 90
3
 90
236
 90
247
 90
243
 90
3
 90
236
 90
243
 90
239
 90
3
 90
236
 90
237
 90
224
 90
3
 90
224
 90
237
 90
225
 90
3
 90
237
 90
238
 90
225
 90
3
 90
225
 90
238
 90
226
 90
3
 90
238
 90
239
 90
226
 90
3
 90
226
 90
239
 90
227
 90
3
 90
239
 90
240
 90
227
 90
3
 90
227
 90
240
 90
228
 90
3
 90
240
 90
241
 90
228
 90
3
 90
228
 90
241
 90
229
 90
3
 90
241
 90
242
 90
229
 90
3
 90
229
 90
242
 90
230
 90
3
 90
242
 90
243
 90
230
 90
3
 90
230
 90
243
 90
231
 90
3
 90
243
 90
244
 90
231
 90
3
 90
231
 90
244
 90
232
 90
3
 90
244
 90
245
 90
232
 90
3
 90
232
 90
245
 90
233
 90
3
 90
245
 90
246
 90
233
 90
3
 90
233
 90
246
 90
234
 90
3
 90
247
 90
236
 90
235
 90
3
 90
235
 90
236
 90
224
 90
3
 90
246
 90
247
 90
234
 90
3
 90
234
 90
247
 90
235
 90
3
 90
280
 90
281
 90
248
 90
3
 90
279
 90
280
 90
248
 90
3
 90
278
 90
279
 90
248
 90
3
 90
277
 90
278
 90
248
 90
3
 90
276
 90
277
 90
248
 90
3
 90
275
 90
276
 90
248
 90
3
 90
274
 90
275
 90
248
 90
3
 90
273
 90
274
 90
248
 90
3
 90
272
 90
273
 90
248
 90
3
 90
271
 90
272
 90
248
 90
3
 90
260
 90
261
 90
262
 90
3
 90
259
 90
260
 90
262
 90
3
 90
258
 90
259
 90
262
 90
3
 90
257
 90
258
 90
262
 90
3
 90
256
 90
257
 90
262
 90
3
 90
255
 90
256
 90
262
 90
3
 90
253
 90
254
 90
255
 90
3
 90
252
 90
253
 90
255
 90
3
 90
251
 90
252
 90
255
 90
3
 90
250
 90
251
 90
255
 90
3
 90
248
 90
249
 90
250
 90
3
 90
271
 90
248
 90
250
 90
3
 90
270
 90
271
 90
250
 90
3
 90
269
 90
270
 90
250
 90
3
 90
268
 90
269
 90
250
 90
3
 90
255
 90
262
 90
263
 90
3
 90
268
 90
250
 90
255
 90
3
 90
267
 90
268
 90
255
 90
3
 90
266
 90
267
 90
255
 90
3
 90
265
 90
266
 90
255
 90
3
 90
264
 90
265
 90
255
 90
3
 90
263
 90
264
 90
255
 90
3
 90
282
 90
315
 90
314
 90
3
 90
282
 90
314
 90
313
 90
3
 90
282
 90
313
 90
312
 90
3
 90
282
 90
312
 90
311
 90
3
 90
282
 90
311
 90
310
 90
3
 90
282
 90
310
 90
309
 90
3
 90
282
 90
309
 90
308
 90
3
 90
282
 90
308
 90
307
 90
3
 90
282
 90
307
 90
306
 90
3
 90
282
 90
306
 90
305
 90
3
 90
296
 90
295
 90
294
 90
3
 90
296
 90
294
 90
293
 90
3
 90
296
 90
293
 90
292
 90
3
 90
296
 90
292
 90
291
 90
3
 90
296
 90
291
 90
290
 90
3
 90
296
 90
290
 90
289
 90
3
 90
289
 90
288
 90
287
 90
3
 90
289
 90
287
 90
286
 90
3
 90
289
 90
286
 90
285
 90
3
 90
289
 90
285
 90
284
 90
3
 90
284
 90
283
 90
282
 90
3
 90
284
 90
282
 90
305
 90
3
 90
284
 90
305
 90
304
 90
3
 90
284
 90
304
 90
303
 90
3
 90
284
 90
303
 90
302
 90
3
 90
297
 90
296
 90
289
 90
3
 90
289
 90
284
 90
302
 90
3
 90
289
 90
302
 90
301
 90
3
 90
289
 90
301
 90
300
 90
3
 90
289
 90
300
 90
299
 90
3
 90
289
 90
299
 90
298
 90
3
 90
289
 90
298
 90
297
 90
3
 90
282
 90
283
 90
248
 90
3
 90
248
 90
283
 90
249
 90
3
 90
283
 90
284
 90
249
 90
3
 90
249
 90
284
 90
250
 90
3
 90
284
 90
285
 90
250
 90
3
 90
250
 90
285
 90
251
 90
3
 90
285
 90
286
 90
251
 90
3
 90
251
 90
286
 90
252
 90
3
 90
286
 90
287
 90
252
 90
3
 90
252
 90
287
 90
253
 90
3
 90
287
 90
288
 90
253
 90
3
 90
253
 90
288
 90
254
 90
3
 90
288
 90
289
 90
254
 90
3
 90
254
 90
289
 90
255
 90
3
 90
289
 90
290
 90
255
 90
3
 90
255
 90
290
 90
256
 90
3
 90
290
 90
291
 90
256
 90
3
 90
256
 90
291
 90
257
 90
3
 90
291
 90
292
 90
257
 90
3
 90
257
 90
292
 90
258
 90
3
 90
292
 90
293
 90
258
 90
3
 90
258
 90
293
 90
259
 90
3
 90
293
 90
294
 90
259
 90
3
 90
259
 90
294
 90
260
 90
3
 90
294
 90
295
 90
260
 90
3
 90
260
 90
295
 90
261
 90
3
 90
295
 90
296
 90
261
 90
3
 90
261
 90
296
 90
262
 90
3
 90
296
 90
297
 90
262
 90
3
 90
262
 90
297
 90
263
 90
3
 90
297
 90
298
 90
263
 90
3
 90
263
 90
298
 90
264
 90
3
 90
298
 90
299
 90
264
 90
3
 90
264
 90
299
 90
265
 90
3
 90
299
 90
300
 90
265
 90
3
 90
265
 90
300
 90
266
 90
3
 90
300
 90
301
 90
266
 90
3
 90
266
 90
301
 90
267
 90
3
 90
301
 90
302
 90
267
 90
3
 90
267
 90
302
 90
268
 90
3
 90
302
 90
303
 90
268
 90
3
 90
268
 90
303
 90
269
 90
3
 90
303
 90
304
 90
269
 90
3
 90
269
 90
304
 90
270
 90
3
 90
304
 90
305
 90
270
 90
3
 90
270
 90
305
 90
271
 90
3
 90
305
 90
306
 90
271
 90
3
 90
271
 90
306
 90
272
 90
3
 90
306
 90
307
 90
272
 90
3
 90
272
 90
307
 90
273
 90
3
 90
307
 90
308
 90
273
 90
3
 90
273
 90
308
 90
274
 90
3
 90
308
 90
309
 90
274
 90
3
 90
274
 90
309
 90
275
 90
3
 90
309
 90
310
 90
275
 90
3
 90
275
 90
310
 90
276
 90
3
 90
310
 90
311
 90
276
 90
3
 90
276
 90
311
 90
277
 90
3
 90
311
 90
312
 90
277
 90
3
 90
277
 90
312
 90
278
 90
3
 90
312
 90
313
 90
278
 90
3
 90
278
 90
313
 90
279
 90
3
 90
313
 90
314
 90
279
 90
3
 90
279
 90
314
 90
280
 90
3
 90
315
 90
282
 90
281
 90
3
 90
281
 90
282
 90
248
 90
3
 90
314
 90
315
 90
280
 90
3
 90
280
 90
315
 90
281
 90
3
 90
325
 90
326
 90
323
 90
3
 90
322
 90
323
 90
326
 90
3
 90
321
 90
322
 90
326
 90
3
 90
320
 90
321
 90
326
 90
3
 90
318
 90
319
 90
320
 90
3
 90
317
 90
318
 90
320
 90
3
 90
323
 90
316
 90
317
 90
3
 90
325
 90
323
 90
317
 90
3
 90
324
 90
325
 90
317
 90
3
 90
320
 90
326
 90
324
 90
3
 90
317
 90
320
 90
324
 90
3
 90
334
 90
337
 90
336
 90
3
 90
337
 90
334
 90
333
 90
3
 90
337
 90
333
 90
332
 90
3
 90
337
 90
332
 90
331
 90
3
 90
331
 90
330
 90
329
 90
3
 90
331
 90
329
 90
328
 90
3
 90
328
 90
327
 90
334
 90
3
 90
328
 90
334
 90
336
 90
3
 90
328
 90
336
 90
335
 90
3
 90
335
 90
337
 90
331
 90
3
 90
335
 90
331
 90
328
 90
3
 90
327
 90
328
 90
316
 90
3
 90
316
 90
328
 90
317
 90
3
 90
328
 90
329
 90
317
 90
3
 90
317
 90
329
 90
318
 90
3
 90
329
 90
330
 90
318
 90
3
 90
318
 90
330
 90
319
 90
3
 90
330
 90
331
 90
319
 90
3
 90
319
 90
331
 90
320
 90
3
 90
331
 90
332
 90
320
 90
3
 90
320
 90
332
 90
321
 90
3
 90
332
 90
333
 90
321
 90
3
 90
321
 90
333
 90
322
 90
3
 90
334
 90
327
 90
323
 90
3
 90
323
 90
327
 90
316
 90
3
 90
333
 90
334
 90
322
 90
3
 90
322
 90
334
 90
323
 90
3
 90
335
 90
336
 90
324
 90
3
 90
324
 90
336
 90
325
 90
3
 90
337
 90
335
 90
326
 90
3
 90
326
 90
335
 90
324
 90
3
 90
336
 90
337
 90
325
 90
3
 90
325
 90
337
 90
326
 90
3
 90
345
 90
346
 90
347
 90
3
 90
343
 90
344
 90
345
 90
3
 90
342
 90
343
 90
345
 90
3
 90
340
 90
341
 90
342
 90
3
 90
338
 90
339
 90
340
 90
3
 90
347
 90
338
 90
340
 90
3
 90
345
 90
347
 90
340
 90
3
 90
342
 90
345
 90
340
 90
3
 90
357
 90
356
 90
355
 90
3
 90
355
 90
354
 90
353
 90
3
 90
355
 90
353
 90
352
 90
3
 90
352
 90
351
 90
350
 90
3
 90
350
 90
349
 90
348
 90
3
 90
350
 90
348
 90
357
 90
3
 90
350
 90
357
 90
355
 90
3
 90
350
 90
355
 90
352
 90
3
 90
348
 90
349
 90
338
 90
3
 90
338
 90
349
 90
339
 90
3
 90
349
 90
350
 90
339
 90
3
 90
339
 90
350
 90
340
 90
3
 90
350
 90
351
 90
340
 90
3
 90
340
 90
351
 90
341
 90
3
 90
351
 90
352
 90
341
 90
3
 90
341
 90
352
 90
342
 90
3
 90
352
 90
353
 90
342
 90
3
 90
342
 90
353
 90
343
 90
3
 90
353
 90
354
 90
343
 90
3
 90
343
 90
354
 90
344
 90
3
 90
354
 90
355
 90
344
 90
3
 90
344
 90
355
 90
345
 90
3
 90
355
 90
356
 90
345
 90
3
 90
345
 90
356
 90
346
 90
3
 90
357
 90
348
 90
347
 90
3
 90
347
 90
348
 90
338
 90
3
 90
356
 90
357
 90
346
 90
3
 90
346
 90
357
 90
347
 90
3
 90
374
 90
375
 90
367
 90
3
 90
389
 90
374
 90
367
 90
3
 90
388
 90
389
 90
367
 90
3
 90
367
 90
375
 90
376
 90
3
 90
366
 90
367
 90
376
 90
3
 90
365
 90
366
 90
376
 90
3
 90
364
 90
365
 90
376
 90
3
 90
362
 90
363
 90
364
 90
3
 90
361
 90
362
 90
364
 90
3
 90
360
 90
361
 90
364
 90
3
 90
358
 90
359
 90
360
 90
3
 90
373
 90
358
 90
360
 90
3
 90
372
 90
373
 90
360
 90
3
 90
370
 90
371
 90
372
 90
3
 90
369
 90
370
 90
372
 90
3
 90
368
 90
369
 90
372
 90
3
 90
388
 90
367
 90
368
 90
3
 90
364
 90
376
 90
377
 90
3
 90
388
 90
368
 90
372
 90
3
 90
387
 90
388
 90
372
 90
3
 90
386
 90
387
 90
372
 90
3
 90
385
 90
386
 90
372
 90
3
 90
384
 90
385
 90
372
 90
3
 90
383
 90
384
 90
372
 90
3
 90
364
 90
377
 90
378
 90
3
 90
383
 90
372
 90
360
 90
3
 90
382
 90
383
 90
360
 90
3
 90
381
 90
382
 90
360
 90
3
 90
380
 90
381
 90
360
 90
3
 90
364
 90
378
 90
379
 90
3
 90
380
 90
360
 90
364
 90
3
 90
379
 90
380
 90
364
 90
3
 90
399
 90
407
 90
406
 90
3
 90
399
 90
406
 90
421
 90
3
 90
399
 90
421
 90
420
 90
3
 90
408
 90
407
 90
399
 90
3
 90
408
 90
399
 90
398
 90
3
 90
408
 90
398
 90
397
 90
3
 90
408
 90
397
 90
396
 90
3
 90
396
 90
395
 90
394
 90
3
 90
396
 90
394
 90
393
 90
3
 90
396
 90
393
 90
392
 90
3
 90
392
 90
391
 90
390
 90
3
 90
392
 90
390
 90
405
 90
3
 90
392
 90
405
 90
404
 90
3
 90
404
 90
403
 90
402
 90
3
 90
404
 90
402
 90
401
 90
3
 90
404
 90
401
 90
400
 90
3
 90
400
 90
399
 90
420
 90
3
 90
409
 90
408
 90
396
 90
3
 90
404
 90
400
 90
420
 90
3
 90
404
 90
420
 90
419
 90
3
 90
404
 90
419
 90
418
 90
3
 90
404
 90
418
 90
417
 90
3
 90
404
 90
417
 90
416
 90
3
 90
404
 90
416
 90
415
 90
3
 90
410
 90
409
 90
396
 90
3
 90
392
 90
404
 90
415
 90
3
 90
392
 90
415
 90
414
 90
3
 90
392
 90
414
 90
413
 90
3
 90
392
 90
413
 90
412
 90
3
 90
411
 90
410
 90
396
 90
3
 90
396
 90
392
 90
412
 90
3
 90
396
 90
412
 90
411
 90
3
 90
390
 90
391
 90
358
 90
3
 90
358
 90
391
 90
359
 90
3
 90
391
 90
392
 90
359
 90
3
 90
359
 90
392
 90
360
 90
3
 90
392
 90
393
 90
360
 90
3
 90
360
 90
393
 90
361
 90
3
 90
393
 90
394
 90
361
 90
3
 90
361
 90
394
 90
362
 90
3
 90
394
 90
395
 90
362
 90
3
 90
362
 90
395
 90
363
 90
3
 90
395
 90
396
 90
363
 90
3
 90
363
 90
396
 90
364
 90
3
 90
396
 90
397
 90
364
 90
3
 90
364
 90
397
 90
365
 90
3
 90
397
 90
398
 90
365
 90
3
 90
365
 90
398
 90
366
 90
3
 90
398
 90
399
 90
366
 90
3
 90
366
 90
399
 90
367
 90
3
 90
399
 90
400
 90
367
 90
3
 90
367
 90
400
 90
368
 90
3
 90
400
 90
401
 90
368
 90
3
 90
368
 90
401
 90
369
 90
3
 90
401
 90
402
 90
369
 90
3
 90
369
 90
402
 90
370
 90
3
 90
402
 90
403
 90
370
 90
3
 90
370
 90
403
 90
371
 90
3
 90
403
 90
404
 90
371
 90
3
 90
371
 90
404
 90
372
 90
3
 90
405
 90
390
 90
373
 90
3
 90
373
 90
390
 90
358
 90
3
 90
404
 90
405
 90
372
 90
3
 90
372
 90
405
 90
373
 90
3
 90
406
 90
407
 90
374
 90
3
 90
374
 90
407
 90
375
 90
3
 90
407
 90
408
 90
375
 90
3
 90
375
 90
408
 90
376
 90
3
 90
408
 90
409
 90
376
 90
3
 90
376
 90
409
 90
377
 90
3
 90
409
 90
410
 90
377
 90
3
 90
377
 90
410
 90
378
 90
3
 90
410
 90
411
 90
378
 90
3
 90
378
 90
411
 90
379
 90
3
 90
411
 90
412
 90
379
 90
3
 90
379
 90
412
 90
380
 90
3
 90
412
 90
413
 90
380
 90
3
 90
380
 90
413
 90
381
 90
3
 90
413
 90
414
 90
381
 90
3
 90
381
 90
414
 90
382
 90
3
 90
414
 90
415
 90
382
 90
3
 90
382
 90
415
 90
383
 90
3
 90
415
 90
416
 90
383
 90
3
 90
383
 90
416
 90
384
 90
3
 90
416
 90
417
 90
384
 90
3
 90
384
 90
417
 90
385
 90
3
 90
417
 90
418
 90
385
 90
3
 90
385
 90
418
 90
386
 90
3
 90
418
 90
419
 90
386
 90
3
 90
386
 90
419
 90
387
 90
3
 90
419
 90
420
 90
387
 90
3
 90
387
 90
420
 90
388
 90
3
 90
421
 90
406
 90
389
 90
3
 90
389
 90
406
 90
374
 90
3
 90
420
 90
421
 90
388
 90
3
 90
388
 90
421
 90
389
 90
3
 90
444
 90
445
 90
432
 90
3
 90
430
 90
431
 90
432
 90
3
 90
428
 90
429
 90
430
 90
3
 90
427
 90
428
 90
430
 90
3
 90
426
 90
427
 90
430
 90
3
 90
425
 90
426
 90
430
 90
3
 90
424
 90
425
 90
430
 90
3
 90
422
 90
423
 90
424
 90
3
 90
434
 90
422
 90
424
 90
3
 90
433
 90
434
 90
424
 90
3
 90
444
 90
432
 90
433
 90
3
 90
443
 90
444
 90
433
 90
3
 90
442
 90
443
 90
433
 90
3
 90
430
 90
432
 90
445
 90
3
 90
442
 90
433
 90
424
 90
3
 90
441
 90
442
 90
424
 90
3
 90
440
 90
441
 90
424
 90
3
 90
439
 90
440
 90
424
 90
3
 90
438
 90
439
 90
424
 90
3
 90
437
 90
438
 90
424
 90
3
 90
430
 90
445
 90
435
 90
3
 90
437
 90
424
 90
430
 90
3
 90
436
 90
437
 90
430
 90
3
 90
435
 90
436
 90
430
 90
3
 90
456
 90
469
 90
468
 90
3
 90
456
 90
455
 90
454
 90
3
 90
454
 90
453
 90
452
 90
3
 90
454
 90
452
 90
451
 90
3
 90
454
 90
451
 90
450
 90
3
 90
454
 90
450
 90
449
 90
3
 90
454
 90
449
 90
448
 90
3
 90
448
 90
447
 90
446
 90
3
 90
448
 90
446
 90
458
 90
3
 90
448
 90
458
 90
457
 90
3
 90
457
 90
456
 90
468
 90
3
 90
457
 90
468
 90
467
 90
3
 90
457
 90
467
 90
466
 90
3
 90
469
 90
456
 90
454
 90
3
 90
448
 90
457
 90
466
 90
3
 90
448
 90
466
 90
465
 90
3
 90
448
 90
465
 90
464
 90
3
 90
448
 90
464
 90
463
 90
3
 90
448
 90
463
 90
462
 90
3
 90
448
 90
462
 90
461
 90
3
 90
459
 90
469
 90
454
 90
3
 90
454
 90
448
 90
461
 90
3
 90
454
 90
461
 90
460
 90
3
 90
454
 90
460
 90
459
 90
3
 90
446
 90
447
 90
422
 90
3
 90
422
 90
447
 90
423
 90
3
 90
447
 90
448
 90
423
 90
3
 90
423
 90
448
 90
424
 90
3
 90
448
 90
449
 90
424
 90
3
 90
424
 90
449
 90
425
 90
3
 90
449
 90
450
 90
425
 90
3
 90
425
 90
450
 90
426
 90
3
 90
450
 90
451
 90
426
 90
3
 90
426
 90
451
 90
427
 90
3
 90
451
 90
452
 90
427
 90
3
 90
427
 90
452
 90
428
 90
3
 90
452
 90
453
 90
428
 90
3
 90
428
 90
453
 90
429
 90
3
 90
453
 90
454
 90
429
 90
3
 90
429
 90
454
 90
430
 90
3
 90
454
 90
455
 90
430
 90
3
 90
430
 90
455
 90
431
 90
3
 90
455
 90
456
 90
431
 90
3
 90
431
 90
456
 90
432
 90
3
 90
456
 90
457
 90
432
 90
3
 90
432
 90
457
 90
433
 90
3
 90
458
 90
446
 90
434
 90
3
 90
434
 90
446
 90
422
 90
3
 90
457
 90
458
 90
433
 90
3
 90
433
 90
458
 90
434
 90
3
 90
459
 90
460
 90
435
 90
3
 90
435
 90
460
 90
436
 90
3
 90
460
 90
461
 90
436
 90
3
 90
436
 90
461
 90
437
 90
3
 90
461
 90
462
 90
437
 90
3
 90
437
 90
462
 90
438
 90
3
 90
462
 90
463
 90
438
 90
3
 90
438
 90
463
 90
439
 90
3
 90
463
 90
464
 90
439
 90
3
 90
439
 90
464
 90
440
 90
3
 90
464
 90
465
 90
440
 90
3
 90
440
 90
465
 90
441
 90
3
 90
465
 90
466
 90
441
 90
3
 90
441
 90
466
 90
442
 90
3
 90
466
 90
467
 90
442
 90
3
 90
442
 90
467
 90
443
 90
3
 90
467
 90
468
 90
443
 90
3
 90
443
 90
468
 90
444
 90
3
 90
469
 90
459
 90
445
 90
3
 90
445
 90
459
 90
435
 90
3
 90
468
 90
469
 90
444
 90
3
 90
444
 90
469
 90
445
 90
3
 90
477
 90
478
 90
470
 90
3
 90
475
 90
476
 90
477
 90
3
 90
474
 90
475
 90
477
 90
3
 90
473
 90
474
 90
477
 90
3
 90
472
 90
473
 90
477
 90
3
 90
471
 90
472
 90
477
 90
3
 90
470
 90
471
 90
477
 90
3
 90
479
 90
487
 90
486
 90
3
 90
486
 90
485
 90
484
 90
3
 90
486
 90
484
 90
483
 90
3
 90
486
 90
483
 90
482
 90
3
 90
486
 90
482
 90
481
 90
3
 90
486
 90
481
 90
480
 90
3
 90
486
 90
480
 90
479
 90
3
 90
479
 90
480
 90
470
 90
3
 90
470
 90
480
 90
471
 90
3
 90
480
 90
481
 90
471
 90
3
 90
471
 90
481
 90
472
 90
3
 90
481
 90
482
 90
472
 90
3
 90
472
 90
482
 90
473
 90
3
 90
482
 90
483
 90
473
 90
3
 90
473
 90
483
 90
474
 90
3
 90
483
 90
484
 90
474
 90
3
 90
474
 90
484
 90
475
 90
3
 90
484
 90
485
 90
475
 90
3
 90
475
 90
485
 90
476
 90
3
 90
485
 90
486
 90
476
 90
3
 90
476
 90
486
 90
477
 90
3
 90
487
 90
479
 90
478
 90
3
 90
478
 90
479
 90
470
 90
3
 90
486
 90
487
 90
477
 90
3
 90
477
 90
487
 90
478
 90
3
 90
523
 90
524
 90
496
 90
3
 90
522
 90
523
 90
496
 90
3
 90
521
 90
522
 90
496
 90
3
 90
536
 90
521
 90
496
 90
3
 90
496
 90
524
 90
525
 90
3
 90
495
 90
496
 90
525
 90
3
 90
494
 90
495
 90
525
 90
3
 90
493
 90
494
 90
525
 90
3
 90
491
 90
492
 90
493
 90
3
 90
490
 90
491
 90
493
 90
3
 90
489
 90
490
 90
493
 90
3
 90
488
 90
489
 90
493
 90
3
 90
519
 90
520
 90
488
 90
3
 90
518
 90
519
 90
488
 90
3
 90
517
 90
518
 90
488
 90
3
 90
516
 90
517
 90
488
 90
3
 90
515
 90
516
 90
488
 90
3
 90
514
 90
515
 90
488
 90
3
 90
513
 90
514
 90
488
 90
3
 90
504
 90
505
 90
506
 90
3
 90
503
 90
504
 90
506
 90
3
 90
502
 90
503
 90
506
 90
3
 90
501
 90
502
 90
506
 90
3
 90
500
 90
501
 90
506
 90
3
 90
499
 90
500
 90
506
 90
3
 90
497
 90
498
 90
499
 90
3
 90
496
 90
497
 90
499
 90
3
 90
493
 90
525
 90
526
 90
3
 90
499
 90
506
 90
507
 90
3
 90
493
 90
526
 90
527
 90
3
 90
499
 90
507
 90
508
 90
3
 90
493
 90
527
 90
528
 90
3
 90
499
 90
508
 90
509
 90
3
 90
493
 90
528
 90
529
 90
3
 90
488
 90
493
 90
529
 90
3
 90
499
 90
509
 90
510
 90
3
 90
488
 90
529
 90
530
 90
3
 90
499
 90
510
 90
511
 90
3
 90
496
 90
499
 90
511
 90
3
 90
488
 90
530
 90
531
 90
3
 90
496
 90
511
 90
512
 90
3
 90
488
 90
531
 90
532
 90
3
 90
496
 90
512
 90
513
 90
3
 90
536
 90
496
 90
513
 90
3
 90
535
 90
536
 90
513
 90
3
 90
488
 90
532
 90
533
 90
3
 90
535
 90
513
 90
488
 90
3
 90
534
 90
535
 90
488
 90
3
 90
533
 90
534
 90
488
 90
3
 90
545
 90
573
 90
572
 90
3
 90
545
 90
572
 90
571
 90
3
 90
545
 90
571
 90
570
 90
3
 90
545
 90
570
 90
585
 90
3
 90
574
 90
573
 90
545
 90
3
 90
574
 90
545
 90
544
 90
3
 90
574
 90
544
 90
543
 90
3
 90
574
 90
543
 90
542
 90
3
 90
542
 90
541
 90
540
 90
3
 90
542
 90
540
 90
539
 90
3
 90
542
 90
539
 90
538
 90
3
 90
542
 90
538
 90
537
 90
3
 90
537
 90
569
 90
568
 90
3
 90
537
 90
568
 90
567
 90
3
 90
537
 90
567
 90
566
 90
3
 90
537
 90
566
 90
565
 90
3
 90
537
 90
565
 90
564
 90
3
 90
537
 90
564
 90
563
 90
3
 90
537
 90
563
 90
562
 90
3
 90
555
 90
554
 90
553
 90
3
 90
555
 90
553
 90
552
 90
3
 90
555
 90
552
 90
551
 90
3
 90
555
 90
551
 90
550
 90
3
 90
555
 90
550
 90
549
 90
3
 90
555
 90
549
 90
548
 90
3
 90
548
 90
547
 90
546
 90
3
 90
548
 90
546
 90
545
 90
3
 90
575
 90
574
 90
542
 90
3
 90
556
 90
555
 90
548
 90
3
 90
576
 90
575
 90
542
 90
3
 90
557
 90
556
 90
548
 90
3
 90
577
 90
576
 90
542
 90
3
 90
558
 90
557
 90
548
 90
3
 90
578
 90
577
 90
542
 90
3
 90
578
 90
542
 90
537
 90
3
 90
559
 90
558
 90
548
 90
3
 90
579
 90
578
 90
537
 90
3
 90
560
 90
559
 90
548
 90
3
 90
560
 90
548
 90
545
 90
3
 90
580
 90
579
 90
537
 90
3
 90
561
 90
560
 90
545
 90
3
 90
581
 90
580
 90
537
 90
3
 90
562
 90
561
 90
545
 90
3
 90
562
 90
545
 90
585
 90
3
 90
562
 90
585
 90
584
 90
3
 90
582
 90
581
 90
537
 90
3
 90
537
 90
562
 90
584
 90
3
 90
537
 90
584
 90
583
 90
3
 90
537
 90
583
 90
582
 90
3
 90
537
 90
538
 90
488
 90
3
 90
488
 90
538
 90
489
 90
3
 90
538
 90
539
 90
489
 90
3
 90
489
 90
539
 90
490
 90
3
 90
539
 90
540
 90
490
 90
3
 90
490
 90
540
 90
491
 90
3
 90
540
 90
541
 90
491
 90
3
 90
491
 90
541
 90
492
 90
3
 90
541
 90
542
 90
492
 90
3
 90
492
 90
542
 90
493
 90
3
 90
542
 90
543
 90
493
 90
3
 90
493
 90
543
 90
494
 90
3
 90
543
 90
544
 90
494
 90
3
 90
494
 90
544
 90
495
 90
3
 90
544
 90
545
 90
495
 90
3
 90
495
 90
545
 90
496
 90
3
 90
545
 90
546
 90
496
 90
3
 90
496
 90
546
 90
497
 90
3
 90
546
 90
547
 90
497
 90
3
 90
497
 90
547
 90
498
 90
3
 90
547
 90
548
 90
498
 90
3
 90
498
 90
548
 90
499
 90
3
 90
548
 90
549
 90
499
 90
3
 90
499
 90
549
 90
500
 90
3
 90
549
 90
550
 90
500
 90
3
 90
500
 90
550
 90
501
 90
3
 90
550
 90
551
 90
501
 90
3
 90
501
 90
551
 90
502
 90
3
 90
551
 90
552
 90
502
 90
3
 90
502
 90
552
 90
503
 90
3
 90
552
 90
553
 90
503
 90
3
 90
503
 90
553
 90
504
 90
3
 90
553
 90
554
 90
504
 90
3
 90
504
 90
554
 90
505
 90
3
 90
554
 90
555
 90
505
 90
3
 90
505
 90
555
 90
506
 90
3
 90
555
 90
556
 90
506
 90
3
 90
506
 90
556
 90
507
 90
3
 90
556
 90
557
 90
507
 90
3
 90
507
 90
557
 90
508
 90
3
 90
557
 90
558
 90
508
 90
3
 90
508
 90
558
 90
509
 90
3
 90
558
 90
559
 90
509
 90
3
 90
509
 90
559
 90
510
 90
3
 90
559
 90
560
 90
510
 90
3
 90
510
 90
560
 90
511
 90
3
 90
560
 90
561
 90
511
 90
3
 90
511
 90
561
 90
512
 90
3
 90
561
 90
562
 90
512
 90
3
 90
512
 90
562
 90
513
 90
3
 90
562
 90
563
 90
513
 90
3
 90
513
 90
563
 90
514
 90
3
 90
563
 90
564
 90
514
 90
3
 90
514
 90
564
 90
515
 90
3
 90
564
 90
565
 90
515
 90
3
 90
515
 90
565
 90
516
 90
3
 90
565
 90
566
 90
516
 90
3
 90
516
 90
566
 90
517
 90
3
 90
566
 90
567
 90
517
 90
3
 90
517
 90
567
 90
518
 90
3
 90
567
 90
568
 90
518
 90
3
 90
518
 90
568
 90
519
 90
3
 90
569
 90
537
 90
520
 90
3
 90
520
 90
537
 90
488
 90
3
 90
568
 90
569
 90
519
 90
3
 90
519
 90
569
 90
520
 90
3
 90
570
 90
571
 90
521
 90
3
 90
521
 90
571
 90
522
 90
3
 90
571
 90
572
 90
522
 90
3
 90
522
 90
572
 90
523
 90
3
 90
572
 90
573
 90
523
 90
3
 90
523
 90
573
 90
524
 90
3
 90
573
 90
574
 90
524
 90
3
 90
524
 90
574
 90
525
 90
3
 90
574
 90
575
 90
525
 90
3
 90
525
 90
575
 90
526
 90
3
 90
575
 90
576
 90
526
 90
3
 90
526
 90
576
 90
527
 90
3
 90
576
 90
577
 90
527
 90
3
 90
527
 90
577
 90
528
 90
3
 90
577
 90
578
 90
528
 90
3
 90
528
 90
578
 90
529
 90
3
 90
578
 90
579
 90
529
 90
3
 90
529
 90
579
 90
530
 90
3
 90
579
 90
580
 90
530
 90
3
 90
530
 90
580
 90
531
 90
3
 90
580
 90
581
 90
531
 90
3
 90
531
 90
581
 90
532
 90
3
 90
581
 90
582
 90
532
 90
3
 90
532
 90
582
 90
533
 90
3
 90
582
 90
583
 90
533
 90
3
 90
533
 90
583
 90
534
 90
3
 90
583
 90
584
 90
534
 90
3
 90
534
 90
584
 90
535
 90
3
 90
585
 90
570
 90
536
 90
3
 90
536
 90
570
 90
521
 90
3
 90
584
 90
585
 90
535
 90
3
 90
535
 90
585
 90
536
 90
3
 90
588
 90
589
 90
586
 90
3
 90
587
 90
588
 90
586
 90
3
 90
590
 90
593
 90
592
 90
3
 90
590
 90
592
 90
591
 90
3
 90
590
 90
591
 90
586
 90
3
 90
586
 90
591
 90
587
 90
3
 90
591
 90
592
 90
587
 90
3
 90
587
 90
592
 90
588
 90
3
 90
593
 90
590
 90
589
 90
3
 90
589
 90
590
 90
586
 90
3
 90
592
 90
593
 90
588
 90
3
 90
588
 90
593
 90
589
 90
3
 90
596
 90
597
 90
594
 90
3
 90
595
 90
596
 90
594
 90
3
 90
598
 90
601
 90
600
 90
3
 90
598
 90
600
 90
599
 90
3
 90
598
 90
599
 90
594
 90
3
 90
594
 90
599
 90
595
 90
3
 90
599
 90
600
 90
595
 90
3
 90
595
 90
600
 90
596
 90
3
 90
601
 90
598
 90
597
 90
3
 90
597
 90
598
 90
594
 90
3
 90
600
 90
601
 90
596
 90
3
 90
596
 90
601
 90
597
 90
3
 90
646
 90
647
 90
603
 90
3
 90
645
 90
646
 90
603
 90
3
 90
644
 90
645
 90
603
 90
3
 90
603
 90
647
 90
648
 90
3
 90
602
 90
603
 90
648
 90
3
 90
634
 90
602
 90
648
 90
3
 90
633
 90
634
 90
648
 90
3
 90
632
 90
633
 90
648
 90
3
 90
630
 90
631
 90
632
 90
3
 90
629
 90
630
 90
632
 90
3
 90
628
 90
629
 90
632
 90
3
 90
619
 90
620
 90
621
 90
3
 90
618
 90
619
 90
621
 90
3
 90
617
 90
618
 90
621
 90
3
 90
616
 90
617
 90
621
 90
3
 90
615
 90
616
 90
621
 90
3
 90
614
 90
615
 90
621
 90
3
 90
612
 90
613
 90
614
 90
3
 90
611
 90
612
 90
614
 90
3
 90
610
 90
611
 90
614
 90
3
 90
609
 90
610
 90
614
 90
3
 90
607
 90
608
 90
609
 90
3
 90
606
 90
607
 90
609
 90
3
 90
605
 90
606
 90
609
 90
3
 90
603
 90
604
 90
605
 90
3
 90
644
 90
603
 90
605
 90
3
 90
643
 90
644
 90
605
 90
3
 90
642
 90
643
 90
605
 90
3
 90
632
 90
648
 90
649
 90
3
 90
614
 90
621
 90
622
 90
3
 90
642
 90
605
 90
609
 90
3
 90
641
 90
642
 90
609
 90
3
 90
640
 90
641
 90
609
 90
3
 90
639
 90
640
 90
609
 90
3
 90
638
 90
639
 90
609
 90
3
 90
637
 90
638
 90
609
 90
3
 90
632
 90
649
 90
650
 90
3
 90
628
 90
632
 90
650
 90
3
 90
614
 90
622
 90
623
 90
3
 90
628
 90
650
 90
635
 90
3
 90
614
 90
623
 90
624
 90
3
 90
628
 90
635
 90
636
 90
3
 90
614
 90
624
 90
625
 90
3
 90
628
 90
636
 90
637
 90
3
 90
614
 90
625
 90
626
 90
3
 90
628
 90
637
 90
609
 90
3
 90
627
 90
628
 90
609
 90
3
 90
614
 90
626
 90
627
 90
3
 90
609
 90
614
 90
627
 90
3
 90
652
 90
696
 90
695
 90
3
 90
652
 90
695
 90
694
 90
3
 90
652
 90
694
 90
693
 90
3
 90
697
 90
696
 90
652
 90
3
 90
697
 90
652
 90
651
 90
3
 90
697
 90
651
 90
683
 90
3
 90
697
 90
683
 90
682
 90
3
 90
697
 90
682
 90
681
 90
3
 90
681
 90
680
 90
679
 90
3
 90
681
 90
679
 90
678
 90
3
 90
681
 90
678
 90
677
 90
3
 90
670
 90
669
 90
668
 90
3
 90
670
 90
668
 90
667
 90
3
 90
670
 90
667
 90
666
 90
3
 90
670
 90
666
 90
665
 90
3
 90
670
 90
665
 90
664
 90
3
 90
670
 90
664
 90
663
 90
3
 90
663
 90
662
 90
661
 90
3
 90
663
 90
661
 90
660
 90
3
 90
663
 90
660
 90
659
 90
3
 90
663
 90
659
 90
658
 90
3
 90
658
 90
657
 90
656
 90
3
 90
658
 90
656
 90
655
 90
3
 90
658
 90
655
 90
654
 90
3
 90
654
 90
653
 90
652
 90
3
 90
654
 90
652
 90
693
 90
3
 90
654
 90
693
 90
692
 90
3
 90
654
 90
692
 90
691
 90
3
 90
698
 90
697
 90
681
 90
3
 90
671
 90
670
 90
663
 90
3
 90
658
 90
654
 90
691
 90
3
 90
658
 90
691
 90
690
 90
3
 90
658
 90
690
 90
689
 90
3
 90
658
 90
689
 90
688
 90
3
 90
658
 90
688
 90
687
 90
3
 90
658
 90
687
 90
686
 90
3
 90
699
 90
698
 90
681
 90
3
 90
699
 90
681
 90
677
 90
3
 90
672
 90
671
 90
663
 90
3
 90
684
 90
699
 90
677
 90
3
 90
673
 90
672
 90
663
 90
3
 90
685
 90
684
 90
677
 90
3
 90
674
 90
673
 90
663
 90
3
 90
686
 90
685
 90
677
 90
3
 90
675
 90
674
 90
663
 90
3
 90
658
 90
686
 90
677
 90
3
 90
658
 90
677
 90
676
 90
3
 90
676
 90
675
 90
663
 90
3
 90
676
 90
663
 90
658
 90
3
 90
651
 90
652
 90
602
 90
3
 90
602
 90
652
 90
603
 90
3
 90
652
 90
653
 90
603
 90
3
 90
603
 90
653
 90
604
 90
3
 90
653
 90
654
 90
604
 90
3
 90
604
 90
654
 90
605
 90
3
 90
654
 90
655
 90
605
 90
3
 90
605
 90
655
 90
606
 90
3
 90
655
 90
656
 90
606
 90
3
 90
606
 90
656
 90
607
 90
3
 90
656
 90
657
 90
607
 90
3
 90
607
 90
657
 90
608
 90
3
 90
657
 90
658
 90
608
 90
3
 90
608
 90
658
 90
609
 90
3
 90
658
 90
659
 90
609
 90
3
 90
609
 90
659
 90
610
 90
3
 90
659
 90
660
 90
610
 90
3
 90
610
 90
660
 90
611
 90
3
 90
660
 90
661
 90
611
 90
3
 90
611
 90
661
 90
612
 90
3
 90
661
 90
662
 90
612
 90
3
 90
612
 90
662
 90
613
 90
3
 90
662
 90
663
 90
613
 90
3
 90
613
 90
663
 90
614
 90
3
 90
663
 90
664
 90
614
 90
3
 90
614
 90
664
 90
615
 90
3
 90
664
 90
665
 90
615
 90
3
 90
615
 90
665
 90
616
 90
3
 90
665
 90
666
 90
616
 90
3
 90
616
 90
666
 90
617
 90
3
 90
666
 90
667
 90
617
 90
3
 90
617
 90
667
 90
618
 90
3
 90
667
 90
668
 90
618
 90
3
 90
618
 90
668
 90
619
 90
3
 90
668
 90
669
 90
619
 90
3
 90
619
 90
669
 90
620
 90
3
 90
669
 90
670
 90
620
 90
3
 90
620
 90
670
 90
621
 90
3
 90
670
 90
671
 90
621
 90
3
 90
621
 90
671
 90
622
 90
3
 90
671
 90
672
 90
622
 90
3
 90
622
 90
672
 90
623
 90
3
 90
672
 90
673
 90
623
 90
3
 90
623
 90
673
 90
624
 90
3
 90
673
 90
674
 90
624
 90
3
 90
624
 90
674
 90
625
 90
3
 90
674
 90
675
 90
625
 90
3
 90
625
 90
675
 90
626
 90
3
 90
675
 90
676
 90
626
 90
3
 90
626
 90
676
 90
627
 90
3
 90
676
 90
677
 90
627
 90
3
 90
627
 90
677
 90
628
 90
3
 90
677
 90
678
 90
628
 90
3
 90
628
 90
678
 90
629
 90
3
 90
678
 90
679
 90
629
 90
3
 90
629
 90
679
 90
630
 90
3
 90
679
 90
680
 90
630
 90
3
 90
630
 90
680
 90
631
 90
3
 90
680
 90
681
 90
631
 90
3
 90
631
 90
681
 90
632
 90
3
 90
681
 90
682
 90
632
 90
3
 90
632
 90
682
 90
633
 90
3
 90
683
 90
651
 90
634
 90
3
 90
634
 90
651
 90
602
 90
3
 90
682
 90
683
 90
633
 90
3
 90
633
 90
683
 90
634
 90
3
 90
684
 90
685
 90
635
 90
3
 90
635
 90
685
 90
636
 90
3
 90
685
 90
686
 90
636
 90
3
 90
636
 90
686
 90
637
 90
3
 90
686
 90
687
 90
637
 90
3
 90
637
 90
687
 90
638
 90
3
 90
687
 90
688
 90
638
 90
3
 90
638
 90
688
 90
639
 90
3
 90
688
 90
689
 90
639
 90
3
 90
639
 90
689
 90
640
 90
3
 90
689
 90
690
 90
640
 90
3
 90
640
 90
690
 90
641
 90
3
 90
690
 90
691
 90
641
 90
3
 90
641
 90
691
 90
642
 90
3
 90
691
 90
692
 90
642
 90
3
 90
642
 90
692
 90
643
 90
3
 90
692
 90
693
 90
643
 90
3
 90
643
 90
693
 90
644
 90
3
 90
693
 90
694
 90
644
 90
3
 90
644
 90
694
 90
645
 90
3
 90
694
 90
695
 90
645
 90
3
 90
645
 90
695
 90
646
 90
3
 90
695
 90
696
 90
646
 90
3
 90
646
 90
696
 90
647
 90
3
 90
696
 90
697
 90
647
 90
3
 90
647
 90
697
 90
648
 90
3
 90
697
 90
698
 90
648
 90
3
 90
648
 90
698
 90
649
 90
3
 90
699
 90
684
 90
650
 90
3
 90
650
 90
684
 90
635
 90
3
 90
698
 90
699
 90
649
 90
3
 90
649
 90
699
 90
650
 90
3
 90
702
 90
703
 90
700
 90
3
 90
701
 90
702
 90
700
 90
3
 90
704
 90
707
 90
706
 90
3
 90
704
 90
706
 90
705
 90
3
 90
704
 90
705
 90
700
 90
3
 90
700
 90
705
 90
701
 90
3
 90
705
 90
706
 90
701
 90
3
 90
701
 90
706
 90
702
 90
3
 90
707
 90
704
 90
703
 90
3
 90
703
 90
704
 90
700
 90
3
 90
706
 90
707
 90
702
 90
3
 90
702
 90
707
 90
703
 90
3
 90
710
 90
711
 90
708
 90
3
 90
709
 90
710
 90
708
 90
3
 90
712
 90
715
 90
714
 90
3
 90
712
 90
714
 90
713
 90
3
 90
712
 90
713
 90
708
 90
3
 90
708
 90
713
 90
709
 90
3
 90
713
 90
714
 90
709
 90
3
 90
709
 90
714
 90
710
 90
3
 90
715
 90
712
 90
711
 90
3
 90
711
 90
712
 90
708
 90
3
 90
714
 90
715
 90
710
 90
3
 90
710
 90
715
 90
711
 90
3
 90
726
 90
727
 90
716
 90
3
 90
723
 90
724
 90
725
 90
3
 90
722
 90
723
 90
725
 90
3
 90
721
 90
722
 90
725
 90
3
 90
719
 90
720
 90
721
 90
3
 90
718
 90
719
 90
721
 90
3
 90
726
 90
716
 90
717
 90
3
 90
725
 90
726
 90
717
 90
3
 90
718
 90
721
 90
725
 90
3
 90
717
 90
718
 90
725
 90
3
 90
728
 90
739
 90
738
 90
3
 90
737
 90
736
 90
735
 90
3
 90
737
 90
735
 90
734
 90
3
 90
737
 90
734
 90
733
 90
3
 90
733
 90
732
 90
731
 90
3
 90
733
 90
731
 90
730
 90
3
 90
729
 90
728
 90
738
 90
3
 90
729
 90
738
 90
737
 90
3
 90
737
 90
733
 90
730
 90
3
 90
737
 90
730
 90
729
 90
3
 90
728
 90
729
 90
716
 90
3
 90
716
 90
729
 90
717
 90
3
 90
729
 90
730
 90
717
 90
3
 90
717
 90
730
 90
718
 90
3
 90
730
 90
731
 90
718
 90
3
 90
718
 90
731
 90
719
 90
3
 90
731
 90
732
 90
719
 90
3
 90
719
 90
732
 90
720
 90
3
 90
732
 90
733
 90
720
 90
3
 90
720
 90
733
 90
721
 90
3
 90
733
 90
734
 90
721
 90
3
 90
721
 90
734
 90
722
 90
3
 90
734
 90
735
 90
722
 90
3
 90
722
 90
735
 90
723
 90
3
 90
735
 90
736
 90
723
 90
3
 90
723
 90
736
 90
724
 90
3
 90
736
 90
737
 90
724
 90
3
 90
724
 90
737
 90
725
 90
3
 90
737
 90
738
 90
725
 90
3
 90
725
 90
738
 90
726
 90
3
 90
739
 90
728
 90
727
 90
3
 90
727
 90
728
 90
716
 90
3
 90
738
 90
739
 90
726
 90
3
 90
726
 90
739
 90
727
 90
3
 90
765
 90
766
 90
751
 90
3
 90
764
 90
765
 90
751
 90
3
 90
763
 90
764
 90
751
 90
3
 90
751
 90
766
 90
767
 90
3
 90
750
 90
751
 90
767
 90
3
 90
749
 90
750
 90
767
 90
3
 90
748
 90
749
 90
767
 90
3
 90
746
 90
747
 90
748
 90
3
 90
744
 90
745
 90
746
 90
3
 90
743
 90
744
 90
746
 90
3
 90
742
 90
743
 90
746
 90
3
 90
741
 90
742
 90
746
 90
3
 90
740
 90
741
 90
746
 90
3
 90
759
 90
740
 90
746
 90
3
 90
758
 90
759
 90
746
 90
3
 90
756
 90
757
 90
758
 90
3
 90
755
 90
756
 90
758
 90
3
 90
754
 90
755
 90
758
 90
3
 90
752
 90
753
 90
754
 90
3
 90
751
 90
752
 90
754
 90
3
 90
763
 90
751
 90
754
 90
3
 90
762
 90
763
 90
754
 90
3
 90
761
 90
762
 90
754
 90
3
 90
748
 90
767
 90
768
 90
3
 90
746
 90
748
 90
768
 90
3
 90
761
 90
754
 90
758
 90
3
 90
760
 90
761
 90
758
 90
3
 90
775
 90
760
 90
758
 90
3
 90
774
 90
775
 90
758
 90
3
 90
773
 90
774
 90
758
 90
3
 90
772
 90
773
 90
758
 90
3
 90
746
 90
768
 90
769
 90
3
 90
772
 90
758
 90
746
 90
3
 90
771
 90
772
 90
746
 90
3
 90
770
 90
771
 90
746
 90
3
 90
769
 90
770
 90
746
 90
3
 90
787
 90
802
 90
801
 90
3
 90
787
 90
801
 90
800
 90
3
 90
787
 90
800
 90
799
 90
3
 90
803
 90
802
 90
787
 90
3
 90
803
 90
787
 90
786
 90
3
 90
803
 90
786
 90
785
 90
3
 90
803
 90
785
 90
784
 90
3
 90
784
 90
783
 90
782
 90
3
 90
782
 90
781
 90
780
 90
3
 90
782
 90
780
 90
779
 90
3
 90
782
 90
779
 90
778
 90
3
 90
782
 90
778
 90
777
 90
3
 90
782
 90
777
 90
776
 90
3
 90
782
 90
776
 90
795
 90
3
 90
782
 90
795
 90
794
 90
3
 90
794
 90
793
 90
792
 90
3
 90
794
 90
792
 90
791
 90
3
 90
794
 90
791
 90
790
 90
3
 90
790
 90
789
 90
788
 90
3
 90
790
 90
788
 90
787
 90
3
 90
790
 90
787
 90
799
 90
3
 90
790
 90
799
 90
798
 90
3
 90
790
 90
798
 90
797
 90
3
 90
804
 90
803
 90
784
 90
3
 90
804
 90
784
 90
782
 90
3
 90
794
 90
790
 90
797
 90
3
 90
794
 90
797
 90
796
 90
3
 90
794
 90
796
 90
811
 90
3
 90
794
 90
811
 90
810
 90
3
 90
794
 90
810
 90
809
 90
3
 90
794
 90
809
 90
808
 90
3
 90
805
 90
804
 90
782
 90
3
 90
782
 90
794
 90
808
 90
3
 90
782
 90
808
 90
807
 90
3
 90
782
 90
807
 90
806
 90
3
 90
782
 90
806
 90
805
 90
3
 90
776
 90
777
 90
740
 90
3
 90
740
 90
777
 90
741
 90
3
 90
777
 90
778
 90
741
 90
3
 90
741
 90
778
 90
742
 90
3
 90
778
 90
779
 90
742
 90
3
 90
742
 90
779
 90
743
 90
3
 90
779
 90
780
 90
743
 90
3
 90
743
 90
780
 90
744
 90
3
 90
780
 90
781
 90
744
 90
3
 90
744
 90
781
 90
745
 90
3
 90
781
 90
782
 90
745
 90
3
 90
745
 90
782
 90
746
 90
3
 90
782
 90
783
 90
746
 90
3
 90
746
 90
783
 90
747
 90
3
 90
783
 90
784
 90
747
 90
3
 90
747
 90
784
 90
748
 90
3
 90
784
 90
785
 90
748
 90
3
 90
748
 90
785
 90
749
 90
3
 90
785
 90
786
 90
749
 90
3
 90
749
 90
786
 90
750
 90
3
 90
786
 90
787
 90
750
 90
3
 90
750
 90
787
 90
751
 90
3
 90
787
 90
788
 90
751
 90
3
 90
751
 90
788
 90
752
 90
3
 90
788
 90
789
 90
752
 90
3
 90
752
 90
789
 90
753
 90
3
 90
789
 90
790
 90
753
 90
3
 90
753
 90
790
 90
754
 90
3
 90
790
 90
791
 90
754
 90
3
 90
754
 90
791
 90
755
 90
3
 90
791
 90
792
 90
755
 90
3
 90
755
 90
792
 90
756
 90
3
 90
792
 90
793
 90
756
 90
3
 90
756
 90
793
 90
757
 90
3
 90
793
 90
794
 90
757
 90
3
 90
757
 90
794
 90
758
 90
3
 90
795
 90
776
 90
759
 90
3
 90
759
 90
776
 90
740
 90
3
 90
794
 90
795
 90
758
 90
3
 90
758
 90
795
 90
759
 90
3
 90
796
 90
797
 90
760
 90
3
 90
760
 90
797
 90
761
 90
3
 90
797
 90
798
 90
761
 90
3
 90
761
 90
798
 90
762
 90
3
 90
798
 90
799
 90
762
 90
3
 90
762
 90
799
 90
763
 90
3
 90
799
 90
800
 90
763
 90
3
 90
763
 90
800
 90
764
 90
3
 90
800
 90
801
 90
764
 90
3
 90
764
 90
801
 90
765
 90
3
 90
801
 90
802
 90
765
 90
3
 90
765
 90
802
 90
766
 90
3
 90
802
 90
803
 90
766
 90
3
 90
766
 90
803
 90
767
 90
3
 90
803
 90
804
 90
767
 90
3
 90
767
 90
804
 90
768
 90
3
 90
804
 90
805
 90
768
 90
3
 90
768
 90
805
 90
769
 90
3
 90
805
 90
806
 90
769
 90
3
 90
769
 90
806
 90
770
 90
3
 90
806
 90
807
 90
770
 90
3
 90
770
 90
807
 90
771
 90
3
 90
807
 90
808
 90
771
 90
3
 90
771
 90
808
 90
772
 90
3
 90
808
 90
809
 90
772
 90
3
 90
772
 90
809
 90
773
 90
3
 90
809
 90
810
 90
773
 90
3
 90
773
 90
810
 90
774
 90
3
 90
811
 90
796
 90
775
 90
3
 90
775
 90
796
 90
760
 90
3
 90
810
 90
811
 90
774
 90
3
 90
774
 90
811
 90
775
 90
3
 90
832
 90
833
 90
812
 90
3
 90
831
 90
832
 90
812
 90
3
 90
830
 90
831
 90
812
 90
3
 90
829
 90
830
 90
812
 90
3
 90
828
 90
829
 90
812
 90
3
 90
821
 90
822
 90
823
 90
3
 90
820
 90
821
 90
823
 90
3
 90
819
 90
820
 90
823
 90
3
 90
818
 90
819
 90
823
 90
3
 90
817
 90
818
 90
823
 90
3
 90
815
 90
816
 90
817
 90
3
 90
814
 90
815
 90
817
 90
3
 90
813
 90
814
 90
817
 90
3
 90
812
 90
813
 90
817
 90
3
 90
828
 90
812
 90
817
 90
3
 90
827
 90
828
 90
817
 90
3
 90
826
 90
827
 90
817
 90
3
 90
825
 90
826
 90
817
 90
3
 90
824
 90
825
 90
817
 90
3
 90
823
 90
824
 90
817
 90
3
 90
834
 90
855
 90
854
 90
3
 90
834
 90
854
 90
853
 90
3
 90
834
 90
853
 90
852
 90
3
 90
834
 90
852
 90
851
 90
3
 90
834
 90
851
 90
850
 90
3
 90
845
 90
844
 90
843
 90
3
 90
845
 90
843
 90
842
 90
3
 90
845
 90
842
 90
841
 90
3
 90
845
 90
841
 90
840
 90
3
 90
845
 90
840
 90
839
 90
3
 90
839
 90
838
 90
837
 90
3
 90
839
 90
837
 90
836
 90
3
 90
839
 90
836
 90
835
 90
3
 90
839
 90
835
 90
834
 90
3
 90
839
 90
834
 90
850
 90
3
 90
839
 90
850
 90
849
 90
3
 90
839
 90
849
 90
848
 90
3
 90
839
 90
848
 90
847
 90
3
 90
839
 90
847
 90
846
 90
3
 90
839
 90
846
 90
845
 90
3
 90
834
 90
835
 90
812
 90
3
 90
812
 90
835
 90
813
 90
3
 90
835
 90
836
 90
813
 90
3
 90
813
 90
836
 90
814
 90
3
 90
836
 90
837
 90
814
 90
3
 90
814
 90
837
 90
815
 90
3
 90
837
 90
838
 90
815
 90
3
 90
815
 90
838
 90
816
 90
3
 90
838
 90
839
 90
816
 90
3
 90
816
 90
839
 90
817
 90
3
 90
839
 90
840
 90
817
 90
3
 90
817
 90
840
 90
818
 90
3
 90
840
 90
841
 90
818
 90
3
 90
818
 90
841
 90
819
 90
3
 90
841
 90
842
 90
819
 90
3
 90
819
 90
842
 90
820
 90
3
 90
842
 90
843
 90
820
 90
3
 90
820
 90
843
 90
821
 90
3
 90
843
 90
844
 90
821
 90
3
 90
821
 90
844
 90
822
 90
3
 90
844
 90
845
 90
822
 90
3
 90
822
 90
845
 90
823
 90
3
 90
845
 90
846
 90
823
 90
3
 90
823
 90
846
 90
824
 90
3
 90
846
 90
847
 90
824
 90
3
 90
824
 90
847
 90
825
 90
3
 90
847
 90
848
 90
825
 90
3
 90
825
 90
848
 90
826
 90
3
 90
848
 90
849
 90
826
 90
3
 90
826
 90
849
 90
827
 90
3
 90
849
 90
850
 90
827
 90
3
 90
827
 90
850
 90
828
 90
3
 90
850
 90
851
 90
828
 90
3
 90
828
 90
851
 90
829
 90
3
 90
851
 90
852
 90
829
 90
3
 90
829
 90
852
 90
830
 90
3
 90
852
 90
853
 90
830
 90
3
 90
830
 90
853
 90
831
 90
3
 90
853
 90
854
 90
831
 90
3
 90
831
 90
854
 90
832
 90
3
 90
855
 90
834
 90
833
 90
3
 90
833
 90
834
 90
812
 90
3
 90
854
 90
855
 90
832
 90
3
 90
832
 90
855
 90
833
 90
3
 90
858
 90
859
 90
856
 90
3
 90
857
 90
858
 90
856
 90
3
 90
860
 90
863
 90
862
 90
3
 90
860
 90
862
 90
861
 90
3
 90
860
 90
861
 90
856
 90
3
 90
856
 90
861
 90
857
 90
3
 90
861
 90
862
 90
857
 90
3
 90
857
 90
862
 90
858
 90
3
 90
863
 90
860
 90
859
 90
3
 90
859
 90
860
 90
856
 90
3
 90
862
 90
863
 90
858
 90
3
 90
858
 90
863
 90
859
 90
3
 90
868
 90
869
 90
864
 90
3
 90
866
 90
867
 90
868
 90
3
 90
865
 90
866
 90
868
 90
3
 90
864
 90
865
 90
868
 90
3
 90
870
 90
875
 90
874
 90
3
 90
874
 90
873
 90
872
 90
3
 90
874
 90
872
 90
871
 90
3
 90
874
 90
871
 90
870
 90
3
 90
870
 90
871
 90
864
 90
3
 90
864
 90
871
 90
865
 90
3
 90
871
 90
872
 90
865
 90
3
 90
865
 90
872
 90
866
 90
3
 90
872
 90
873
 90
866
 90
3
 90
866
 90
873
 90
867
 90
3
 90
873
 90
874
 90
867
 90
3
 90
867
 90
874
 90
868
 90
3
 90
875
 90
870
 90
869
 90
3
 90
869
 90
870
 90
864
 90
3
 90
874
 90
875
 90
868
 90
3
 90
868
 90
875
 90
869
 90
3
 90
885
 90
886
 90
882
 90
3
 90
881
 90
882
 90
886
 90
3
 90
880
 90
881
 90
886
 90
3
 90
879
 90
880
 90
886
 90
3
 90
877
 90
878
 90
879
 90
3
 90
876
 90
877
 90
879
 90
3
 90
882
 90
883
 90
876
 90
3
 90
885
 90
882
 90
876
 90
3
 90
884
 90
885
 90
876
 90
3
 90
879
 90
886
 90
884
 90
3
 90
876
 90
879
 90
884
 90
3
 90
893
 90
897
 90
896
 90
3
 90
897
 90
893
 90
892
 90
3
 90
897
 90
892
 90
891
 90
3
 90
897
 90
891
 90
890
 90
3
 90
890
 90
889
 90
888
 90
3
 90
890
 90
888
 90
887
 90
3
 90
887
 90
894
 90
893
 90
3
 90
887
 90
893
 90
896
 90
3
 90
887
 90
896
 90
895
 90
3
 90
895
 90
897
 90
890
 90
3
 90
895
 90
890
 90
887
 90
3
 90
887
 90
888
 90
876
 90
3
 90
876
 90
888
 90
877
 90
3
 90
888
 90
889
 90
877
 90
3
 90
877
 90
889
 90
878
 90
3
 90
889
 90
890
 90
878
 90
3
 90
878
 90
890
 90
879
 90
3
 90
890
 90
891
 90
879
 90
3
 90
879
 90
891
 90
880
 90
3
 90
891
 90
892
 90
880
 90
3
 90
880
 90
892
 90
881
 90
3
 90
892
 90
893
 90
881
 90
3
 90
881
 90
893
 90
882
 90
3
 90
894
 90
887
 90
883
 90
3
 90
883
 90
887
 90
876
 90
3
 90
893
 90
894
 90
882
 90
3
 90
882
 90
894
 90
883
 90
3
 90
895
 90
896
 90
884
 90
3
 90
884
 90
896
 90
885
 90
3
 90
897
 90
895
 90
886
 90
3
 90
886
 90
895
 90
884
 90
3
 90
896
 90
897
 90
885
 90
3
 90
885
 90
897
 90
886
 90
3
 90
903
 90
904
 90
905
 90
3
 90
902
 90
903
 90
905
 90
3
 90
900
 90
901
 90
902
 90
3
 90
898
 90
899
 90
900
 90
3
 90
905
 90
898
 90
900
 90
3
 90
902
 90
905
 90
900
 90
3
 90
913
 90
912
 90
911
 90
3
 90
913
 90
911
 90
910
 90
3
 90
910
 90
909
 90
908
 90
3
 90
908
 90
907
 90
906
 90
3
 90
908
 90
906
 90
913
 90
3
 90
908
 90
913
 90
910
 90
3
 90
906
 90
907
 90
898
 90
3
 90
898
 90
907
 90
899
 90
3
 90
907
 90
908
 90
899
 90
3
 90
899
 90
908
 90
900
 90
3
 90
908
 90
909
 90
900
 90
3
 90
900
 90
909
 90
901
 90
3
 90
909
 90
910
 90
901
 90
3
 90
901
 90
910
 90
902
 90
3
 90
910
 90
911
 90
902
 90
3
 90
902
 90
911
 90
903
 90
3
 90
911
 90
912
 90
903
 90
3
 90
903
 90
912
 90
904
 90
3
 90
913
 90
906
 90
905
 90
3
 90
905
 90
906
 90
898
 90
3
 90
912
 90
913
 90
904
 90
3
 90
904
 90
913
 90
905
 90
3
 90
924
 90
925
 90
914
 90
3
 90
923
 90
924
 90
914
 90
3
 90
922
 90
923
 90
914
 90
3
 90
920
 90
921
 90
922
 90
3
 90
919
 90
920
 90
922
 90
3
 90
916
 90
917
 90
918
 90
3
 90
915
 90
916
 90
918
 90
3
 90
914
 90
915
 90
918
 90
3
 90
919
 90
922
 90
914
 90
3
 90
918
 90
919
 90
914
 90
3
 90
926
 90
937
 90
936
 90
3
 90
926
 90
936
 90
935
 90
3
 90
926
 90
935
 90
934
 90
3
 90
934
 90
933
 90
932
 90
3
 90
934
 90
932
 90
931
 90
3
 90
930
 90
929
 90
928
 90
3
 90
930
 90
928
 90
927
 90
3
 90
930
 90
927
 90
926
 90
3
 90
926
 90
934
 90
931
 90
3
 90
926
 90
931
 90
930
 90
3
 90
926
 90
927
 90
914
 90
3
 90
914
 90
927
 90
915
 90
3
 90
927
 90
928
 90
915
 90
3
 90
915
 90
928
 90
916
 90
3
 90
928
 90
929
 90
916
 90
3
 90
916
 90
929
 90
917
 90
3
 90
929
 90
930
 90
917
 90
3
 90
917
 90
930
 90
918
 90
3
 90
930
 90
931
 90
918
 90
3
 90
918
 90
931
 90
919
 90
3
 90
931
 90
932
 90
919
 90
3
 90
919
 90
932
 90
920
 90
3
 90
932
 90
933
 90
920
 90
3
 90
920
 90
933
 90
921
 90
3
 90
933
 90
934
 90
921
 90
3
 90
921
 90
934
 90
922
 90
3
 90
934
 90
935
 90
922
 90
3
 90
922
 90
935
 90
923
 90
3
 90
935
 90
936
 90
923
 90
3
 90
923
 90
936
 90
924
 90
3
 90
937
 90
926
 90
925
 90
3
 90
925
 90
926
 90
914
 90
3
 90
936
 90
937
 90
924
 90
3
 90
924
 90
937
 90
925
 90
3
 90
971
 90
972
 90
953
 90
3
 90
953
 90
972
 90
962
 90
3
 90
951
 90
952
 90
953
 90
3
 90
944
 90
945
 90
946
 90
3
 90
943
 90
944
 90
946
 90
3
 90
942
 90
943
 90
946
 90
3
 90
941
 90
942
 90
946
 90
3
 90
940
 90
941
 90
946
 90
3
 90
939
 90
940
 90
946
 90
3
 90
961
 90
938
 90
939
 90
3
 90
960
 90
961
 90
939
 90
3
 90
959
 90
960
 90
939
 90
3
 90
958
 90
959
 90
939
 90
3
 90
957
 90
958
 90
939
 90
3
 90
956
 90
957
 90
939
 90
3
 90
954
 90
955
 90
956
 90
3
 90
971
 90
953
 90
954
 90
3
 90
970
 90
971
 90
954
 90
3
 90
969
 90
970
 90
954
 90
3
 90
951
 90
953
 90
962
 90
3
 90
950
 90
951
 90
962
 90
3
 90
949
 90
950
 90
962
 90
3
 90
948
 90
949
 90
962
 90
3
 90
947
 90
948
 90
962
 90
3
 90
946
 90
947
 90
962
 90
3
 90
939
 90
946
 90
962
 90
3
 90
969
 90
954
 90
956
 90
3
 90
968
 90
969
 90
956
 90
3
 90
967
 90
968
 90
956
 90
3
 90
966
 90
967
 90
956
 90
3
 90
965
 90
966
 90
956
 90
3
 90
939
 90
962
 90
963
 90
3
 90
965
 90
956
 90
939
 90
3
 90
964
 90
965
 90
939
 90
3
 90
963
 90
964
 90
939
 90
3
 90
988
 90
1007
 90
1006
 90
3
 90
997
 90
1007
 90
988
 90
3
 90
988
 90
987
 90
986
 90
3
 90
981
 90
980
 90
979
 90
3
 90
981
 90
979
 90
978
 90
3
 90
981
 90
978
 90
977
 90
3
 90
981
 90
977
 90
976
 90
3
 90
981
 90
976
 90
975
 90
3
 90
981
 90
975
 90
974
 90
3
 90
974
 90
973
 90
996
 90
3
 90
974
 90
996
 90
995
 90
3
 90
974
 90
995
 90
994
 90
3
 90
974
 90
994
 90
993
 90
3
 90
974
 90
993
 90
992
 90
3
 90
974
 90
992
 90
991
 90
3
 90
991
 90
990
 90
989
 90
3
 90
989
 90
988
 90
1006
 90
3
 90
989
 90
1006
 90
1005
 90
3
 90
989
 90
1005
 90
1004
 90
3
 90
997
 90
988
 90
986
 90
3
 90
997
 90
986
 90
985
 90
3
 90
997
 90
985
 90
984
 90
3
 90
997
 90
984
 90
983
 90
3
 90
997
 90
983
 90
982
 90
3
 90
997
 90
982
 90
981
 90
3
 90
997
 90
981
 90
974
 90
3
 90
991
 90
989
 90
1004
 90
3
 90
991
 90
1004
 90
1003
 90
3
 90
991
 90
1003
 90
1002
 90
3
 90
991
 90
1002
 90
1001
 90
3
 90
991
 90
1001
 90
1000
 90
3
 90
998
 90
997
 90
974
 90
3
 90
974
 90
991
 90
1000
 90
3
 90
974
 90
1000
 90
999
 90
3
 90
974
 90
999
 90
998
 90
3
 90
973
 90
974
 90
938
 90
3
 90
938
 90
974
 90
939
 90
3
 90
974
 90
975
 90
939
 90
3
 90
939
 90
975
 90
940
 90
3
 90
975
 90
976
 90
940
 90
3
 90
940
 90
976
 90
941
 90
3
 90
976
 90
977
 90
941
 90
3
 90
941
 90
977
 90
942
 90
3
 90
977
 90
978
 90
942
 90
3
 90
942
 90
978
 90
943
 90
3
 90
978
 90
979
 90
943
 90
3
 90
943
 90
979
 90
944
 90
3
 90
979
 90
980
 90
944
 90
3
 90
944
 90
980
 90
945
 90
3
 90
980
 90
981
 90
945
 90
3
 90
945
 90
981
 90
946
 90
3
 90
981
 90
982
 90
946
 90
3
 90
946
 90
982
 90
947
 90
3
 90
982
 90
983
 90
947
 90
3
 90
947
 90
983
 90
948
 90
3
 90
983
 90
984
 90
948
 90
3
 90
948
 90
984
 90
949
 90
3
 90
984
 90
985
 90
949
 90
3
 90
949
 90
985
 90
950
 90
3
 90
985
 90
986
 90
950
 90
3
 90
950
 90
986
 90
951
 90
3
 90
986
 90
987
 90
951
 90
3
 90
951
 90
987
 90
952
 90
3
 90
987
 90
988
 90
952
 90
3
 90
952
 90
988
 90
953
 90
3
 90
988
 90
989
 90
953
 90
3
 90
953
 90
989
 90
954
 90
3
 90
989
 90
990
 90
954
 90
3
 90
954
 90
990
 90
955
 90
3
 90
990
 90
991
 90
955
 90
3
 90
955
 90
991
 90
956
 90
3
 90
991
 90
992
 90
956
 90
3
 90
956
 90
992
 90
957
 90
3
 90
992
 90
993
 90
957
 90
3
 90
957
 90
993
 90
958
 90
3
 90
993
 90
994
 90
958
 90
3
 90
958
 90
994
 90
959
 90
3
 90
994
 90
995
 90
959
 90
3
 90
959
 90
995
 90
960
 90
3
 90
996
 90
973
 90
961
 90
3
 90
961
 90
973
 90
938
 90
3
 90
995
 90
996
 90
960
 90
3
 90
960
 90
996
 90
961
 90
3
 90
997
 90
998
 90
962
 90
3
 90
962
 90
998
 90
963
 90
3
 90
998
 90
999
 90
963
 90
3
 90
963
 90
999
 90
964
 90
3
 90
999
 90
1000
 90
964
 90
3
 90
964
 90
1000
 90
965
 90
3
 90
1000
 90
1001
 90
965
 90
3
 90
965
 90
1001
 90
966
 90
3
 90
1001
 90
1002
 90
966
 90
3
 90
966
 90
1002
 90
967
 90
3
 90
1002
 90
1003
 90
967
 90
3
 90
967
 90
1003
 90
968
 90
3
 90
1003
 90
1004
 90
968
 90
3
 90
968
 90
1004
 90
969
 90
3
 90
1004
 90
1005
 90
969
 90
3
 90
969
 90
1005
 90
970
 90
3
 90
1005
 90
1006
 90
970
 90
3
 90
970
 90
1006
 90
971
 90
3
 90
1007
 90
997
 90
972
 90
3
 90
972
 90
997
 90
962
 90
3
 90
1006
 90
1007
 90
971
 90
3
 90
971
 90
1007
 90
972
 90
3
 90
1017
 90
1018
 90
1009
 90
3
 90
1008
 90
1009
 90
1018
 90
3
 90
1015
 90
1008
 90
1018
 90
3
 90
1014
 90
1015
 90
1018
 90
3
 90
1012
 90
1013
 90
1014
 90
3
 90
1011
 90
1012
 90
1014
 90
3
 90
1009
 90
1010
 90
1011
 90
3
 90
1017
 90
1009
 90
1011
 90
3
 90
1016
 90
1017
 90
1011
 90
3
 90
1014
 90
1018
 90
1016
 90
3
 90
1011
 90
1014
 90
1016
 90
3
 90
1020
 90
1029
 90
1028
 90
3
 90
1029
 90
1020
 90
1019
 90
3
 90
1029
 90
1019
 90
1026
 90
3
 90
1029
 90
1026
 90
1025
 90
3
 90
1025
 90
1024
 90
1023
 90
3
 90
1025
 90
1023
 90
1022
 90
3
 90
1022
 90
1021
 90
1020
 90
3
 90
1022
 90
1020
 90
1028
 90
3
 90
1022
 90
1028
 90
1027
 90
3
 90
1027
 90
1029
 90
1025
 90
3
 90
1027
 90
1025
 90
1022
 90
3
 90
1019
 90
1020
 90
1008
 90
3
 90
1008
 90
1020
 90
1009
 90
3
 90
1020
 90
1021
 90
1009
 90
3
 90
1009
 90
1021
 90
1010
 90
3
 90
1021
 90
1022
 90
1010
 90
3
 90
1010
 90
1022
 90
1011
 90
3
 90
1022
 90
1023
 90
1011
 90
3
 90
1011
 90
1023
 90
1012
 90
3
 90
1023
 90
1024
 90
1012
 90
3
 90
1012
 90
1024
 90
1013
 90
3
 90
1024
 90
1025
 90
1013
 90
3
 90
1013
 90
1025
 90
1014
 90
3
 90
1026
 90
1019
 90
1015
 90
3
 90
1015
 90
1019
 90
1008
 90
3
 90
1025
 90
1026
 90
1014
 90
3
 90
1014
 90
1026
 90
1015
 90
3
 90
1027
 90
1028
 90
1016
 90
3
 90
1016
 90
1028
 90
1017
 90
3
 90
1029
 90
1027
 90
1018
 90
3
 90
1018
 90
1027
 90
1016
 90
3
 90
1028
 90
1029
 90
1017
 90
3
 90
1017
 90
1029
 90
1018
 90
3
 90
1033
 90
1034
 90
1035
 90
3
 90
1032
 90
1033
 90
1035
 90
3
 90
1031
 90
1032
 90
1035
 90
3
 90
1030
 90
1031
 90
1035
 90
3
 90
1041
 90
1040
 90
1039
 90
3
 90
1041
 90
1039
 90
1038
 90
3
 90
1041
 90
1038
 90
1037
 90
3
 90
1041
 90
1037
 90
1036
 90
3
 90
1036
 90
1037
 90
1030
 90
3
 90
1030
 90
1037
 90
1031
 90
3
 90
1037
 90
1038
 90
1031
 90
3
 90
1031
 90
1038
 90
1032
 90
3
 90
1038
 90
1039
 90
1032
 90
3
 90
1032
 90
1039
 90
1033
 90
3
 90
1039
 90
1040
 90
1033
 90
3
 90
1033
 90
1040
 90
1034
 90
3
 90
1041
 90
1036
 90
1035
 90
3
 90
1035
 90
1036
 90
1030
 90
3
 90
1040
 90
1041
 90
1034
 90
3
 90
1034
 90
1041
 90
1035
 90
3
 90
1046
 90
1047
 90
1042
 90
3
 90
1045
 90
1046
 90
1042
 90
3
 90
1044
 90
1045
 90
1042
 90
3
 90
1043
 90
1044
 90
1042
 90
3
 90
1048
 90
1053
 90
1052
 90
3
 90
1048
 90
1052
 90
1051
 90
3
 90
1048
 90
1051
 90
1050
 90
3
 90
1048
 90
1050
 90
1049
 90
3
 90
1048
 90
1049
 90
1042
 90
3
 90
1042
 90
1049
 90
1043
 90
3
 90
1049
 90
1050
 90
1043
 90
3
 90
1043
 90
1050
 90
1044
 90
3
 90
1050
 90
1051
 90
1044
 90
3
 90
1044
 90
1051
 90
1045
 90
3
 90
1051
 90
1052
 90
1045
 90
3
 90
1045
 90
1052
 90
1046
 90
3
 90
1053
 90
1048
 90
1047
 90
3
 90
1047
 90
1048
 90
1042
 90
3
 90
1052
 90
1053
 90
1046
 90
3
 90
1046
 90
1053
 90
1047
 90
3
 90
1060
 90
1061
 90
1054
 90
3
 90
1059
 90
1060
 90
1054
 90
3
 90
1057
 90
1058
 90
1059
 90
3
 90
1056
 90
1057
 90
1059
 90
3
 90
1054
 90
1055
 90
1056
 90
3
 90
1059
 90
1054
 90
1056
 90
3
 90
1062
 90
1069
 90
1068
 90
3
 90
1062
 90
1068
 90
1067
 90
3
 90
1067
 90
1066
 90
1065
 90
3
 90
1067
 90
1065
 90
1064
 90
3
 90
1064
 90
1063
 90
1062
 90
3
 90
1064
 90
1062
 90
1067
 90
3
 90
1062
 90
1063
 90
1054
 90
3
 90
1054
 90
1063
 90
1055
 90
3
 90
1063
 90
1064
 90
1055
 90
3
 90
1055
 90
1064
 90
1056
 90
3
 90
1064
 90
1065
 90
1056
 90
3
 90
1056
 90
1065
 90
1057
 90
3
 90
1065
 90
1066
 90
1057
 90
3
 90
1057
 90
1066
 90
1058
 90
3
 90
1066
 90
1067
 90
1058
 90
3
 90
1058
 90
1067
 90
1059
 90
3
 90
1067
 90
1068
 90
1059
 90
3
 90
1059
 90
1068
 90
1060
 90
3
 90
1069
 90
1062
 90
1061
 90
3
 90
1061
 90
1062
 90
1054
 90
3
 90
1068
 90
1069
 90
1060
 90
3
 90
1060
 90
1069
 90
1061
 90
3
 90
1096
 90
1097
 90
1073
 90
3
 90
1095
 90
1096
 90
1073
 90
3
 90
1094
 90
1095
 90
1073
 90
3
 90
1073
 90
1097
 90
1098
 90
3
 90
1072
 90
1073
 90
1098
 90
3
 90
1071
 90
1072
 90
1098
 90
3
 90
1070
 90
1071
 90
1098
 90
3
 90
1084
 90
1085
 90
1070
 90
3
 90
1083
 90
1084
 90
1070
 90
3
 90
1082
 90
1083
 90
1070
 90
3
 90
1080
 90
1081
 90
1082
 90
3
 90
1079
 90
1080
 90
1082
 90
3
 90
1078
 90
1079
 90
1082
 90
3
 90
1076
 90
1077
 90
1078
 90
3
 90
1075
 90
1076
 90
1078
 90
3
 90
1074
 90
1075
 90
1078
 90
3
 90
1094
 90
1073
 90
1074
 90
3
 90
1070
 90
1098
 90
1099
 90
3
 90
1094
 90
1074
 90
1078
 90
3
 90
1093
 90
1094
 90
1078
 90
3
 90
1092
 90
1093
 90
1078
 90
3
 90
1091
 90
1092
 90
1078
 90
3
 90
1090
 90
1091
 90
1078
 90
3
 90
1089
 90
1090
 90
1078
 90
3
 90
1070
 90
1099
 90
1100
 90
3
 90
1089
 90
1078
 90
1082
 90
3
 90
1088
 90
1089
 90
1082
 90
3
 90
1087
 90
1088
 90
1082
 90
3
 90
1086
 90
1087
 90
1082
 90
3
 90
1070
 90
1100
 90
1101
 90
3
 90
1086
 90
1082
 90
1070
 90
3
 90
1101
 90
1086
 90
1070
 90
3
 90
1105
 90
1129
 90
1128
 90
3
 90
1105
 90
1128
 90
1127
 90
3
 90
1105
 90
1127
 90
1126
 90
3
 90
1130
 90
1129
 90
1105
 90
3
 90
1130
 90
1105
 90
1104
 90
3
 90
1130
 90
1104
 90
1103
 90
3
 90
1130
 90
1103
 90
1102
 90
3
 90
1102
 90
1117
 90
1116
 90
3
 90
1102
 90
1116
 90
1115
 90
3
 90
1102
 90
1115
 90
1114
 90
3
 90
1114
 90
1113
 90
1112
 90
3
 90
1114
 90
1112
 90
1111
 90
3
 90
1114
 90
1111
 90
1110
 90
3
 90
1110
 90
1109
 90
1108
 90
3
 90
1110
 90
1108
 90
1107
 90
3
 90
1110
 90
1107
 90
1106
 90
3
 90
1106
 90
1105
 90
1126
 90
3
 90
1131
 90
1130
 90
1102
 90
3
 90
1110
 90
1106
 90
1126
 90
3
 90
1110
 90
1126
 90
1125
 90
3
 90
1110
 90
1125
 90
1124
 90
3
 90
1110
 90
1124
 90
1123
 90
3
 90
1110
 90
1123
 90
1122
 90
3
 90
1110
 90
1122
 90
1121
 90
3
 90
1132
 90
1131
 90
1102
 90
3
 90
1114
 90
1110
 90
1121
 90
3
 90
1114
 90
1121
 90
1120
 90
3
 90
1114
 90
1120
 90
1119
 90
3
 90
1114
 90
1119
 90
1118
 90
3
 90
1133
 90
1132
 90
1102
 90
3
 90
1102
 90
1114
 90
1118
 90
3
 90
1102
 90
1118
 90
1133
 90
3
 90
1102
 90
1103
 90
1070
 90
3
 90
1070
 90
1103
 90
1071
 90
3
 90
1103
 90
1104
 90
1071
 90
3
 90
1071
 90
1104
 90
1072
 90
3
 90
1104
 90
1105
 90
1072
 90
3
 90
1072
 90
1105
 90
1073
 90
3
 90
1105
 90
1106
 90
1073
 90
3
 90
1073
 90
1106
 90
1074
 90
3
 90
1106
 90
1107
 90
1074
 90
3
 90
1074
 90
1107
 90
1075
 90
3
 90
1107
 90
1108
 90
1075
 90
3
 90
1075
 90
1108
 90
1076
 90
3
 90
1108
 90
1109
 90
1076
 90
3
 90
1076
 90
1109
 90
1077
 90
3
 90
1109
 90
1110
 90
1077
 90
3
 90
1077
 90
1110
 90
1078
 90
3
 90
1110
 90
1111
 90
1078
 90
3
 90
1078
 90
1111
 90
1079
 90
3
 90
1111
 90
1112
 90
1079
 90
3
 90
1079
 90
1112
 90
1080
 90
3
 90
1112
 90
1113
 90
1080
 90
3
 90
1080
 90
1113
 90
1081
 90
3
 90
1113
 90
1114
 90
1081
 90
3
 90
1081
 90
1114
 90
1082
 90
3
 90
1114
 90
1115
 90
1082
 90
3
 90
1082
 90
1115
 90
1083
 90
3
 90
1115
 90
1116
 90
1083
 90
3
 90
1083
 90
1116
 90
1084
 90
3
 90
1117
 90
1102
 90
1085
 90
3
 90
1085
 90
1102
 90
1070
 90
3
 90
1116
 90
1117
 90
1084
 90
3
 90
1084
 90
1117
 90
1085
 90
3
 90
1118
 90
1119
 90
1086
 90
3
 90
1086
 90
1119
 90
1087
 90
3
 90
1119
 90
1120
 90
1087
 90
3
 90
1087
 90
1120
 90
1088
 90
3
 90
1120
 90
1121
 90
1088
 90
3
 90
1088
 90
1121
 90
1089
 90
3
 90
1121
 90
1122
 90
1089
 90
3
 90
1089
 90
1122
 90
1090
 90
3
 90
1122
 90
1123
 90
1090
 90
3
 90
1090
 90
1123
 90
1091
 90
3
 90
1123
 90
1124
 90
1091
 90
3
 90
1091
 90
1124
 90
1092
 90
3
 90
1124
 90
1125
 90
1092
 90
3
 90
1092
 90
1125
 90
1093
 90
3
 90
1125
 90
1126
 90
1093
 90
3
 90
1093
 90
1126
 90
1094
 90
3
 90
1126
 90
1127
 90
1094
 90
3
 90
1094
 90
1127
 90
1095
 90
3
 90
1127
 90
1128
 90
1095
 90
3
 90
1095
 90
1128
 90
1096
 90
3
 90
1128
 90
1129
 90
1096
 90
3
 90
1096
 90
1129
 90
1097
 90
3
 90
1129
 90
1130
 90
1097
 90
3
 90
1097
 90
1130
 90
1098
 90
3
 90
1130
 90
1131
 90
1098
 90
3
 90
1098
 90
1131
 90
1099
 90
3
 90
1131
 90
1132
 90
1099
 90
3
 90
1099
 90
1132
 90
1100
 90
3
 90
1133
 90
1118
 90
1101
 90
3
 90
1101
 90
1118
 90
1086
 90
3
 90
1132
 90
1133
 90
1100
 90
3
 90
1100
 90
1133
 90
1101
 90
3
 90
1150
 90
1151
 90
1138
 90
3
 90
1136
 90
1137
 90
1138
 90
3
 90
1134
 90
1135
 90
1136
 90
3
 90
1146
 90
1134
 90
1136
 90
3
 90
1145
 90
1146
 90
1136
 90
3
 90
1144
 90
1145
 90
1136
 90
3
 90
1143
 90
1144
 90
1136
 90
3
 90
1141
 90
1142
 90
1143
 90
3
 90
1140
 90
1141
 90
1143
 90
3
 90
1139
 90
1140
 90
1143
 90
3
 90
1150
 90
1138
 90
1139
 90
3
 90
1149
 90
1150
 90
1139
 90
3
 90
1148
 90
1149
 90
1139
 90
3
 90
1136
 90
1138
 90
1151
 90
3
 90
1148
 90
1139
 90
1143
 90
3
 90
1147
 90
1148
 90
1143
 90
3
 90
1157
 90
1147
 90
1143
 90
3
 90
1156
 90
1157
 90
1143
 90
3
 90
1155
 90
1156
 90
1143
 90
3
 90
1154
 90
1155
 90
1143
 90
3
 90
1136
 90
1151
 90
1152
 90
3
 90
1154
 90
1143
 90
1136
 90
3
 90
1153
 90
1154
 90
1136
 90
3
 90
1152
 90
1153
 90
1136
 90
3
 90
1162
 90
1175
 90
1174
 90
3
 90
1162
 90
1161
 90
1160
 90
3
 90
1160
 90
1159
 90
1158
 90
3
 90
1160
 90
1158
 90
1170
 90
3
 90
1160
 90
1170
 90
1169
 90
3
 90
1160
 90
1169
 90
1168
 90
3
 90
1160
 90
1168
 90
1167
 90
3
 90
1167
 90
1166
 90
1165
 90
3
 90
1167
 90
1165
 90
1164
 90
3
 90
1167
 90
1164
 90
1163
 90
3
 90
1163
 90
1162
 90
1174
 90
3
 90
1163
 90
1174
 90
1173
 90
3
 90
1163
 90
1173
 90
1172
 90
3
 90
1175
 90
1162
 90
1160
 90
3
 90
1167
 90
1163
 90
1172
 90
3
 90
1167
 90
1172
 90
1171
 90
3
 90
1167
 90
1171
 90
1181
 90
3
 90
1167
 90
1181
 90
1180
 90
3
 90
1167
 90
1180
 90
1179
 90
3
 90
1167
 90
1179
 90
1178
 90
3
 90
1176
 90
1175
 90
1160
 90
3
 90
1160
 90
1167
 90
1178
 90
3
 90
1160
 90
1178
 90
1177
 90
3
 90
1160
 90
1177
 90
1176
 90
3
 90
1158
 90
1159
 90
1134
 90
3
 90
1134
 90
1159
 90
1135
 90
3
 90
1159
 90
1160
 90
1135
 90
3
 90
1135
 90
1160
 90
1136
 90
3
 90
1160
 90
1161
 90
1136
 90
3
 90
1136
 90
1161
 90
1137
 90
3
 90
1161
 90
1162
 90
1137
 90
3
 90
1137
 90
1162
 90
1138
 90
3
 90
1162
 90
1163
 90
1138
 90
3
 90
1138
 90
1163
 90
1139
 90
3
 90
1163
 90
1164
 90
1139
 90
3
 90
1139
 90
1164
 90
1140
 90
3
 90
1164
 90
1165
 90
1140
 90
3
 90
1140
 90
1165
 90
1141
 90
3
 90
1165
 90
1166
 90
1141
 90
3
 90
1141
 90
1166
 90
1142
 90
3
 90
1166
 90
1167
 90
1142
 90
3
 90
1142
 90
1167
 90
1143
 90
3
 90
1167
 90
1168
 90
1143
 90
3
 90
1143
 90
1168
 90
1144
 90
3
 90
1168
 90
1169
 90
1144
 90
3
 90
1144
 90
1169
 90
1145
 90
3
 90
1170
 90
1158
 90
1146
 90
3
 90
1146
 90
1158
 90
1134
 90
3
 90
1169
 90
1170
 90
1145
 90
3
 90
1145
 90
1170
 90
1146
 90
3
 90
1171
 90
1172
 90
1147
 90
3
 90
1147
 90
1172
 90
1148
 90
3
 90
1172
 90
1173
 90
1148
 90
3
 90
1148
 90
1173
 90
1149
 90
3
 90
1173
 90
1174
 90
1149
 90
3
 90
1149
 90
1174
 90
1150
 90
3
 90
1174
 90
1175
 90
1150
 90
3
 90
1150
 90
1175
 90
1151
 90
3
 90
1175
 90
1176
 90
1151
 90
3
 90
1151
 90
1176
 90
1152
 90
3
 90
1176
 90
1177
 90
1152
 90
3
 90
1152
 90
1177
 90
1153
 90
3
 90
1177
 90
1178
 90
1153
 90
3
 90
1153
 90
1178
 90
1154
 90
3
 90
1178
 90
1179
 90
1154
 90
3
 90
1154
 90
1179
 90
1155
 90
3
 90
1179
 90
1180
 90
1155
 90
3
 90
1155
 90
1180
 90
1156
 90
3
 90
1181
 90
1171
 90
1157
 90
3
 90
1157
 90
1171
 90
1147
 90
3
 90
1180
 90
1181
 90
1156
 90
3
 90
1156
 90
1181
 90
1157
 90
3
 90
1191
 90
1192
 90
1186
 90
3
 90
1185
 90
1186
 90
1192
 90
3
 90
1184
 90
1185
 90
1192
 90
3
 90
1183
 90
1184
 90
1192
 90
3
 90
1189
 90
1182
 90
1183
 90
3
 90
1188
 90
1189
 90
1183
 90
3
 90
1186
 90
1187
 90
1188
 90
3
 90
1191
 90
1186
 90
1188
 90
3
 90
1190
 90
1191
 90
1188
 90
3
 90
1183
 90
1192
 90
1190
 90
3
 90
1188
 90
1183
 90
1190
 90
3
 90
1197
 90
1203
 90
1202
 90
3
 90
1203
 90
1197
 90
1196
 90
3
 90
1203
 90
1196
 90
1195
 90
3
 90
1203
 90
1195
 90
1194
 90
3
 90
1194
 90
1193
 90
1200
 90
3
 90
1194
 90
1200
 90
1199
 90
3
 90
1199
 90
1198
 90
1197
 90
3
 90
1199
 90
1197
 90
1202
 90
3
 90
1199
 90
1202
 90
1201
 90
3
 90
1201
 90
1203
 90
1194
 90
3
 90
1201
 90
1194
 90
1199
 90
3
 90
1193
 90
1194
 90
1182
 90
3
 90
1182
 90
1194
 90
1183
 90
3
 90
1194
 90
1195
 90
1183
 90
3
 90
1183
 90
1195
 90
1184
 90
3
 90
1195
 90
1196
 90
1184
 90
3
 90
1184
 90
1196
 90
1185
 90
3
 90
1196
 90
1197
 90
1185
 90
3
 90
1185
 90
1197
 90
1186
 90
3
 90
1197
 90
1198
 90
1186
 90
3
 90
1186
 90
1198
 90
1187
 90
3
 90
1198
 90
1199
 90
1187
 90
3
 90
1187
 90
1199
 90
1188
 90
3
 90
1200
 90
1193
 90
1189
 90
3
 90
1189
 90
1193
 90
1182
 90
3
 90
1199
 90
1200
 90
1188
 90
3
 90
1188
 90
1200
 90
1189
 90
3
 90
1201
 90
1202
 90
1190
 90
3
 90
1190
 90
1202
 90
1191
 90
3
 90
1203
 90
1201
 90
1192
 90
3
 90
1192
 90
1201
 90
1190
 90
3
 90
1202
 90
1203
 90
1191
 90
3
 90
1191
 90
1203
 90
1192
 90
3
 90
1210
 90
1211
 90
1204
 90
3
 90
1209
 90
1210
 90
1204
 90
3
 90
1207
 90
1208
 90
1209
 90
3
 90
1206
 90
1207
 90
1209
 90
3
 90
1204
 90
1205
 90
1206
 90
3
 90
1209
 90
1204
 90
1206
 90
3
 90
1212
 90
1219
 90
1218
 90
3
 90
1212
 90
1218
 90
1217
 90
3
 90
1217
 90
1216
 90
1215
 90
3
 90
1217
 90
1215
 90
1214
 90
3
 90
1214
 90
1213
 90
1212
 90
3
 90
1214
 90
1212
 90
1217
 90
3
 90
1212
 90
1213
 90
1204
 90
3
 90
1204
 90
1213
 90
1205
 90
3
 90
1213
 90
1214
 90
1205
 90
3
 90
1205
 90
1214
 90
1206
 90
3
 90
1214
 90
1215
 90
1206
 90
3
 90
1206
 90
1215
 90
1207
 90
3
 90
1215
 90
1216
 90
1207
 90
3
 90
1207
 90
1216
 90
1208
 90
3
 90
1216
 90
1217
 90
1208
 90
3
 90
1208
 90
1217
 90
1209
 90
3
 90
1217
 90
1218
 90
1209
 90
3
 90
1209
 90
1218
 90
1210
 90
3
 90
1219
 90
1212
 90
1211
 90
3
 90
1211
 90
1212
 90
1204
 90
3
 90
1218
 90
1219
 90
1210
 90
3
 90
1210
 90
1219
 90
1211
 90
3
 90
1279
 90
1280
 90
1251
 90
3
 90
1278
 90
1279
 90
1251
 90
3
 90
1277
 90
1278
 90
1251
 90
3
 90
1251
 90
1280
 90
1281
 90
3
 90
1250
 90
1251
 90
1281
 90
3
 90
1249
 90
1250
 90
1281
 90
3
 90
1248
 90
1249
 90
1281
 90
3
 90
1247
 90
1248
 90
1281
 90
3
 90
1245
 90
1246
 90
1247
 90
3
 90
1244
 90
1245
 90
1247
 90
3
 90
1243
 90
1244
 90
1247
 90
3
 90
1267
 90
1243
 90
1247
 90
3
 90
1266
 90
1267
 90
1247
 90
3
 90
1265
 90
1266
 90
1247
 90
3
 90
1264
 90
1265
 90
1247
 90
3
 90
1263
 90
1264
 90
1247
 90
3
 90
1262
 90
1263
 90
1247
 90
3
 90
1243
 90
1267
 90
1252
 90
3
 90
1242
 90
1243
 90
1252
 90
3
 90
1241
 90
1242
 90
1252
 90
3
 90
1240
 90
1241
 90
1252
 90
3
 90
1239
 90
1240
 90
1252
 90
3
 90
1237
 90
1238
 90
1239
 90
3
 90
1236
 90
1237
 90
1239
 90
3
 90
1235
 90
1236
 90
1239
 90
3
 90
1234
 90
1235
 90
1239
 90
3
 90
1233
 90
1234
 90
1239
 90
3
 90
1231
 90
1232
 90
1233
 90
3
 90
1229
 90
1230
 90
1231
 90
3
 90
1228
 90
1229
 90
1231
 90
3
 90
1227
 90
1228
 90
1231
 90
3
 90
1226
 90
1227
 90
1231
 90
3
 90
1225
 90
1226
 90
1231
 90
3
 90
1224
 90
1225
 90
1231
 90
3
 90
1222
 90
1223
 90
1224
 90
3
 90
1221
 90
1222
 90
1224
 90
3
 90
1220
 90
1221
 90
1224
 90
3
 90
1251
 90
1220
 90
1224
 90
3
 90
1277
 90
1251
 90
1224
 90
3
 90
1276
 90
1277
 90
1224
 90
3
 90
1275
 90
1276
 90
1224
 90
3
 90
1274
 90
1275
 90
1224
 90
3
 90
1273
 90
1274
 90
1224
 90
3
 90
1272
 90
1273
 90
1224
 90
3
 90
1247
 90
1281
 90
1282
 90
3
 90
1262
 90
1247
 90
1282
 90
3
 90
1261
 90
1262
 90
1282
 90
3
 90
1239
 90
1252
 90
1253
 90
3
 90
1272
 90
1224
 90
1231
 90
3
 90
1271
 90
1272
 90
1231
 90
3
 90
1270
 90
1271
 90
1231
 90
3
 90
1269
 90
1270
 90
1231
 90
3
 90
1268
 90
1269
 90
1231
 90
3
 90
1283
 90
1268
 90
1231
 90
3
 90
1261
 90
1282
 90
1283
 90
3
 90
1239
 90
1253
 90
1254
 90
3
 90
1283
 90
1231
 90
1233
 90
3
 90
1261
 90
1283
 90
1233
 90
3
 90
1260
 90
1261
 90
1233
 90
3
 90
1259
 90
1260
 90
1233
 90
3
 90
1258
 90
1259
 90
1233
 90
3
 90
1257
 90
1258
 90
1233
 90
3
 90
1239
 90
1254
 90
1255
 90
3
 90
1257
 90
1233
 90
1239
 90
3
 90
1256
 90
1257
 90
1239
 90
3
 90
1255
 90
1256
 90
1239
 90
3
 90
1315
 90
1344
 90
1343
 90
3
 90
1315
 90
1343
 90
1342
 90
3
 90
1315
 90
1342
 90
1341
 90
3
 90
1345
 90
1344
 90
1315
 90
3
 90
1345
 90
1315
 90
1314
 90
3
 90
1345
 90
1314
 90
1313
 90
3
 90
1345
 90
1313
 90
1312
 90
3
 90
1345
 90
1312
 90
1311
 90
3
 90
1311
 90
1310
 90
1309
 90
3
 90
1311
 90
1309
 90
1308
 90
3
 90
1311
 90
1308
 90
1307
 90
3
 90
1311
 90
1307
 90
1331
 90
3
 90
1311
 90
1331
 90
1330
 90
3
 90
1311
 90
1330
 90
1329
 90
3
 90
1311
 90
1329
 90
1328
 90
3
 90
1311
 90
1328
 90
1327
 90
3
 90
1311
 90
1327
 90
1326
 90
3
 90
1316
 90
1331
 90
1307
 90
3
 90
1316
 90
1307
 90
1306
 90
3
 90
1316
 90
1306
 90
1305
 90
3
 90
1316
 90
1305
 90
1304
 90
3
 90
1316
 90
1304
 90
1303
 90
3
 90
1303
 90
1302
 90
1301
 90
3
 90
1303
 90
1301
 90
1300
 90
3
 90
1303
 90
1300
 90
1299
 90
3
 90
1303
 90
1299
 90
1298
 90
3
 90
1303
 90
1298
 90
1297
 90
3
 90
1297
 90
1296
 90
1295
 90
3
 90
1295
 90
1294
 90
1293
 90
3
 90
1295
 90
1293
 90
1292
 90
3
 90
1295
 90
1292
 90
1291
 90
3
 90
1295
 90
1291
 90
1290
 90
3
 90
1295
 90
1290
 90
1289
 90
3
 90
1295
 90
1289
 90
1288
 90
3
 90
1288
 90
1287
 90
1286
 90
3
 90
1288
 90
1286
 90
1285
 90
3
 90
1288
 90
1285
 90
1284
 90
3
 90
1288
 90
1284
 90
1315
 90
3
 90
1288
 90
1315
 90
1341
 90
3
 90
1288
 90
1341
 90
1340
 90
3
 90
1288
 90
1340
 90
1339
 90
3
 90
1288
 90
1339
 90
1338
 90
3
 90
1288
 90
1338
 90
1337
 90
3
 90
1288
 90
1337
 90
1336
 90
3
 90
1346
 90
1345
 90
1311
 90
3
 90
1346
 90
1311
 90
1326
 90
3
 90
1346
 90
1326
 90
1325
 90
3
 90
1317
 90
1316
 90
1303
 90
3
 90
1295
 90
1288
 90
1336
 90
3
 90
1295
 90
1336
 90
1335
 90
3
 90
1295
 90
1335
 90
1334
 90
3
 90
1295
 90
1334
 90
1333
 90
3
 90
1295
 90
1333
 90
1332
 90
3
 90
1295
 90
1332
 90
1347
 90
3
 90
1347
 90
1346
 90
1325
 90
3
 90
1318
 90
1317
 90
1303
 90
3
 90
1297
 90
1295
 90
1347
 90
3
 90
1297
 90
1347
 90
1325
 90
3
 90
1297
 90
1325
 90
1324
 90
3
 90
1297
 90
1324
 90
1323
 90
3
 90
1297
 90
1323
 90
1322
 90
3
 90
1297
 90
1322
 90
1321
 90
3
 90
1319
 90
1318
 90
1303
 90
3
 90
1303
 90
1297
 90
1321
 90
3
 90
1303
 90
1321
 90
1320
 90
3
 90
1303
 90
1320
 90
1319
 90
3
 90
1284
 90
1285
 90
1220
 90
3
 90
1220
 90
1285
 90
1221
 90
3
 90
1285
 90
1286
 90
1221
 90
3
 90
1221
 90
1286
 90
1222
 90
3
 90
1286
 90
1287
 90
1222
 90
3
 90
1222
 90
1287
 90
1223
 90
3
 90
1287
 90
1288
 90
1223
 90
3
 90
1223
 90
1288
 90
1224
 90
3
 90
1288
 90
1289
 90
1224
 90
3
 90
1224
 90
1289
 90
1225
 90
3
 90
1289
 90
1290
 90
1225
 90
3
 90
1225
 90
1290
 90
1226
 90
3
 90
1290
 90
1291
 90
1226
 90
3
 90
1226
 90
1291
 90
1227
 90
3
 90
1291
 90
1292
 90
1227
 90
3
 90
1227
 90
1292
 90
1228
 90
3
 90
1292
 90
1293
 90
1228
 90
3
 90
1228
 90
1293
 90
1229
 90
3
 90
1293
 90
1294
 90
1229
 90
3
 90
1229
 90
1294
 90
1230
 90
3
 90
1294
 90
1295
 90
1230
 90
3
 90
1230
 90
1295
 90
1231
 90
3
 90
1295
 90
1296
 90
1231
 90
3
 90
1231
 90
1296
 90
1232
 90
3
 90
1296
 90
1297
 90
1232
 90
3
 90
1232
 90
1297
 90
1233
 90
3
 90
1297
 90
1298
 90
1233
 90
3
 90
1233
 90
1298
 90
1234
 90
3
 90
1298
 90
1299
 90
1234
 90
3
 90
1234
 90
1299
 90
1235
 90
3
 90
1299
 90
1300
 90
1235
 90
3
 90
1235
 90
1300
 90
1236
 90
3
 90
1300
 90
1301
 90
1236
 90
3
 90
1236
 90
1301
 90
1237
 90
3
 90
1301
 90
1302
 90
1237
 90
3
 90
1237
 90
1302
 90
1238
 90
3
 90
1302
 90
1303
 90
1238
 90
3
 90
1238
 90
1303
 90
1239
 90
3
 90
1303
 90
1304
 90
1239
 90
3
 90
1239
 90
1304
 90
1240
 90
3
 90
1304
 90
1305
 90
1240
 90
3
 90
1240
 90
1305
 90
1241
 90
3
 90
1305
 90
1306
 90
1241
 90
3
 90
1241
 90
1306
 90
1242
 90
3
 90
1306
 90
1307
 90
1242
 90
3
 90
1242
 90
1307
 90
1243
 90
3
 90
1307
 90
1308
 90
1243
 90
3
 90
1243
 90
1308
 90
1244
 90
3
 90
1308
 90
1309
 90
1244
 90
3
 90
1244
 90
1309
 90
1245
 90
3
 90
1309
 90
1310
 90
1245
 90
3
 90
1245
 90
1310
 90
1246
 90
3
 90
1310
 90
1311
 90
1246
 90
3
 90
1246
 90
1311
 90
1247
 90
3
 90
1311
 90
1312
 90
1247
 90
3
 90
1247
 90
1312
 90
1248
 90
3
 90
1312
 90
1313
 90
1248
 90
3
 90
1248
 90
1313
 90
1249
 90
3
 90
1313
 90
1314
 90
1249
 90
3
 90
1249
 90
1314
 90
1250
 90
3
 90
1315
 90
1284
 90
1251
 90
3
 90
1251
 90
1284
 90
1220
 90
3
 90
1314
 90
1315
 90
1250
 90
3
 90
1250
 90
1315
 90
1251
 90
3
 90
1316
 90
1317
 90
1252
 90
3
 90
1252
 90
1317
 90
1253
 90
3
 90
1317
 90
1318
 90
1253
 90
3
 90
1253
 90
1318
 90
1254
 90
3
 90
1318
 90
1319
 90
1254
 90
3
 90
1254
 90
1319
 90
1255
 90
3
 90
1319
 90
1320
 90
1255
 90
3
 90
1255
 90
1320
 90
1256
 90
3
 90
1320
 90
1321
 90
1256
 90
3
 90
1256
 90
1321
 90
1257
 90
3
 90
1321
 90
1322
 90
1257
 90
3
 90
1257
 90
1322
 90
1258
 90
3
 90
1322
 90
1323
 90
1258
 90
3
 90
1258
 90
1323
 90
1259
 90
3
 90
1323
 90
1324
 90
1259
 90
3
 90
1259
 90
1324
 90
1260
 90
3
 90
1324
 90
1325
 90
1260
 90
3
 90
1260
 90
1325
 90
1261
 90
3
 90
1325
 90
1326
 90
1261
 90
3
 90
1261
 90
1326
 90
1262
 90
3
 90
1326
 90
1327
 90
1262
 90
3
 90
1262
 90
1327
 90
1263
 90
3
 90
1327
 90
1328
 90
1263
 90
3
 90
1263
 90
1328
 90
1264
 90
3
 90
1328
 90
1329
 90
1264
 90
3
 90
1264
 90
1329
 90
1265
 90
3
 90
1329
 90
1330
 90
1265
 90
3
 90
1265
 90
1330
 90
1266
 90
3
 90
1331
 90
1316
 90
1267
 90
3
 90
1267
 90
1316
 90
1252
 90
3
 90
1330
 90
1331
 90
1266
 90
3
 90
1266
 90
1331
 90
1267
 90
3
 90
1332
 90
1333
 90
1268
 90
3
 90
1268
 90
1333
 90
1269
 90
3
 90
1333
 90
1334
 90
1269
 90
3
 90
1269
 90
1334
 90
1270
 90
3
 90
1334
 90
1335
 90
1270
 90
3
 90
1270
 90
1335
 90
1271
 90
3
 90
1335
 90
1336
 90
1271
 90
3
 90
1271
 90
1336
 90
1272
 90
3
 90
1336
 90
1337
 90
1272
 90
3
 90
1272
 90
1337
 90
1273
 90
3
 90
1337
 90
1338
 90
1273
 90
3
 90
1273
 90
1338
 90
1274
 90
3
 90
1338
 90
1339
 90
1274
 90
3
 90
1274
 90
1339
 90
1275
 90
3
 90
1339
 90
1340
 90
1275
 90
3
 90
1275
 90
1340
 90
1276
 90
3
 90
1340
 90
1341
 90
1276
 90
3
 90
1276
 90
1341
 90
1277
 90
3
 90
1341
 90
1342
 90
1277
 90
3
 90
1277
 90
1342
 90
1278
 90
3
 90
1342
 90
1343
 90
1278
 90
3
 90
1278
 90
1343
 90
1279
 90
3
 90
1343
 90
1344
 90
1279
 90
3
 90
1279
 90
1344
 90
1280
 90
3
 90
1344
 90
1345
 90
1280
 90
3
 90
1280
 90
1345
 90
1281
 90
3
 90
1345
 90
1346
 90
1281
 90
3
 90
1281
 90
1346
 90
1282
 90
3
 90
1347
 90
1332
 90
1283
 90
3
 90
1283
 90
1332
 90
1268
 90
3
 90
1346
 90
1347
 90
1282
 90
3
 90
1282
 90
1347
 90
1283
 90
3
 90
1350
 90
1351
 90
1348
 90
3
 90
1349
 90
1350
 90
1348
 90
3
 90
1352
 90
1355
 90
1354
 90
3
 90
1352
 90
1354
 90
1353
 90
3
 90
1352
 90
1353
 90
1348
 90
3
 90
1348
 90
1353
 90
1349
 90
3
 90
1353
 90
1354
 90
1349
 90
3
 90
1349
 90
1354
 90
1350
 90
3
 90
1355
 90
1352
 90
1351
 90
3
 90
1351
 90
1352
 90
1348
 90
3
 90
1354
 90
1355
 90
1350
 90
3
 90
1350
 90
1355
 90
1351
 90
3
 90
1358
 90
1359
 90
1356
 90
3
 90
1357
 90
1358
 90
1356
 90
3
 90
1360
 90
1363
 90
1362
 90
3
 90
1360
 90
1362
 90
1361
 90
3
 90
1360
 90
1361
 90
1356
 90
3
 90
1356
 90
1361
 90
1357
 90
3
 90
1361
 90
1362
 90
1357
 90
3
 90
1357
 90
1362
 90
1358
 90
3
 90
1363
 90
1360
 90
1359
 90
3
 90
1359
 90
1360
 90
1356
 90
3
 90
1362
 90
1363
 90
1358
 90
3
 90
1358
 90
1363
 90
1359
 90
3
 90
1384
 90
1385
 90
1369
 90
3
 90
1383
 90
1384
 90
1369
 90
3
 90
1382
 90
1383
 90
1369
 90
3
 90
1369
 90
1385
 90
1386
 90
3
 90
1368
 90
1369
 90
1386
 90
3
 90
1367
 90
1368
 90
1386
 90
3
 90
1366
 90
1367
 90
1386
 90
3
 90
1364
 90
1365
 90
1366
 90
3
 90
1379
 90
1364
 90
1366
 90
3
 90
1378
 90
1379
 90
1366
 90
3
 90
1376
 90
1377
 90
1378
 90
3
 90
1375
 90
1376
 90
1378
 90
3
 90
1374
 90
1375
 90
1378
 90
3
 90
1373
 90
1374
 90
1378
 90
3
 90
1371
 90
1372
 90
1373
 90
3
 90
1370
 90
1371
 90
1373
 90
3
 90
1369
 90
1370
 90
1373
 90
3
 90
1382
 90
1369
 90
1373
 90
3
 90
1381
 90
1382
 90
1373
 90
3
 90
1380
 90
1381
 90
1373
 90
3
 90
1395
 90
1380
 90
1373
 90
3
 90
1366
 90
1386
 90
1387
 90
3
 90
1395
 90
1373
 90
1378
 90
3
 90
1394
 90
1395
 90
1378
 90
3
 90
1393
 90
1394
 90
1378
 90
3
 90
1392
 90
1393
 90
1378
 90
3
 90
1391
 90
1392
 90
1378
 90
3
 90
1390
 90
1391
 90
1378
 90
3
 90
1366
 90
1387
 90
1388
 90
3
 90
1390
 90
1378
 90
1366
 90
3
 90
1389
 90
1390
 90
1366
 90
3
 90
1388
 90
1389
 90
1366
 90
3
 90
1401
 90
1417
 90
1416
 90
3
 90
1401
 90
1416
 90
1415
 90
3
 90
1401
 90
1415
 90
1414
 90
3
 90
1418
 90
1417
 90
1401
 90
3
 90
1418
 90
1401
 90
1400
 90
3
 90
1418
 90
1400
 90
1399
 90
3
 90
1418
 90
1399
 90
1398
 90
3
 90
1398
 90
1397
 90
1396
 90
3
 90
1398
 90
1396
 90
1411
 90
3
 90
1398
 90
1411
 90
1410
 90
3
 90
1410
 90
1409
 90
1408
 90
3
 90
1410
 90
1408
 90
1407
 90
3
 90
1410
 90
1407
 90
1406
 90
3
 90
1410
 90
1406
 90
1405
 90
3
 90
1405
 90
1404
 90
1403
 90
3
 90
1405
 90
1403
 90
1402
 90
3
 90
1405
 90
1402
 90
1401
 90
3
 90
1405
 90
1401
 90
1414
 90
3
 90
1405
 90
1414
 90
1413
 90
3
 90
1405
 90
1413
 90
1412
 90
3
 90
1405
 90
1412
 90
1427
 90
3
 90
1419
 90
1418
 90
1398
 90
3
 90
1410
 90
1405
 90
1427
 90
3
 90
1410
 90
1427
 90
1426
 90
3
 90
1410
 90
1426
 90
1425
 90
3
 90
1410
 90
1425
 90
1424
 90
3
 90
1410
 90
1424
 90
1423
 90
3
 90
1410
 90
1423
 90
1422
 90
3
 90
1420
 90
1419
 90
1398
 90
3
 90
1398
 90
1410
 90
1422
 90
3
 90
1398
 90
1422
 90
1421
 90
3
 90
1398
 90
1421
 90
1420
 90
3
 90
1396
 90
1397
 90
1364
 90
3
 90
1364
 90
1397
 90
1365
 90
3
 90
1397
 90
1398
 90
1365
 90
3
 90
1365
 90
1398
 90
1366
 90
3
 90
1398
 90
1399
 90
1366
 90
3
 90
1366
 90
1399
 90
1367
 90
3
 90
1399
 90
1400
 90
1367
 90
3
 90
1367
 90
1400
 90
1368
 90
3
 90
1400
 90
1401
 90
1368
 90
3
 90
1368
 90
1401
 90
1369
 90
3
 90
1401
 90
1402
 90
1369
 90
3
 90
1369
 90
1402
 90
1370
 90
3
 90
1402
 90
1403
 90
1370
 90
3
 90
1370
 90
1403
 90
1371
 90
3
 90
1403
 90
1404
 90
1371
 90
3
 90
1371
 90
1404
 90
1372
 90
3
 90
1404
 90
1405
 90
1372
 90
3
 90
1372
 90
1405
 90
1373
 90
3
 90
1405
 90
1406
 90
1373
 90
3
 90
1373
 90
1406
 90
1374
 90
3
 90
1406
 90
1407
 90
1374
 90
3
 90
1374
 90
1407
 90
1375
 90
3
 90
1407
 90
1408
 90
1375
 90
3
 90
1375
 90
1408
 90
1376
 90
3
 90
1408
 90
1409
 90
1376
 90
3
 90
1376
 90
1409
 90
1377
 90
3
 90
1409
 90
1410
 90
1377
 90
3
 90
1377
 90
1410
 90
1378
 90
3
 90
1411
 90
1396
 90
1379
 90
3
 90
1379
 90
1396
 90
1364
 90
3
 90
1410
 90
1411
 90
1378
 90
3
 90
1378
 90
1411
 90
1379
 90
3
 90
1412
 90
1413
 90
1380
 90
3
 90
1380
 90
1413
 90
1381
 90
3
 90
1413
 90
1414
 90
1381
 90
3
 90
1381
 90
1414
 90
1382
 90
3
 90
1414
 90
1415
 90
1382
 90
3
 90
1382
 90
1415
 90
1383
 90
3
 90
1415
 90
1416
 90
1383
 90
3
 90
1383
 90
1416
 90
1384
 90
3
 90
1416
 90
1417
 90
1384
 90
3
 90
1384
 90
1417
 90
1385
 90
3
 90
1417
 90
1418
 90
1385
 90
3
 90
1385
 90
1418
 90
1386
 90
3
 90
1418
 90
1419
 90
1386
 90
3
 90
1386
 90
1419
 90
1387
 90
3
 90
1419
 90
1420
 90
1387
 90
3
 90
1387
 90
1420
 90
1388
 90
3
 90
1420
 90
1421
 90
1388
 90
3
 90
1388
 90
1421
 90
1389
 90
3
 90
1421
 90
1422
 90
1389
 90
3
 90
1389
 90
1422
 90
1390
 90
3
 90
1422
 90
1423
 90
1390
 90
3
 90
1390
 90
1423
 90
1391
 90
3
 90
1423
 90
1424
 90
1391
 90
3
 90
1391
 90
1424
 90
1392
 90
3
 90
1424
 90
1425
 90
1392
 90
3
 90
1392
 90
1425
 90
1393
 90
3
 90
1425
 90
1426
 90
1393
 90
3
 90
1393
 90
1426
 90
1394
 90
3
 90
1427
 90
1412
 90
1395
 90
3
 90
1395
 90
1412
 90
1380
 90
3
 90
1426
 90
1427
 90
1394
 90
3
 90
1394
 90
1427
 90
1395
 90
3
 90
1430
 90
1431
 90
1428
 90
3
 90
1429
 90
1430
 90
1428
 90
3
 90
1432
 90
1435
 90
1434
 90
3
 90
1432
 90
1434
 90
1433
 90
3
 90
1432
 90
1433
 90
1428
 90
3
 90
1428
 90
1433
 90
1429
 90
3
 90
1433
 90
1434
 90
1429
 90
3
 90
1429
 90
1434
 90
1430
 90
3
 90
1435
 90
1432
 90
1431
 90
3
 90
1431
 90
1432
 90
1428
 90
3
 90
1434
 90
1435
 90
1430
 90
3
 90
1430
 90
1435
 90
1431
 90
3
 90
1438
 90
1439
 90
1436
 90
3
 90
1437
 90
1438
 90
1436
 90
3
 90
1440
 90
1443
 90
1442
 90
3
 90
1440
 90
1442
 90
1441
 90
3
 90
1440
 90
1441
 90
1436
 90
3
 90
1436
 90
1441
 90
1437
 90
3
 90
1441
 90
1442
 90
1437
 90
3
 90
1437
 90
1442
 90
1438
 90
3
 90
1443
 90
1440
 90
1439
 90
3
 90
1439
 90
1440
 90
1436
 90
3
 90
1442
 90
1443
 90
1438
 90
3
 90
1438
 90
1443
 90
1439
 90
3
 90
1445
 90
1444
 90
1448
 90
3
 90
1445
 90
1448
 90
1446
 90
3
 90
1446
 90
1448
 90
1449
 90
3
 90
1446
 90
1449
 90
1447
 90
3
 90
1448
 90
1444
 90
1450
 90
3
 90
1448
 90
1450
 90
1449
 90
3
 90
1449
 90
1450
 90
1451
 90
3
 90
1449
 90
1451
 90
1447
 90
3
 90
1450
 90
1444
 90
1452
 90
3
 90
1450
 90
1452
 90
1451
 90
3
 90
1451
 90
1452
 90
1453
 90
3
 90
1451
 90
1453
 90
1447
 90
3
 90
1452
 90
1444
 90
1454
 90
3
 90
1452
 90
1454
 90
1453
 90
3
 90
1453
 90
1454
 90
1455
 90
3
 90
1453
 90
1455
 90
1447
 90
3
 90
1454
 90
1444
 90
1456
 90
3
 90
1454
 90
1456
 90
1455
 90
3
 90
1455
 90
1456
 90
1457
 90
3
 90
1455
 90
1457
 90
1447
 90
3
 90
1456
 90
1444
 90
1458
 90
3
 90
1456
 90
1458
 90
1457
 90
3
 90
1457
 90
1458
 90
1459
 90
3
 90
1457
 90
1459
 90
1447
 90
3
 90
1458
 90
1444
 90
1460
 90
3
 90
1458
 90
1460
 90
1459
 90
3
 90
1459
 90
1460
 90
1461
 90
3
 90
1459
 90
1461
 90
1447
 90
3
 90
1460
 90
1444
 90
1445
 90
3
 90
1460
 90
1445
 90
1461
 90
3
 90
1461
 90
1445
 90
1446
 90
3
 90
1461
 90
1446
 90
1447
 90
3
 90
1462
 90
1499
 90
1478
 90
3
 90
1499
 90
1473
 90
1502
 90
3
 90
1478
 90
1502
 90
1467
 90
3
 90
1499
 90
1502
 90
1478
 90
3
 90
1462
 90
1478
 90
1474
 90
3
 90
1478
 90
1467
 90
1479
 90
3
 90
1474
 90
1479
 90
1463
 90
3
 90
1478
 90
1479
 90
1474
 90
3
 90
1462
 90
1474
 90
1483
 90
3
 90
1474
 90
1463
 90
1484
 90
3
 90
1483
 90
1484
 90
1469
 90
3
 90
1474
 90
1484
 90
1483
 90
3
 90
1462
 90
1483
 90
1495
 90
3
 90
1483
 90
1469
 90
1498
 90
3
 90
1495
 90
1498
 90
1472
 90
3
 90
1483
 90
1498
 90
1495
 90
3
 90
1462
 90
1495
 90
1499
 90
3
 90
1495
 90
1472
 90
1503
 90
3
 90
1499
 90
1503
 90
1473
 90
3
 90
1495
 90
1503
 90
1499
 90
3
 90
1463
 90
1479
 90
1490
 90
3
 90
1479
 90
1467
 90
1493
 90
3
 90
1490
 90
1493
 90
1471
 90
3
 90
1479
 90
1493
 90
1490
 90
3
 90
1467
 90
1502
 90
1480
 90
3
 90
1502
 90
1473
 90
1501
 90
3
 90
1480
 90
1501
 90
1466
 90
3
 90
1502
 90
1501
 90
1480
 90
3
 90
1473
 90
1503
 90
1500
 90
3
 90
1503
 90
1472
 90
1496
 90
3
 90
1500
 90
1496
 90
1464
 90
3
 90
1503
 90
1496
 90
1500
 90
3
 90
1472
 90
1498
 90
1497
 90
3
 90
1498
 90
1469
 90
1485
 90
3
 90
1497
 90
1485
 90
1468
 90
3
 90
1498
 90
1485
 90
1497
 90
3
 90
1469
 90
1484
 90
1489
 90
3
 90
1484
 90
1463
 90
1486
 90
3
 90
1489
 90
1486
 90
1470
 90
3
 90
1484
 90
1486
 90
1489
 90
3
 90
1465
 90
1491
 90
1477
 90
3
 90
1491
 90
1471
 90
1492
 90
3
 90
1477
 90
1492
 90
1466
 90
3
 90
1491
 90
1492
 90
1477
 90
3
 90
1465
 90
1477
 90
1475
 90
3
 90
1477
 90
1466
 90
1476
 90
3
 90
1475
 90
1476
 90
1464
 90
3
 90
1477
 90
1476
 90
1475
 90
3
 90
1465
 90
1475
 90
1482
 90
3
 90
1475
 90
1464
 90
1481
 90
3
 90
1482
 90
1481
 90
1468
 90
3
 90
1475
 90
1481
 90
1482
 90
3
 90
1465
 90
1482
 90
1487
 90
3
 90
1482
 90
1468
 90
1488
 90
3
 90
1487
 90
1488
 90
1470
 90
3
 90
1482
 90
1488
 90
1487
 90
3
 90
1465
 90
1487
 90
1491
 90
3
 90
1487
 90
1470
 90
1494
 90
3
 90
1491
 90
1494
 90
1471
 90
3
 90
1487
 90
1494
 90
1491
 90
3
 90
1466
 90
1492
 90
1480
 90
3
 90
1492
 90
1471
 90
1493
 90
3
 90
1480
 90
1493
 90
1467
 90
3
 90
1492
 90
1493
 90
1480
 90
3
 90
1464
 90
1476
 90
1500
 90
3
 90
1476
 90
1466
 90
1501
 90
3
 90
1500
 90
1501
 90
1473
 90
3
 90
1476
 90
1501
 90
1500
 90
3
 90
1468
 90
1481
 90
1497
 90
3
 90
1481
 90
1464
 90
1496
 90
3
 90
1497
 90
1496
 90
1472
 90
3
 90
1481
 90
1496
 90
1497
 90
3
 90
1470
 90
1488
 90
1489
 90
3
 90
1488
 90
1468
 90
1485
 90
3
 90
1489
 90
1485
 90
1469
 90
3
 90
1488
 90
1485
 90
1489
 90
3
 90
1471
 90
1494
 90
1490
 90
3
 90
1494
 90
1470
 90
1486
 90
3
 90
1490
 90
1486
 90
1463
 90
3
 90
1494
 90
1486
 90
1490
 94
0
 95
0
 90
0
  0
MESH
  5
A1
330
17
100
AcDbEntity
  8
3D-LABEL
100
AcDbSubDMesh
 71
2
 72
0
 91
0
 92
2128
 10
164.51103378201032
 20
51.79387649448493
 30
44.57403120713306
 10
164.61486963023142
 20
51.89771234270604
 30
44.50145211762688
 10
164.77891170462416
 20
52.06175441709879
 30
44.43975051440329
 10
165.0505027865614
 20
52.33334549903601
 30
44.3624828532236
 10
165.40351814794658
 20
52.6863608604212
 30
44.21432398834019
 10
165.63718195965234
 20
52.92002467212696
 30
44.0054012345679
 10
165.7680708258008
 20
53.05091353827541
 30
43.71621013374486
 10
165.81170044785028
 20
53.094543160324896
 30
43.32574588477366
 10
165.75096377034674
 20
53.033806482821355
 30
42.821255572702334
 10
165.56875373783612
 20
52.851596450310744
 30
42.46454903978052
 10
165.261755029494
 20
52.54459774196862
 30
42.25243805727023
 10
164.82665232449594
 20
52.109495036970564
 30
42.18173439643347
 10
164.5911319331285
 20
51.873974645603134
 30
42.197675540123456
 10
164.35455063909725
 20
51.63739335157188
 30
42.24549897119341
 10
164.1174388937341
 20
51.40028160620872
 30
42.32389188957476
 10
163.88032714837095
 20
51.163169860845564
 30
42.43304183813443
 10
163.88032714837095
 20
51.163169860845564
 30
43.19446587791495
 10
164.1134605087448
 20
51.396303221219405
 30
43.03843021262003
 10
164.33863709914002
 20
51.62147981161462
 30
42.925904492455416
 10
164.55598953238956
 20
51.838832244864186
 30
42.85838906035665
 10
164.76565042132646
 20
52.048493133801074
 30
42.83588391632373
 10
164.95011487199767
 20
52.232957584472295
 30
42.860452031893004
 10
165.08551257446734
 20
52.36835528694198
 30
42.934156378600825
 10
165.16866082074404
 20
52.451503533218656
 30
43.054183813443075
 10
165.19637690283625
 20
52.47921961531088
 30
43.21622085048011
 10
165.1775458805535
 20
52.46038859302813
 30
43.361191486625515
 10
165.12105281370523
 20
52.40389552617985
 30
43.4690286351166
 10
165.00819929284168
 20
52.29104200531629
 30
43.553610468106996
 10
164.82028690851305
 20
52.10312962098766
 30
43.628815157750346
 10
164.57309658784362
 20
51.85593930031824
 30
43.70608281893004
 10
164.251643080707
 20
51.53448579318161
 30
43.85199116941015
 10
164.0299144239692
 20
51.3127571364438
 30
44.06466478052126
 10
163.9014125888143
 20
51.18425530128893
 30
44.35348079561042
 10
163.85857864376268
 20
51.14142135623731
 30
44.72781635802469
 10
163.9182544186024
 20
51.20109713107703
 30
45.190297067901234
 10
164.09728174312158
 20
51.380124455596196
 30
45.532000171467764
 10
164.38823429867347
 20
51.67107701114808
 30
45.7429858967764
 10
164.78368576661134
 20
52.06652847908597
 30
45.81331447187929
 10
164.99069439888868
 20
52.27353711136331
 30
45.80243698559671
 10
165.20327277015107
 20
52.48611548262569
 30
45.76980452674897
 10
165.42234917022935
 20
52.70519188270396
 30
45.71560463820302
 10
165.64885188895434
 20
52.931694601428944
 30
45.64002486282579
 10
165.64885188895434
 20
52.931694601428944
 30
44.898855452674894
 10
165.447545608495
 20
52.73038832096962
 30
45.01194380144033
 10
165.25101339002285
 20
52.533856102497474
 30
45.09314986282579
 10
165.06270316719528
 20
52.345545879669906
 30
45.142661179698216
 10
164.8850019710059
 20
52.16784468348052
 30
45.15916495198903
 10
164.68608272154015
 20
51.96892543401478
 30
45.13684735082305
 10
164.54657402124818
 20
51.82941673372281
 30
45.069894547325106
 10
164.4646192904683
 20
51.747462002942925
 30
44.95661865569273
 10
164.437301046875
 20
51.720143759349625
 30
44.79383144718793
 10
164.45573423065883
 20
51.73857694313345
 30
44.668365269204386
 10
164.79387649448492
 20
51.51103378201031
 30
44.57403120713306
 10
164.89771234270603
 20
51.614869630231425
 30
44.50145211762688
 10
165.0617544170988
 20
51.77891170462417
 30
44.43975051440329
 10
165.333345499036
 20
52.05050278656139
 30
44.3624828532236
 10
165.6863608604212
 20
52.403518147946585
 30
44.21432398834019
 10
165.92002467212694
 20
52.63718195965234
 30
44.0054012345679
 10
166.0509135382754
 20
52.76807082580079
 30
43.71621013374486
 10
166.0945431603249
 20
52.81170044785028
 30
43.32574588477366
 10
166.03380648282135
 20
52.750963770346736
 30
42.821255572702334
 10
165.85159645031075
 20
52.568753737836126
 30
42.46454903978052
 10
165.54459774196863
 20
52.261755029494005
 30
42.25243805727023
 10
165.10949503697057
 20
51.826652324495946
 30
42.18173439643347
 10
164.87397464560314
 20
51.591131933128516
 30
42.197675540123456
 10
164.6373933515719
 20
51.35455063909726
 30
42.24549897119341
 10
164.40028160620872
 20
51.1174388937341
 30
42.32389188957476
 10
164.16316986084556
 20
50.880327148370945
 30
42.43304183813443
 10
164.16316986084556
 20
50.880327148370945
 30
43.19446587791495
 10
164.3963032212194
 20
51.11346050874479
 30
43.03843021262003
 10
164.62147981161462
 20
51.33863709914
 30
42.925904492455416
 10
164.8388322448642
 20
51.55598953238957
 30
42.85838906035665
 10
165.04849313380106
 20
51.765650421326455
 30
42.83588391632373
 10
165.2329575844723
 20
51.95011487199768
 30
42.860452031893004
 10
165.36835528694198
 20
52.08551257446736
 30
42.934156378600825
 10
165.45150353321864
 20
52.16866082074404
 30
43.054183813443075
 10
165.47921961531088
 20
52.19637690283626
 30
43.21622085048011
 10
165.4603885930281
 20
52.17754588055351
 30
43.361191486625515
 10
165.40389552617987
 20
52.121052813705234
 30
43.4690286351166
 10
165.29104200531629
 20
52.008199292841674
 30
43.553610468106996
 10
165.10312962098766
 20
51.82028690851304
 30
43.628815157750346
 10
164.85593930031823
 20
51.573096587843615
 30
43.70608281893004
 10
164.5344857931816
 20
51.251643080706984
 30
43.85199116941015
 10
164.3127571364438
 20
51.02991442396918
 30
44.06466478052126
 10
164.18425530128894
 20
50.90141258881431
 30
44.35348079561042
 10
164.14142135623732
 20
50.85857864376269
 30
44.72781635802469
 10
164.20109713107703
 20
50.91825441860241
 30
45.190297067901234
 10
164.3801244555962
 20
51.09728174312158
 30
45.532000171467764
 10
164.67107701114807
 20
51.38823429867346
 30
45.7429858967764
 10
165.06652847908597
 20
51.78368576661135
 30
45.81331447187929
 10
165.2735371113633
 20
51.99069439888869
 30
45.80243698559671
 10
165.4861154826257
 20
52.203272770151074
 30
45.76980452674897
 10
165.70519188270396
 20
52.42234917022934
 30
45.71560463820302
 10
165.93169460142894
 20
52.648851888954326
 30
45.64002486282579
 10
165.93169460142894
 20
52.648851888954326
 30
44.898855452674894
 10
165.7303883209696
 20
52.447545608495
 30
45.01194380144033
 10
165.53385610249748
 20
52.25101339002285
 30
45.09314986282579
 10
165.3455458796699
 20
52.06270316719529
 30
45.142661179698216
 10
165.16784468348052
 20
51.88500197100589
 30
45.15916495198903
 10
164.96892543401478
 20
51.68608272154016
 30
45.13684735082305
 10
164.8294167337228
 20
51.54657402124819
 30
45.069894547325106
 10
164.7474620029429
 20
51.464619290468306
 30
44.95661865569273
 10
164.72014375934964
 20
51.43730104687501
 30
44.79383144718793
 10
164.73857694313347
 20
51.455734230658834
 30
44.668365269204386
 10
166.37185705434578
 20
53.654699766820414
 30
42.25
 10
166.37185705434578
 20
53.654699766820414
 30
45.75030006858711
 10
167.00999000663188
 20
54.2928327191065
 30
45.75030006858711
 10
167.00999000663188
 20
54.2928327191065
 30
42.25
 10
166.6546997668204
 20
53.371857054345796
 30
42.25
 10
166.6546997668204
 20
53.371857054345796
 30
45.75030006858711
 10
167.29283271910649
 20
54.009990006631874
 30
45.75030006858711
 10
167.29283271910649
 20
54.009990006631874
 30
42.25
 10
169.87867080959376
 20
57.16151352206838
 30
43.29648919753087
 10
169.77191747904715
 20
57.054760191521765
 30
43.0044849537037
 10
169.62034101095426
 20
56.90318372342888
 30
42.74961419753087
 10
169.40152983654195
 20
56.684372549016565
 30
42.516873499657066
 10
169.1429348122365
 20
56.42577752471111
 30
42.36327589163237
 10
168.79482612567145
 20
56.07766883814607
 30
42.278318972908096
 10
168.30747396448038
 20
55.59031667695501
 30
42.25
 10
167.63486167562024
 20
54.91770438809487
 30
42.25
 10
167.63486167562024
 20
54.91770438809487
 30
45.75030006858711
 10
168.30747396448038
 20
55.59031667695501
 30
45.75030006858711
 10
168.79933496199268
 20
56.08217767446729
 30
45.72179355281207
 10
169.14717842289176
 20
56.430021135366374
 30
45.63627400548697
 10
169.40338641620363
 20
56.68622912867825
 30
45.4832390260631
 10
169.62034101095426
 20
56.90318372342888
 30
45.25068587105624
 10
169.77191747904715
 20
57.054760191521765
 30
44.99544002914952
 10
169.87867080959376
 20
57.16151352206838
 30
44.70381087105624
 10
169.9423249694228
 20
57.22516768189742
 30
44.374298053840874
 10
169.96354302269916
 20
57.24638573517376
 30
44.00390089163238
 10
169.9423249694228
 20
57.22516768189742
 30
43.6286276148834
 10
168.27299462790634
 20
55.55583734038095
 30
45.06764403292181
 10
168.27299462790634
 20
55.55583734038095
 30
42.93190586419753
 10
168.50161915195895
 20
55.784461864433574
 30
42.93190586419753
 10
168.84641251769958
 20
56.12925523017418
 30
43.00054655349794
 10
169.09890735168807
 20
56.38175006416269
 30
43.206468621399175
 10
169.25406436627134
 20
56.53690707874597
 30
43.5431080675583
 10
169.30578337113243
 20
56.58862608360706
 30
44.00390089163238
 10
169.2543295919373
 20
56.537172304411925
 30
44.46169302983539
 10
169.0999682543519
 20
56.38281096682651
 30
44.795331790123456
 10
168.84773864602934
 20
56.13058135850395
 30
44.99956597222222
 10
168.50161915195895
 20
55.784461864433574
 30
45.06764403292181
 10
170.1615135220684
 20
56.878670809593764
 30
43.29648919753087
 10
170.05476019152178
 20
56.77191747904715
 30
43.0044849537037
 10
169.90318372342887
 20
56.62034101095426
 30
42.74961419753087
 10
169.68437254901656
 20
56.40152983654195
 30
42.516873499657066
 10
169.42577752471112
 20
56.14293481223649
 30
42.36327589163237
 10
169.07766883814608
 20
55.79482612567145
 30
42.278318972908096
 10
168.590316676955
 20
55.307473964480394
 30
42.25
 10
167.91770438809488
 20
54.63486167562024
 30
42.25
 10
167.91770438809488
 20
54.63486167562024
 30
45.75030006858711
 10
168.590316676955
 20
55.307473964480394
 30
45.75030006858711
 10
169.0821776744673
 20
55.79933496199267
 30
45.72179355281207
 10
169.4300211353664
 20
56.147178422891756
 30
45.63627400548697
 10
169.68622912867824
 20
56.40338641620363
 30
45.4832390260631
 10
169.90318372342887
 20
56.62034101095426
 30
45.25068587105624
 10
170.05476019152178
 20
56.77191747904715
 30
44.99544002914952
 10
170.1615135220684
 20
56.878670809593764
 30
44.70381087105624
 10
170.2251676818974
 20
56.9423249694228
 30
44.374298053840874
 10
170.24638573517376
 20
56.96354302269914
 30
44.00390089163238
 10
170.2251676818974
 20
56.9423249694228
 30
43.6286276148834
 10
168.55583734038095
 20
55.27299462790633
 30
45.06764403292181
 10
168.55583734038095
 20
55.27299462790633
 30
42.93190586419753
 10
168.78446186443358
 20
55.501619151958955
 30
42.93190586419753
 10
169.12925523017418
 20
55.84641251769956
 30
43.00054655349794
 10
169.3817500641627
 20
56.09890735168807
 30
43.206468621399175
 10
169.53690707874597
 20
56.25406436627135
 30
43.5431080675583
 10
169.58862608360707
 20
56.30578337113244
 30
44.00390089163238
 10
169.5371723044119
 20
56.25432959193731
 30
44.46169302983539
 10
169.3828109668265
 20
56.09996825435189
 30
44.795331790123456
 10
169.13058135850395
 20
55.847738646029335
 30
44.99956597222222
 10
168.78446186443358
 20
55.501619151958955
 30
45.06764403292181
 10
172.21159576732794
 20
59.49443847980255
 30
42.25
 10
170.45314960205081
 20
57.73599231452543
 30
42.25
 10
170.45314960205081
 20
57.73599231452543
 30
45.75030006858711
 10
172.17499462542622
 20
59.457837337900855
 30
45.75030006858711
 10
172.17499462542622
 20
59.457837337900855
 30
45.06764403292181
 10
171.09128255433689
 20
58.37412526681152
 30
45.06764403292181
 10
171.09128255433689
 20
58.37412526681152
 30
44.41649519890261
 10
172.1108100142653
 20
59.39365272673991
 30
44.41649519890261
 10
172.1108100142653
 20
59.39365272673991
 30
43.73383916323731
 10
171.09128255433689
 20
58.37412526681152
 30
43.73383916323731
 10
171.09128255433689
 20
58.37412526681152
 30
42.93190586419753
 10
172.21159576732794
 20
59.49443847980255
 30
42.93190586419753
 10
172.49443847980254
 20
59.21159576732793
 30
42.25
 10
170.73599231452542
 20
57.453149602050814
 30
42.25
 10
170.73599231452542
 20
57.453149602050814
 30
45.75030006858711
 10
172.45783733790086
 20
59.17499462542624
 30
45.75030006858711
 10
172.45783733790086
 20
59.17499462542624
 30
45.06764403292181
 10
171.37412526681152
 20
58.0912825543369
 30
45.06764403292181
 10
171.37412526681152
 20
58.0912825543369
 30
44.41649519890261
 10
172.3936527267399
 20
59.11081001426529
 30
44.41649519890261
 10
172.3936527267399
 20
59.11081001426529
 30
43.73383916323731
 10
171.37412526681152
 20
58.0912825543369
 30
43.73383916323731
 10
171.37412526681152
 20
58.0912825543369
 30
42.93190586419753
 10
172.49443847980254
 20
59.21159576732793
 30
42.93190586419753
 10
173.9541283926478
 20
61.23697110512241
 30
45.75030006858711
 10
175.67597341602323
 20
62.95881612849783
 30
45.75030006858711
 10
175.67597341602323
 20
62.95881612849783
 30
45.06764403292181
 10
174.59226134493386
 20
61.87510405740849
 30
45.06764403292181
 10
174.59226134493386
 20
61.87510405740849
 30
44.41649519890261
 10
175.61178880486227
 20
62.89463151733688
 30
44.41649519890261
 10
175.61178880486227
 20
62.89463151733688
 30
43.73383916323731
 10
174.59226134493386
 20
61.87510405740849
 30
43.73383916323731
 10
174.59226134493386
 20
61.87510405740849
 30
42.25
 10
173.9541283926478
 20
61.23697110512241
 30
42.25
 10
174.2369711051224
 20
60.95412839264779
 30
45.75030006858711
 10
175.95881612849783
 20
62.67597341602321
 30
45.75030006858711
 10
175.95881612849783
 20
62.67597341602321
 30
45.06764403292181
 10
174.8751040574085
 20
61.592261344933874
 30
45.06764403292181
 10
174.8751040574085
 20
61.592261344933874
 30
44.41649519890261
 10
175.89463151733688
 20
62.611788804862265
 30
44.41649519890261
 10
175.89463151733688
 20
62.611788804862265
 30
43.73383916323731
 10
174.8751040574085
 20
61.592261344933874
 30
43.73383916323731
 10
174.8751040574085
 20
61.592261344933874
 30
42.25
 10
174.2369711051224
 20
60.95412839264779
 30
42.25
 10
178.07361343625024
 20
65.35645614872485
 30
44.214699074074076
 10
177.9252196761488
 20
65.20806238862342
 30
44.021154835390945
 10
177.71661968987573
 20
64.99946240235035
 30
43.88612397119341
 10
177.84074530154234
 20
65.12358801401696
 30
43.817295739026065
 10
177.95107917857933
 20
65.23392189105395
 30
43.69483024691358
 10
178.05557809096533
 20
65.33842080343996
 30
43.507850008573385
 10
178.16113790601517
 20
65.44398061848977
 30
43.24397719478738
 10
178.5075226257515
 20
65.79036533822611
 30
42.25
 10
177.82801446957654
 20
65.11085718205115
 30
42.25
 10
177.5261876617205
 20
64.80903037419515
 30
43.11944873113855
 10
177.43428696846735
 20
64.71712968094197
 30
43.34037422839506
 10
177.34106014688442
 20
64.62390285935902
 30
43.47803069272977
 10
177.2320523981772
 20
64.5148951106518
 30
43.55060978223594
 10
177.09174802088734
 20
64.37459073336197
 30
43.57480281207133
 10
176.91139456803842
 20
64.19423728051304
 30
43.57480281207133
 10
176.91139456803842
 20
64.19423728051304
 30
42.25
 10
176.27326161575232
 20
63.55610432822695
 30
42.25
 10
176.27326161575232
 20
63.55610432822695
 30
45.75030006858711
 10
177.2477007124685
 20
64.5305434249431
 30
45.75030006858711
 10
177.6713987138305
 20
64.95424142630513
 30
45.692161779835395
 10
177.96434046187704
 20
65.24718317435168
 30
45.51774691358025
 10
178.13541101641758
 20
65.41825372889221
 30
45.218428497942384
 10
178.19243453459777
 20
65.47527724707238
 30
44.784079218106996
 10
178.16272926001088
 20
65.4455719724855
 30
44.46844457304527
 10
176.91139456803842
 20
64.19423728051304
 30
44.198195301783265
 10
177.17980294198418
 20
64.46264565445881
 30
44.198195301783265
 10
177.35193439918854
 20
64.63477711166315
 30
44.22445130315501
 10
177.46730756387865
 20
64.75015027635328
 30
44.30321930727023
 10
177.53255307770343
 20
64.81539579017804
 30
44.44293874314129
 10
177.5543015823117
 20
64.8371442947863
 30
44.65054869684499
 10
177.53255307770343
 20
64.81539579017804
 30
44.85572059327846
 10
177.46730756387865
 20
64.75015027635328
 30
44.9926268861454
 10
177.35193439918854
 20
64.63477711166315
 30
45.070269633058984
 10
177.17980294198418
 20
64.46264565445881
 30
45.09615054869685
 10
176.91139456803842
 20
64.19423728051304
 30
45.09615054869685
 10
178.35645614872485
 20
65.07361343625023
 30
44.214699074074076
 10
178.2080623886234
 20
64.9252196761488
 30
44.021154835390945
 10
177.99946240235033
 20
64.71661968987573
 30
43.88612397119341
 10
178.12358801401695
 20
64.84074530154234
 30
43.817295739026065
 10
178.23392189105397
 20
64.95107917857933
 30
43.69483024691358
 10
178.33842080343996
 20
65.05557809096534
 30
43.507850008573385
 10
178.44398061848977
 20
65.16113790601516
 30
43.24397719478738
 10
178.7903653382261
 20
65.50752262575149
 30
42.25
 10
178.11085718205115
 20
64.82801446957653
 30
42.25
 10
177.80903037419515
 20
64.52618766172053
 30
43.11944873113855
 10
177.71712968094198
 20
64.43428696846735
 30
43.34037422839506
 10
177.62390285935902
 20
64.3410601468844
 30
43.47803069272977
 10
177.5148951106518
 20
64.23205239817719
 30
43.55060978223594
 10
177.37459073336197
 20
64.09174802088735
 30
43.57480281207133
 10
177.19423728051302
 20
63.91139456803842
 30
43.57480281207133
 10
177.19423728051302
 20
63.91139456803842
 30
42.25
 10
176.55610432822695
 20
63.27326161575233
 30
42.25
 10
176.55610432822695
 20
63.27326161575233
 30
45.75030006858711
 10
177.53054342494312
 20
64.24770071246849
 30
45.75030006858711
 10
177.95424142630512
 20
64.67139871383051
 30
45.692161779835395
 10
178.24718317435168
 20
64.96434046187706
 30
45.51774691358025
 10
178.4182537288922
 20
65.13541101641759
 30
45.218428497942384
 10
178.47527724707237
 20
65.19243453459777
 30
44.784079218106996
 10
178.4455719724855
 20
65.16272926001088
 30
44.46844457304527
 10
177.19423728051302
 20
63.91139456803842
 30
44.198195301783265
 10
177.4626456544588
 20
64.17980294198418
 30
44.198195301783265
 10
177.63477711166314
 20
64.35193439918854
 30
44.22445130315501
 10
177.75015027635328
 20
64.46730756387866
 30
44.30321930727023
 10
177.81539579017806
 20
64.53255307770343
 30
44.44293874314129
 10
177.8371442947863
 20
64.55430158231168
 30
44.65054869684499
 10
177.81539579017806
 20
64.53255307770343
 30
44.85572059327846
 10
177.75015027635328
 20
64.46730756387866
 30
44.9926268861454
 10
177.63477711166314
 20
64.35193439918854
 30
45.070269633058984
 10
177.4626456544588
 20
64.17980294198418
 30
45.09615054869685
 10
177.19423728051302
 20
63.91139456803842
 30
45.09615054869685
 10
179.39125454471127
 20
66.67409725718589
 30
42.88764574759945
 10
179.23371049913442
 20
66.51655321160904
 30
42.25
 10
178.59186438752496
 20
65.87470709999958
 30
42.25
 10
179.5084842890631
 20
66.7913270015377
 30
45.75030006858711
 10
180.26968195035198
 20
67.55252466282658
 30
45.75030006858711
 10
181.18630185189008
 20
68.46914456436471
 30
42.25
 10
180.54498619161257
 20
67.82782890408717
 30
42.25
 10
180.38903350003142
 20
67.67187621250604
 30
42.88764574759945
 10
179.55038994428386
 20
66.83323265675848
 30
43.537294238683124
 10
180.2283067464631
 20
67.51114945893772
 30
43.537294238683124
 10
179.88987879670537
 20
67.17272150918001
 30
44.92961248285322
 10
179.6740972571859
 20
66.39125454471127
 30
42.88764574759945
 10
179.51655321160902
 20
66.23371049913442
 30
42.25
 10
178.8747070999996
 20
65.59186438752496
 30
42.25
 10
179.7913270015377
 20
66.50848428906309
 30
45.75030006858711
 10
180.55252466282658
 20
67.26968195035198
 30
45.75030006858711
 10
181.4691445643647
 20
68.1863018518901
 30
42.25
 10
180.82782890408717
 20
67.54498619161255
 30
42.25
 10
180.67187621250602
 20
67.38903350003142
 30
42.88764574759945
 10
179.8332326567585
 20
66.55038994428386
 30
43.537294238683124
 10
180.51114945893772
 20
67.22830674646309
 30
43.537294238683124
 10
180.17272150918
 20
66.88987879670539
 30
44.92961248285322
 10
183.09433529276544
 20
70.37717800524007
 30
42.922903806584365
 10
182.68960092651915
 20
69.97244363899378
 30
42.922903806584365
 10
182.11936574471738
 20
69.40220845719199
 30
44.81033521947874
 10
182.11936574471738
 20
69.40220845719199
 30
42.25
 10
181.51465122634153
 20
68.79749393881615
 30
42.25
 10
181.51465122634153
 20
68.79749393881615
 30
45.75030006858711
 10
182.32677221549363
 20
69.60961492796827
 30
45.75030006858711
 10
182.89011152998063
 20
70.17295424245523
 30
43.87712191358025
 10
183.45716400379095
 20
70.74000671626555
 30
45.75030006858711
 10
184.26769363894732
 20
71.55053635142195
 30
45.75030006858711
 10
184.26769363894732
 20
71.55053635142195
 30
42.25
 10
183.66457047456723
 20
70.94741318704183
 30
42.25
 10
183.66457047456723
 20
70.94741318704183
 30
44.81033521947874
 10
183.37717800524007
 20
70.09433529276544
 30
42.922903806584365
 10
182.97244363899378
 20
69.68960092651915
 30
42.922903806584365
 10
182.402208457192
 20
69.11936574471737
 30
44.81033521947874
 10
182.402208457192
 20
69.11936574471737
 30
42.25
 10
181.79749393881616
 20
68.51465122634153
 30
42.25
 10
181.79749393881616
 20
68.51465122634153
 30
45.75030006858711
 10
182.60961492796827
 20
69.32677221549365
 30
45.75030006858711
 10
183.17295424245523
 20
69.89011152998062
 30
43.87712191358025
 10
183.74000671626555
 20
70.45716400379095
 30
45.75030006858711
 10
184.55053635142195
 20
71.26769363894734
 30
45.75030006858711
 10
184.55053635142195
 20
71.26769363894734
 30
42.25
 10
183.94741318704183
 20
70.66457047456723
 30
42.25
 10
183.94741318704183
 20
70.66457047456723
 30
44.81033521947874
 10
185.5312287115537
 20
72.81407142402831
 30
42.93190586419753
 10
186.65154192454474
 20
73.93438463701935
 30
42.93190586419753
 10
186.65154192454474
 20
73.93438463701935
 30
42.25
 10
184.89309575926762
 20
72.17593847174223
 30
42.25
 10
184.89309575926762
 20
72.17593847174223
 30
45.75030006858711
 10
186.61494078264303
 20
73.89778349511765
 30
45.75030006858711
 10
186.61494078264303
 20
73.89778349511765
 30
45.06764403292181
 10
185.5312287115537
 20
72.81407142402831
 30
45.06764403292181
 10
185.5312287115537
 20
72.81407142402831
 30
44.41649519890261
 10
186.55075617148208
 20
73.83359888395671
 30
44.41649519890261
 10
186.55075617148208
 20
73.83359888395671
 30
43.73383916323731
 10
185.5312287115537
 20
72.81407142402831
 30
43.73383916323731
 10
185.81407142402833
 20
72.5312287115537
 30
42.93190586419753
 10
186.93438463701935
 20
73.65154192454473
 30
42.93190586419753
 10
186.93438463701935
 20
73.65154192454473
 30
42.25
 10
185.17593847174223
 20
71.89309575926761
 30
42.25
 10
185.17593847174223
 20
71.89309575926761
 30
45.75030006858711
 10
186.89778349511766
 20
73.61494078264303
 30
45.75030006858711
 10
186.89778349511766
 20
73.61494078264303
 30
45.06764403292181
 10
185.81407142402833
 20
72.5312287115537
 30
45.06764403292181
 10
185.81407142402833
 20
72.5312287115537
 30
44.41649519890261
 10
186.8335988839567
 20
73.55075617148209
 30
44.41649519890261
 10
186.8335988839567
 20
73.55075617148209
 30
43.73383916323731
 10
185.81407142402833
 20
72.5312287115537
 30
43.73383916323731
 10
188.64988470467753
 20
75.93272741715215
 30
45.330766675240056
 10
188.86935894325472
 20
76.15220165572934
 30
45.89283264746228
 10
189.36214823059785
 20
76.64499094307246
 30
45.89283264746228
 10
189.17649026442982
 20
76.45933297690443
 30
45.343707133058984
 10
189.04387743145267
 20
76.32672014392728
 30
44.806584362139915
 10
188.96430973166636
 20
76.247152444141
 30
44.27865119170096
 10
188.93778716507094
 20
76.22062987754556
 30
43.757094478738
 10
188.96404450600042
 20
76.24688721847502
 30
43.235725308641975
 10
189.04281652878885
 20
76.32565924126347
 30
42.706854423868315
 10
189.17516413610005
 20
76.45800684857467
 30
42.168418852880656
 10
189.36214823059785
 20
76.64499094307246
 30
41.61685528120713
 10
188.86935894325472
 20
76.15220165572934
 30
41.61685528120713
 10
188.64895641484668
 20
75.93179912732131
 30
42.18154685356653
 10
188.49486030292724
 20
75.77770301540185
 30
42.71735682441701
 10
188.40415312517086
 20
75.68699583764547
 30
43.2372256515775
 10
188.37391739925206
 20
75.65676011172668
 30
43.75259344993141
 10
188.40428573800384
 20
75.68712845047844
 30
44.26946159122085
 10
188.49539075425915
 20
75.77823346673375
 30
44.7923311042524
 10
188.93272741715214
 20
75.64988470467753
 30
45.330766675240056
 10
189.15220165572936
 20
75.86935894325472
 30
45.89283264746228
 10
189.64499094307246
 20
76.36214823059785
 30
45.89283264746228
 10
189.45933297690445
 20
76.17649026442982
 30
45.343707133058984
 10
189.32672014392728
 20
76.04387743145266
 30
44.806584362139915
 10
189.247152444141
 20
75.96430973166636
 30
44.27865119170096
 10
189.22062987754555
 20
75.93778716507094
 30
43.757094478738
 10
189.24688721847502
 20
75.96404450600042
 30
43.235725308641975
 10
189.32565924126345
 20
76.04281652878885
 30
42.706854423868315
 10
189.45800684857466
 20
76.17516413610005
 30
42.168418852880656
 10
189.64499094307246
 20
76.36214823059785
 30
41.61685528120713
 10
189.15220165572936
 20
75.86935894325472
 30
41.61685528120713
 10
188.9317991273213
 20
75.64895641484668
 30
42.18154685356653
 10
188.77770301540184
 20
75.49486030292724
 30
42.71735682441701
 10
188.68699583764547
 20
75.40415312517085
 30
43.2372256515775
 10
188.65676011172667
 20
75.37391739925206
 30
43.75259344993141
 10
188.68712845047844
 20
75.40428573800384
 30
44.26946159122085
 10
188.77823346673375
 20
75.49539075425915
 30
44.7923311042524
 10
189.65018330382424
 20
76.93302601629885
 30
45.06764403292181
 10
189.65018330382424
 20
76.93302601629885
 30
45.75030006858711
 10
191.9162713937379
 20
79.19911410621252
 30
45.75030006858711
 10
191.93112403103135
 20
79.21396674350596
 30
45.71842094381871
 10
191.93112403103135
 20
79.21396674350596
 30
45.06764403292181
 10
191.1105158205687
 20
78.39335853304331
 30
45.06764403292181
 10
191.1105158205687
 20
78.39335853304331
 30
42.25
 10
190.4723828682826
 20
77.75522558075723
 30
42.25
 10
190.4723828682826
 20
77.75522558075723
 30
45.06764403292181
 10
189.93302601629884
 20
76.65018330382424
 30
45.06764403292181
 10
189.93302601629884
 20
76.65018330382424
 30
45.75030006858711
 10
192.19911410621253
 20
78.9162713937379
 30
45.75030006858711
 10
192.21396674350598
 20
78.93112403103135
 30
45.71842094381871
 10
192.21396674350598
 20
78.93112403103135
 30
45.06764403292181
 10
191.3933585330433
 20
78.1105158205687
 30
45.06764403292181
 10
191.3933585330433
 20
78.1105158205687
 30
42.25
 10
190.75522558075724
 20
77.47238286828261
 30
42.25
 10
190.75522558075724
 20
77.47238286828261
 30
45.06764403292181
 10
192.85994431320336
 20
80.14278702567799
 30
42.25
 10
192.85994431320336
 20
80.14278702567799
 30
43.72483710562414
 10
191.93112403103135
 20
79.21396674350596
 30
45.71842094381871
 10
191.93112403103135
 20
79.21396674350596
 30
45.75030006858711
 10
192.61434534652966
 20
79.89718805900429
 30
45.75030006858711
 10
193.17821511234854
 20
80.46105782482317
 30
44.50276491769547
 10
193.7415544268355
 20
81.02439713931014
 30
45.75030006858711
 10
194.441219733623
 20
81.72406244609762
 30
45.75030006858711
 10
193.49807726548946
 20
80.78091997796407
 30
43.72483710562414
 10
193.49807726548946
 20
80.78091997796407
 30
42.25
 10
193.142787025678
 20
79.85994431320337
 30
42.25
 10
193.142787025678
 20
79.85994431320337
 30
43.72483710562414
 10
192.21396674350598
 20
78.93112403103135
 30
45.71842094381871
 10
192.21396674350598
 20
78.93112403103135
 30
45.75030006858711
 10
192.8971880590043
 20
79.61434534652967
 30
45.75030006858711
 10
193.46105782482317
 20
80.17821511234854
 30
44.50276491769547
 10
194.02439713931014
 20
80.7415544268355
 30
45.75030006858711
 10
194.7240624460976
 20
81.441219733623
 30
45.75030006858711
 10
193.78091997796406
 20
80.49807726548946
 30
43.72483710562414
 10
193.78091997796406
 20
80.49807726548946
 30
42.25
 10
196.50361451208377
 20
83.78645722455838
 30
43.76084533607682
 10
196.19608535240974
 20
83.47892806488436
 30
43.538607038751714
 10
195.77848754136465
 20
83.06133025383929
 30
43.464527606310014
 10
195.3578396351611
 20
82.64068234763573
 30
43.464527606310014
 10
195.3578396351611
 20
82.64068234763573
 30
42.25
 10
194.71970668287503
 20
82.00254939534965
 30
42.25
 10
194.71970668287503
 20
82.00254939534965
 30
45.75030006858711
 10
195.77848754136465
 20
83.06133025383929
 30
45.75030006858711
 10
196.19608535240974
 20
83.47892806488436
 30
45.67603309327846
 10
196.50361451208377
 20
83.78645722455838
 30
45.45323216735254
 10
196.69338347607408
 20
83.9762261885487
 30
45.093900034293554
 10
196.75663979740418
 20
84.0394825098788
 30
44.608539094650205
 10
196.69338347607408
 20
83.9762261885487
 30
44.12092764060357
 10
196.07355109473883
 20
83.35639380721345
 30
44.81577396262003
 10
195.99756394144293
 20
83.28040665391754
 30
44.96937157064472
 10
195.87516229660503
 20
83.15800500907963
 30
45.064455804183815
 10
195.71058977088035
 20
82.99343248335498
 30
45.09615054869685
 10
195.3578396351611
 20
82.64068234763573
 30
45.09615054869685
 10
195.3578396351611
 20
82.64068234763573
 30
44.118677126200275
 10
195.71058977088035
 20
82.99343248335498
 30
44.118677126200275
 10
195.87516229660503
 20
83.15800500907963
 30
44.15055941358025
 10
195.99756394144293
 20
83.28040665391754
 30
44.24620627572016
 10
196.07355109473883
 20
83.35639380721345
 30
44.40055405521262
 10
196.09888014583748
 20
83.38172285831209
 30
44.608539094650205
 10
196.78645722455838
 20
83.50361451208377
 30
43.76084533607682
 10
196.47892806488437
 20
83.19608535240974
 30
43.538607038751714
 10
196.0613302538393
 20
82.77848754136465
 30
43.464527606310014
 10
195.64068234763573
 20
82.35783963516111
 30
43.464527606310014
 10
195.64068234763573
 20
82.35783963516111
 30
42.25
 10
195.00254939534966
 20
81.71970668287503
 30
42.25
 10
195.00254939534966
 20
81.71970668287503
 30
45.75030006858711
 10
196.0613302538393
 20
82.77848754136465
 30
45.75030006858711
 10
196.47892806488437
 20
83.19608535240974
 30
45.67603309327846
 10
196.78645722455838
 20
83.50361451208377
 30
45.45323216735254
 10
196.9762261885487
 20
83.69338347607408
 30
45.093900034293554
 10
197.03948250987878
 20
83.75663979740418
 30
44.608539094650205
 10
196.9762261885487
 20
83.69338347607408
 30
44.12092764060357
 10
196.35639380721346
 20
83.07355109473883
 30
44.81577396262003
 10
196.28040665391754
 20
82.99756394144293
 30
44.96937157064472
 10
196.15800500907963
 20
82.87516229660501
 30
45.064455804183815
 10
195.99343248335498
 20
82.71058977088036
 30
45.09615054869685
 10
195.64068234763573
 20
82.35783963516111
 30
45.09615054869685
 10
195.64068234763573
 20
82.35783963516111
 30
44.118677126200275
 10
195.99343248335498
 20
82.71058977088036
 30
44.118677126200275
 10
196.15800500907963
 20
82.87516229660501
 30
44.15055941358025
 10
196.28040665391754
 20
82.99756394144293
 30
44.24620627572016
 10
196.35639380721346
 20
83.07355109473883
 30
44.40055405521262
 10
196.3817228583121
 20
83.09888014583748
 30
44.608539094650205
 10
197.21601065083706
 20
84.49885336331167
 30
42.25
 10
196.61925290243985
 20
83.90209561491446
 30
42.25
 10
196.61925290243985
 20
83.90209561491446
 30
43.15695730452675
 10
197.21601065083706
 20
84.49885336331167
 30
43.15695730452675
 10
197.49885336331167
 20
84.21601065083706
 30
42.25
 10
196.90209561491446
 20
83.61925290243985
 30
42.25
 10
196.90209561491446
 20
83.61925290243985
 30
43.15695730452675
 10
197.49885336331167
 20
84.21601065083706
 30
43.15695730452675
 10
201.09307943575726
 20
88.37592214823187
 30
43.253729423868315
 10
201.03260798391966
 20
88.3154506963943
 30
42.81169088648834
 10
200.85119362840692
 20
88.13403634088154
 30
42.4983067558299
 10
200.54618411255944
 20
87.82902682503408
 30
42.312076688957475
 10
200.11492717971774
 20
87.39776989219236
 30
42.25
 10
199.05614632122808
 20
86.33898903370272
 30
42.25
 10
199.05614632122808
 20
86.33898903370272
 30
45.75030006858711
 10
200.0141414266551
 20
87.29698413912972
 30
45.75030006858711
 10
200.45865964279452
 20
87.74150235526915
 30
45.695162465706446
 10
200.76101690198246
 20
88.04385961445706
 30
45.52974965706447
 10
200.93447448751658
 20
88.21731719999119
 30
45.24299661351166
 10
200.9922936826946
 20
88.27513639516923
 30
44.82383830589849
 10
200.97107562941827
 20
88.2539183418929
 30
44.58772183641975
 10
200.90742146958922
 20
88.19026418206386
 30
44.3894890260631
 10
200.80398345986703
 20
88.08682617234166
 30
44.233265817901234
 10
200.66235295424744
 20
87.94519566672206
 30
44.12317815500686
 10
200.8444303739251
 20
88.1272730863997
 30
44.002775634430726
 10
200.9800933020607
 20
88.26293601453533
 30
43.81110682441701
 10
201.0648329023331
 20
88.34767561480774
 30
43.55811149691358
 10
200.334136192629
 20
87.6169789051036
 30
44.60460069444444
 10
200.3536302790766
 20
87.63647299155124
 30
44.76532493141289
 10
200.334136192629
 20
87.6169789051036
 30
44.92454882544582
 10
200.27565393328604
 20
87.55849664576067
 30
45.040637860082306
 10
200.17977485504358
 20
87.46261756751818
 30
45.112091692386834
 10
200.04702940923343
 20
87.32987212170805
 30
45.13590963648834
 10
199.69427927351418
 20
86.97712198598882
 30
45.13590963648834
 10
199.69427927351418
 20
86.97712198598882
 30
44.39474022633745
 10
200.04702940923343
 20
87.32987212170805
 30
44.39474022633745
 10
200.17977485504358
 20
87.46261756751818
 30
44.41818308470508
 10
200.27565393328604
 20
87.55849664576067
 30
44.488511659807955
 10
200.43067833503636
 20
87.71352104751097
 30
43.12319958847737
 10
200.45494648347116
 20
87.7377891959458
 30
43.32574588477366
 10
200.4309435607023
 20
87.71378627317692
 30
43.52510395233196
 10
200.3589347923957
 20
87.64177750487033
 30
43.66707390260631
 10
200.23838972721947
 20
87.52123243969409
 30
43.75259344993141
 10
200.0687779138417
 20
87.3516206263163
 30
43.781099965706446
 10
199.69427927351418
 20
86.97712198598882
 30
43.781099965706446
 10
199.69427927351418
 20
86.97712198598882
 30
42.864390432098766
 10
200.0687779138417
 20
87.3516206263163
 30
42.864390432098766
 10
200.23706359888968
 20
87.51990631136431
 30
42.89308449074074
 10
200.35787388973188
 20
87.64071660220651
 30
42.979166666666664
 10
201.37592214823187
 20
88.09307943575726
 30
43.253729423868315
 10
201.3154506963943
 20
88.03260798391966
 30
42.81169088648834
 10
201.13403634088155
 20
87.85119362840692
 30
42.4983067558299
 10
200.82902682503408
 20
87.54618411255944
 30
42.312076688957475
 10
200.39776989219234
 20
87.11492717971774
 30
42.25
 10
199.33898903370272
 20
86.0561463212281
 30
42.25
 10
199.33898903370272
 20
86.0561463212281
 30
45.75030006858711
 10
200.29698413912973
 20
87.0141414266551
 30
45.75030006858711
 10
200.74150235526915
 20
87.45865964279452
 30
45.695162465706446
 10
201.04385961445706
 20
87.76101690198246
 30
45.52974965706447
 10
201.2173171999912
 20
87.93447448751657
 30
45.24299661351166
 10
201.27513639516923
 20
87.99229368269461
 30
44.82383830589849
 10
201.2539183418929
 20
87.97107562941827
 30
44.58772183641975
 10
201.19026418206386
 20
87.90742146958922
 30
44.3894890260631
 10
201.08682617234166
 20
87.80398345986704
 30
44.233265817901234
 10
200.94519566672204
 20
87.66235295424744
 30
44.12317815500686
 10
201.1272730863997
 20
87.84443037392508
 30
44.002775634430726
 10
201.26293601453534
 20
87.98009330206071
 30
43.81110682441701
 10
201.34767561480774
 20
88.06483290233311
 30
43.55811149691358
 10
200.6169789051036
 20
87.33413619262899
 30
44.60460069444444
 10
200.63647299155124
 20
87.35363027907661
 30
44.76532493141289
 10
200.6169789051036
 20
87.33413619262899
 30
44.92454882544582
 10
200.55849664576067
 20
87.27565393328605
 30
45.040637860082306
 10
200.46261756751818
 20
87.17977485504358
 30
45.112091692386834
 10
200.32987212170804
 20
87.04702940923343
 30
45.13590963648834
 10
199.97712198598882
 20
86.69427927351418
 30
45.13590963648834
 10
199.97712198598882
 20
86.69427927351418
 30
44.39474022633745
 10
200.32987212170804
 20
87.04702940923343
 30
44.39474022633745
 10
200.46261756751818
 20
87.17977485504358
 30
44.41818308470508
 10
200.55849664576067
 20
87.27565393328605
 30
44.488511659807955
 10
200.71352104751097
 20
87.43067833503635
 30
43.12319958847737
 10
200.7377891959458
 20
87.45494648347116
 30
43.32574588477366
 10
200.71378627317694
 20
87.4309435607023
 30
43.52510395233196
 10
200.64177750487033
 20
87.3589347923957
 30
43.66707390260631
 10
200.52123243969407
 20
87.23838972721947
 30
43.75259344993141
 10
200.3516206263163
 20
87.06877791384169
 30
43.781099965706446
 10
199.97712198598882
 20
86.69427927351418
 30
43.781099965706446
 10
199.97712198598882
 20
86.69427927351418
 30
42.864390432098766
 10
200.3516206263163
 20
87.06877791384169
 30
42.864390432098766
 10
200.5199063113643
 20
87.23706359888969
 30
42.89308449074074
 10
200.6407166022065
 20
87.35787388973188
 30
42.979166666666664
 10
203.96255591571702
 20
91.24539862819162
 30
44.75557270233196
 10
204.04716290315645
 20
91.33000561563105
 30
43.99639917695473
 10
203.96255591571702
 20
91.24539862819162
 30
43.23928862311386
 10
203.70873495339873
 20
90.99157766587334
 30
42.664844821673526
 10
203.30612239248006
 20
90.5889651049547
 30
42.302512002743484
 10
202.77407970657572
 20
90.05692241905032
 30
42.18173439643347
 10
202.2429653105022
 20
89.5258080229768
 30
42.302512002743484
 10
201.83995491108462
 20
89.12279762355922
 30
42.664844821673526
 10
201.5857361102674
 20
88.86857882274202
 30
43.23928862311386
 10
201.500996509995
 20
88.78383922246962
 30
43.99639917695473
 10
201.5857361102674
 20
88.86857882274202
 30
44.75557270233196
 10
201.83995491108462
 20
89.12279762355922
 30
45.33020404663923
 10
202.2429653105022
 20
89.5258080229768
 30
45.692536865569274
 10
202.77407970657572
 20
90.05692241905032
 30
45.81331447187929
 10
203.30612239248006
 20
90.5889651049547
 30
45.692536865569274
 10
203.70873495339873
 20
90.99157766587334
 30
45.33020404663923
 10
202.20105965528143
 20
89.48390236775603
 30
44.48776148834019
 10
202.16087796688933
 20
89.44372067936395
 30
43.99639917695473
 10
202.20105965528143
 20
89.48390236775603
 30
43.50709983710563
 10
202.32160472045766
 20
89.60444743293226
 30
43.14045353223594
 10
202.51508684377131
 20
89.79792955624595
 30
42.912026320301784
 10
202.77407970657572
 20
90.05692241905032
 30
42.83588391632373
 10
203.0342660848769
 20
90.31710879735151
 30
42.912026320301784
 10
203.2281460466895
 20
90.51098875916412
 30
43.14045353223594
 10
203.34869111186575
 20
90.63153382434035
 30
43.50709983710563
 10
203.38887280025781
 20
90.67171551273245
 30
43.99639917695473
 10
203.34869111186575
 20
90.63153382434035
 30
44.48776148834019
 10
203.2281460466895
 20
90.51098875916412
 30
44.85459533607682
 10
203.0342660848769
 20
90.31710879735151
 30
45.08302254801097
 10
202.77407970657572
 20
90.05692241905032
 30
45.15916495198903
 10
202.51508684377131
 20
89.79792955624595
 30
45.08302254801097
 10
202.32160472045766
 20
89.60444743293226
 30
44.85459533607682
 10
204.24539862819162
 20
90.962555915717
 30
44.75557270233196
 10
204.33000561563105
 20
91.04716290315643
 30
43.99639917695473
 10
204.24539862819162
 20
90.962555915717
 30
43.23928862311386
 10
203.99157766587334
 20
90.70873495339873
 30
42.664844821673526
 10
203.5889651049547
 20
90.30612239248006
 30
42.302512002743484
 10
203.05692241905032
 20
89.77407970657572
 30
42.18173439643347
 10
202.5258080229768
 20
89.2429653105022
 30
42.302512002743484
 10
202.12279762355922
 20
88.83995491108462
 30
42.664844821673526
 10
201.86857882274202
 20
88.58573611026739
 30
43.23928862311386
 10
201.78383922246962
 20
88.50099650999499
 30
43.99639917695473
 10
201.86857882274202
 20
88.58573611026739
 30
44.75557270233196
 10
202.12279762355922
 20
88.83995491108462
 30
45.33020404663923
 10
202.5258080229768
 20
89.2429653105022
 30
45.692536865569274
 10
203.05692241905032
 20
89.77407970657572
 30
45.81331447187929
 10
203.5889651049547
 20
90.30612239248006
 30
45.692536865569274
 10
203.99157766587334
 20
90.70873495339873
 30
45.33020404663923
 10
202.48390236775603
 20
89.20105965528141
 30
44.48776148834019
 10
202.44372067936393
 20
89.16087796688933
 30
43.99639917695473
 10
202.48390236775603
 20
89.20105965528141
 30
43.50709983710563
 10
202.60444743293226
 20
89.32160472045766
 30
43.14045353223594
 10
202.79792955624595
 20
89.51508684377133
 30
42.912026320301784
 10
203.05692241905032
 20
89.77407970657572
 30
42.83588391632373
 10
203.31710879735152
 20
90.03426608487689
 30
42.912026320301784
 10
203.51098875916412
 20
90.22814604668949
 30
43.14045353223594
 10
203.63153382434035
 20
90.34869111186575
 30
43.50709983710563
 10
203.67171551273245
 20
90.38887280025781
 30
43.99639917695473
 10
203.63153382434035
 20
90.34869111186575
 30
44.48776148834019
 10
203.51098875916412
 20
90.22814604668949
 30
44.85459533607682
 10
203.31710879735152
 20
90.03426608487689
 30
45.08302254801097
 10
203.05692241905032
 20
89.77407970657572
 30
45.15916495198903
 10
202.79792955624595
 20
89.51508684377133
 30
45.08302254801097
 10
202.60444743293226
 20
89.32160472045766
 30
44.85459533607682
 10
206.5153529505273
 20
93.7981956630019
 30
45.06764403292181
 10
205.69474474006464
 20
92.97758745253927
 30
45.06764403292181
 10
205.69474474006464
 20
92.97758745253927
 30
42.25
 10
205.05661178777856
 20
92.33945450025317
 30
42.25
 10
205.05661178777856
 20
92.33945450025317
 30
45.06764403292181
 10
204.2344122233202
 20
91.5172549357948
 30
45.06764403292181
 10
204.2344122233202
 20
91.5172549357948
 30
45.75030006858711
 10
206.5153529505273
 20
93.7981956630019
 30
45.75030006858711
 10
206.7981956630019
 20
93.5153529505273
 30
45.06764403292181
 10
205.97758745253927
 20
92.69474474006464
 30
45.06764403292181
 10
205.97758745253927
 20
92.69474474006464
 30
42.25
 10
205.33945450025317
 20
92.05661178777856
 30
42.25
 10
205.33945450025317
 20
92.05661178777856
 30
45.06764403292181
 10
204.5172549357948
 20
91.23441222332018
 30
45.06764403292181
 10
204.5172549357948
 20
91.23441222332018
 30
45.75030006858711
 10
206.7981956630019
 20
93.5153529505273
 30
45.75030006858711
 10
207.48395708259247
 20
94.76679979506707
 30
44.41649519890261
 10
208.42550819673028
 20
95.70835090920491
 30
44.41649519890261
 10
208.42550819673028
 20
95.70835090920491
 30
45.75030006858711
 10
209.06364114901635
 20
96.34648386149098
 30
45.75030006858711
 10
209.06364114901635
 20
96.34648386149098
 30
42.25
 10
208.42550819673028
 20
95.70835090920491
 30
42.25
 10
208.42550819673028
 20
95.70835090920491
 30
43.73383916323731
 10
207.48395708259247
 20
94.76679979506707
 30
43.73383916323731
 10
207.48395708259247
 20
94.76679979506707
 30
42.25
 10
206.84582413030637
 20
94.128666842781
 30
42.25
 10
206.84582413030637
 20
94.128666842781
 30
45.75030006858711
 10
207.48395708259247
 20
94.76679979506707
 30
45.75030006858711
 10
207.76679979506707
 20
94.48395708259247
 30
44.41649519890261
 10
208.7083509092049
 20
95.42550819673028
 30
44.41649519890261
 10
208.7083509092049
 20
95.42550819673028
 30
45.75030006858711
 10
209.34648386149098
 20
96.06364114901636
 30
45.75030006858711
 10
209.34648386149098
 20
96.06364114901636
 30
42.25
 10
208.7083509092049
 20
95.42550819673028
 30
42.25
 10
208.7083509092049
 20
95.42550819673028
 30
43.73383916323731
 10
207.76679979506707
 20
94.48395708259247
 30
43.73383916323731
 10
207.76679979506707
 20
94.48395708259247
 30
42.25
 10
207.128666842781
 20
93.84582413030637
 30
42.25
 10
207.128666842781
 20
93.84582413030637
 30
45.75030006858711
 10
207.76679979506707
 20
94.48395708259247
 30
45.75030006858711
 10
212.38930577441755
 20
99.67214848689216
 30
45.01194380144033
 10
212.1927735559454
 20
99.47561626842
 30
45.09314986282579
 10
212.00446333311783
 20
99.28730604559244
 30
45.142661179698216
 10
211.82676213692844
 20
99.10960484940306
 30
45.15916495198903
 10
211.62784288746272
 20
98.91068559993732
 30
45.13684735082305
 10
211.48833418717072
 20
98.77117689964535
 30
45.069894547325106
 10
211.40637945639085
 20
98.68922216886546
 30
44.95661865569273
 10
211.37906121279755
 20
98.66190392527217
 30
44.79383144718793
 10
211.39749439658138
 20
98.68033710905598
 30
44.668365269204386
 10
211.45279394793283
 20
98.73563666040747
 30
44.57403120713306
 10
211.55662979615397
 20
98.83947250862859
 30
44.50145211762688
 10
211.7206718705467
 20
99.00351458302131
 30
44.43975051440329
 10
211.99226295248394
 20
99.27510566495855
 30
44.3624828532236
 10
212.34527831386913
 20
99.62812102634373
 30
44.21432398834019
 10
212.57894212557488
 20
99.86178483804949
 30
44.0054012345679
 10
212.70983099172332
 20
99.99267370419795
 30
43.71621013374486
 10
212.7534606137728
 20
100.03630332624743
 30
43.32574588477366
 10
212.69272393626926
 20
99.9755666487439
 30
42.821255572702334
 10
212.51051390375866
 20
99.79335661623328
 30
42.46454903978052
 10
212.20351519541654
 20
99.48635790789116
 30
42.25243805727023
 10
211.76841249041848
 20
99.0512552028931
 30
42.18173439643347
 10
211.53289209905105
 20
98.81573481152569
 30
42.197675540123456
 10
211.2963108050198
 20
98.57915351749442
 30
42.24549897119341
 10
211.05919905965663
 20
98.34204177213127
 30
42.32389188957476
 10
210.82208731429347
 20
98.1049300267681
 30
42.43304183813443
 10
210.82208731429347
 20
98.1049300267681
 30
43.19446587791495
 10
211.05522067466734
 20
98.33806338714194
 30
43.03843021262003
 10
211.28039726506256
 20
98.56323997753717
 30
42.925904492455416
 10
211.4977496983121
 20
98.78059241078672
 30
42.85838906035665
 10
211.707410587249
 20
98.9902532997236
 30
42.83588391632373
 10
211.89187503792022
 20
99.17471775039485
 30
42.860452031893004
 10
212.0272727403899
 20
99.31011545286452
 30
42.934156378600825
 10
212.11042098666658
 20
99.39326369914119
 30
43.054183813443075
 10
212.1381370687588
 20
99.42097978123343
 30
43.21622085048011
 10
212.11930604647605
 20
99.40214875895066
 30
43.361191486625515
 10
212.06281297962778
 20
99.3456556921024
 30
43.4690286351166
 10
211.94995945876423
 20
99.23280217123883
 30
43.553610468106996
 10
211.76204707443557
 20
99.0448897869102
 30
43.628815157750346
 10
211.51485675376614
 20
98.79769946624077
 30
43.70608281893004
 10
211.19340324662954
 20
98.47624595910415
 30
43.85199116941015
 10
210.97167458989173
 20
98.25451730236634
 30
44.06466478052126
 10
210.84317275473686
 20
98.12601546721147
 30
44.35348079561042
 10
210.80033880968523
 20
98.08318152215986
 30
44.72781635802469
 10
210.86001458452495
 20
98.14285729699958
 30
45.190297067901234
 10
211.0390419090441
 20
98.32188462151873
 30
45.532000171467764
 10
211.329994464596
 20
98.61283717707062
 30
45.7429858967764
 10
211.7254459325339
 20
99.0082886450085
 30
45.81331447187929
 10
211.93245456481122
 20
99.21529727728586
 30
45.80243698559671
 10
212.14503293607362
 20
99.42787564854822
 30
45.76980452674897
 10
212.3641093361519
 20
99.6469520486265
 30
45.71560463820302
 10
212.59061205487686
 20
99.87345476735149
 30
45.64002486282579
 10
212.59061205487686
 20
99.87345476735149
 30
44.898855452674894
 10
212.67214848689216
 20
99.38930577441754
 30
45.01194380144033
 10
212.47561626842
 20
99.1927735559454
 30
45.09314986282579
 10
212.28730604559246
 20
99.00446333311783
 30
45.142661179698216
 10
212.10960484940307
 20
98.82676213692844
 30
45.15916495198903
 10
211.91068559993732
 20
98.62784288746272
 30
45.13684735082305
 10
211.77117689964535
 20
98.48833418717072
 30
45.069894547325106
 10
211.68922216886546
 20
98.40637945639085
 30
44.95661865569273
 10
211.66190392527216
 20
98.37906121279755
 30
44.79383144718793
 10
211.68033710905598
 20
98.39749439658138
 30
44.668365269204386
 10
211.73563666040747
 20
98.45279394793285
 30
44.57403120713306
 10
211.8394725086286
 20
98.55662979615397
 30
44.50145211762688
 10
212.0035145830213
 20
98.72067187054671
 30
44.43975051440329
 10
212.27510566495855
 20
98.99226295248393
 30
44.3624828532236
 10
212.62812102634373
 20
99.34527831386913
 30
44.21432398834019
 10
212.8617848380495
 20
99.57894212557488
 30
44.0054012345679
 10
212.99267370419795
 20
99.70983099172334
 30
43.71621013374486
 10
213.03630332624743
 20
99.75346061377282
 30
43.32574588477366
 10
212.9755666487439
 20
99.69272393626927
 30
42.821255572702334
 10
212.79335661623327
 20
99.51051390375866
 30
42.46454903978052
 10
212.48635790789115
 20
99.20351519541654
 30
42.25243805727023
 10
212.05125520289312
 20
98.76841249041848
 30
42.18173439643347
 10
211.8157348115257
 20
98.53289209905105
 30
42.197675540123456
 10
211.57915351749443
 20
98.2963108050198
 30
42.24549897119341
 10
211.34204177213127
 20
98.05919905965663
 30
42.32389188957476
 10
211.1049300267681
 20
97.82208731429348
 30
42.43304183813443
 10
211.1049300267681
 20
97.82208731429348
 30
43.19446587791495
 10
211.33806338714194
 20
98.05522067466734
 30
43.03843021262003
 10
211.56323997753717
 20
98.28039726506255
 30
42.925904492455416
 10
211.7805924107867
 20
98.4977496983121
 30
42.85838906035665
 10
211.9902532997236
 20
98.707410587249
 30
42.83588391632373
 10
212.17471775039485
 20
98.89187503792022
 30
42.860452031893004
 10
212.31011545286452
 20
99.02727274038989
 30
42.934156378600825
 10
212.3932636991412
 20
99.11042098666658
 30
43.054183813443075
 10
212.42097978123343
 20
99.1381370687588
 30
43.21622085048011
 10
212.40214875895066
 20
99.11930604647605
 30
43.361191486625515
 10
212.3456556921024
 20
99.06281297962778
 30
43.4690286351166
 10
212.23280217123883
 20
98.94995945876421
 30
43.553610468106996
 10
212.0448897869102
 20
98.76204707443557
 30
43.628815157750346
 10
211.79769946624077
 20
98.51485675376615
 30
43.70608281893004
 10
211.47624595910415
 20
98.19340324662954
 30
43.85199116941015
 10
211.25451730236634
 20
97.97167458989172
 30
44.06466478052126
 10
211.12601546721146
 20
97.84317275473686
 30
44.35348079561042
 10
211.08318152215986
 20
97.80033880968523
 30
44.72781635802469
 10
211.14285729699958
 20
97.86001458452495
 30
45.190297067901234
 10
211.32188462151873
 20
98.03904190904412
 30
45.532000171467764
 10
211.61283717707062
 20
98.32999446459601
 30
45.7429858967764
 10
212.00828864500852
 20
98.72544593253389
 30
45.81331447187929
 10
212.21529727728586
 20
98.93245456481122
 30
45.80243698559671
 10
212.42787564854822
 20
99.14503293607362
 30
45.76980452674897
 10
212.6469520486265
 20
99.36410933615188
 30
45.71560463820302
 10
212.8734547673515
 20
99.59061205487686
 30
45.64002486282579
 10
212.8734547673515
 20
99.59061205487686
 30
44.898855452674894
 10
213.95175017255443
 20
101.23459288502904
 30
42.25
 10
213.31361722026833
 20
100.59645993274295
 30
42.25
 10
213.31361722026833
 20
100.59645993274295
 30
45.75030006858711
 10
213.95175017255443
 20
101.23459288502904
 30
45.75030006858711
 10
214.23459288502903
 20
100.95175017255443
 30
42.25
 10
213.59645993274296
 20
100.31361722026833
 30
42.25
 10
213.59645993274296
 20
100.31361722026833
 30
45.75030006858711
 10
214.23459288502903
 20
100.95175017255443
 30
45.75030006858711
 10
215.74109512791523
 20
103.02393784038983
 30
45.72179355281207
 10
216.0889385888143
 20
103.37178130128893
 30
45.63627400548697
 10
216.34514658212618
 20
103.62798929460078
 30
45.4832390260631
 10
216.5621011768768
 20
103.84494388935141
 30
45.25068587105624
 10
216.7136776449697
 20
103.99652035744431
 30
44.99544002914952
 10
216.8204309755163
 20
104.10327368799092
 30
44.70381087105624
 10
216.88408513534534
 20
104.16692784781996
 30
44.374298053840874
 10
216.9053031886217
 20
104.1881459010963
 30
44.00390089163238
 10
216.88408513534534
 20
104.16692784781996
 30
43.6286276148834
 10
216.8204309755163
 20
104.10327368799092
 30
43.29648919753087
 10
216.7136776449697
 20
103.99652035744431
 30
43.0044849537037
 10
216.5621011768768
 20
103.84494388935141
 30
42.74961419753087
 10
216.3432900024645
 20
103.6261327149391
 30
42.516873499657066
 10
216.08469497815904
 20
103.36753769063365
 30
42.36327589163237
 10
215.736586291594
 20
103.0194290040686
 30
42.278318972908096
 10
215.24923413040293
 20
102.53207684287756
 30
42.25
 10
214.5766218415428
 20
101.8594645540174
 30
42.25
 10
214.5766218415428
 20
101.8594645540174
 30
45.75030006858711
 10
215.24923413040293
 20
102.53207684287756
 30
45.75030006858711
 10
215.4433793178815
 20
102.72622203035613
 30
42.93190586419753
 10
215.78817268362212
 20
103.07101539609673
 30
43.00054655349794
 10
216.04066751761061
 20
103.32351023008525
 30
43.206468621399175
 10
216.1958245321939
 20
103.47866724466851
 30
43.5431080675583
 10
216.24754353705498
 20
103.53038624952961
 30
44.00390089163238
 10
216.19608975785985
 20
103.47893247033446
 30
44.46169302983539
 10
216.04172842027444
 20
103.32457113274906
 30
44.795331790123456
 10
215.7894988119519
 20
103.07234152442649
 30
44.99956597222222
 10
215.4433793178815
 20
102.72622203035613
 30
45.06764403292181
 10
215.2147547938289
 20
102.49759750630349
 30
45.06764403292181
 10
215.2147547938289
 20
102.49759750630349
 30
42.93190586419753
 10
216.02393784038983
 20
102.74109512791522
 30
45.72179355281207
 10
216.37178130128893
 20
103.0889385888143
 30
45.63627400548697
 10
216.62798929460078
 20
103.34514658212616
 30
45.4832390260631
 10
216.8449438893514
 20
103.5621011768768
 30
45.25068587105624
 10
216.9965203574443
 20
103.71367764496969
 30
44.99544002914952
 10
217.1032736879909
 20
103.8204309755163
 30
44.70381087105624
 10
217.16692784781998
 20
103.88408513534534
 30
44.374298053840874
 10
217.1881459010963
 20
103.90530318862169
 30
44.00390089163238
 10
217.16692784781998
 20
103.88408513534534
 30
43.6286276148834
 10
217.1032736879909
 20
103.8204309755163
 30
43.29648919753087
 10
216.9965203574443
 20
103.71367764496969
 30
43.0044849537037
 10
216.8449438893514
 20
103.5621011768768
 30
42.74961419753087
 10
216.6261327149391
 20
103.3432900024645
 30
42.516873499657066
 10
216.36753769063364
 20
103.08469497815904
 30
42.36327589163237
 10
216.0194290040686
 20
102.736586291594
 30
42.278318972908096
 10
215.53207684287756
 20
102.24923413040293
 30
42.25
 10
214.8594645540174
 20
101.57662184154279
 30
42.25
 10
214.8594645540174
 20
101.57662184154279
 30
45.75030006858711
 10
215.53207684287756
 20
102.24923413040293
 30
45.75030006858711
 10
215.72622203035613
 20
102.4433793178815
 30
42.93190586419753
 10
216.07101539609673
 20
102.78817268362211
 30
43.00054655349794
 10
216.32351023008525
 20
103.04066751761061
 30
43.206468621399175
 10
216.47866724466851
 20
103.1958245321939
 30
43.5431080675583
 10
216.5303862495296
 20
103.24754353705498
 30
44.00390089163238
 10
216.47893247033446
 20
103.19608975785985
 30
44.46169302983539
 10
216.32457113274904
 20
103.04172842027444
 30
44.795331790123456
 10
216.0723415244265
 20
102.78949881195187
 30
44.99956597222222
 10
215.72622203035613
 20
102.4433793178815
 30
45.06764403292181
 10
215.4975975063035
 20
102.21475479382887
 30
45.06764403292181
 10
215.4975975063035
 20
102.21475479382887
 30
42.93190586419753
 10
219.11675479134877
 20
106.3995975038234
 30
45.75030006858711
 10
219.11675479134877
 20
106.3995975038234
 30
45.06764403292181
 10
218.03304272025946
 20
105.31588543273406
 30
45.06764403292181
 10
218.03304272025946
 20
105.31588543273406
 30
44.41649519890261
 10
219.05257018018784
 20
106.33541289266245
 30
44.41649519890261
 10
219.05257018018784
 20
106.33541289266245
 30
43.73383916323731
 10
218.03304272025946
 20
105.31588543273406
 30
43.73383916323731
 10
218.03304272025946
 20
105.31588543273406
 30
42.93190586419753
 10
219.15335593325048
 20
106.43619864572509
 30
42.93190586419753
 10
219.15335593325048
 20
106.43619864572509
 30
42.25
 10
217.39490976797336
 20
104.67775248044796
 30
42.25
 10
217.39490976797336
 20
104.67775248044796
 30
45.75030006858711
 10
219.3995975038234
 20
106.11675479134877
 30
45.75030006858711
 10
219.3995975038234
 20
106.11675479134877
 30
45.06764403292181
 10
218.31588543273406
 20
105.03304272025946
 30
45.06764403292181
 10
218.31588543273406
 20
105.03304272025946
 30
44.41649519890261
 10
219.33541289266245
 20
106.05257018018783
 30
44.41649519890261
 10
219.33541289266245
 20
106.05257018018783
 30
43.73383916323731
 10
218.31588543273406
 20
105.03304272025946
 30
43.73383916323731
 10
218.31588543273406
 20
105.03304272025946
 30
42.93190586419753
 10
219.43619864572509
 20
106.15335593325048
 30
42.93190586419753
 10
219.43619864572509
 20
106.15335593325048
 30
42.25
 10
217.67775248044796
 20
104.39490976797336
 30
42.25
 10
217.67775248044796
 20
104.39490976797336
 30
45.75030006858711
 10
221.43588801445333
 20
108.71873072692794
 30
44.898855452674894
 10
221.234581733994
 20
108.51742444646862
 30
45.01194380144033
 10
221.03804951552183
 20
108.32089222799647
 30
45.09314986282579
 10
220.84973929269427
 20
108.1325820051689
 30
45.142661179698216
 10
220.6720380965049
 20
107.95488080897951
 30
45.15916495198903
 10
220.47311884703916
 20
107.75596155951376
 30
45.13684735082305
 10
220.3336101467472
 20
107.6164528592218
 30
45.069894547325106
 10
220.2516554159673
 20
107.53449812844192
 30
44.95661865569273
 10
220.22433717237402
 20
107.50717988484863
 30
44.79383144718793
 10
220.24277035615782
 20
107.52561306863245
 30
44.668365269204386
 10
220.2980699075093
 20
107.58091261998392
 30
44.57403120713306
 10
220.40190575573044
 20
107.68474846820504
 30
44.50145211762688
 10
220.56594783012318
 20
107.84879054259778
 30
44.43975051440329
 10
220.83753891206038
 20
108.120381624535
 30
44.3624828532236
 10
221.19055427344557
 20
108.4733969859202
 30
44.21432398834019
 10
221.42421808515132
 20
108.70706079762596
 30
44.0054012345679
 10
221.5551069512998
 20
108.83794966377442
 30
43.71621013374486
 10
221.59873657334927
 20
108.8815792858239
 30
43.32574588477366
 10
221.53799989584573
 20
108.82084260832035
 30
42.821255572702334
 10
221.35578986333513
 20
108.63863257580974
 30
42.46454903978052
 10
221.048791154993
 20
108.33163386746762
 30
42.25243805727023
 10
220.61368844999492
 20
107.89653116246956
 30
42.18173439643347
 10
220.37816805862752
 20
107.66101077110214
 30
42.197675540123456
 10
220.14158676459627
 20
107.42442947707089
 30
42.24549897119341
 10
219.9044750192331
 20
107.18731773170774
 30
42.32389188957476
 10
219.66736327386994
 20
106.95020598634457
 30
42.43304183813443
 10
219.66736327386994
 20
106.95020598634457
 30
43.19446587791495
 10
219.90049663424378
 20
107.18333934671841
 30
43.03843021262003
 10
220.125673224639
 20
107.40851593711362
 30
42.925904492455416
 10
220.34302565788857
 20
107.62586837036318
 30
42.85838906035665
 10
220.55268654682547
 20
107.83552925930007
 30
42.83588391632373
 10
220.73715099749668
 20
108.01999370997129
 30
42.860452031893004
 10
220.87254869996636
 20
108.15539141244098
 30
42.934156378600825
 10
220.95569694624302
 20
108.23853965871766
 30
43.054183813443075
 10
220.98341302833526
 20
108.26625574080987
 30
43.21622085048011
 10
220.9645820060525
 20
108.24742471852713
 30
43.361191486625515
 10
220.90808893920422
 20
108.19093165167885
 30
43.4690286351166
 10
220.79523541834067
 20
108.07807813081529
 30
43.553610468106996
 10
220.60732303401204
 20
107.89016574648666
 30
43.628815157750346
 10
220.36013271334264
 20
107.64297542581724
 30
43.70608281893004
 10
220.03867920620598
 20
107.32152191868062
 30
43.85199116941015
 10
219.81695054946817
 20
107.09979326194279
 30
44.06466478052126
 10
219.68844871431332
 20
106.97129142678793
 30
44.35348079561042
 10
219.6456147692617
 20
106.9284574817363
 30
44.72781635802469
 10
219.70529054410142
 20
106.98813325657602
 30
45.190297067901234
 10
219.88431786862057
 20
107.16716058109519
 30
45.532000171467764
 10
220.17527042417245
 20
107.45811313664707
 30
45.7429858967764
 10
220.57072189211033
 20
107.85356460458496
 30
45.81331447187929
 10
220.7777305243877
 20
108.0605732368623
 30
45.80243698559671
 10
220.9903088956501
 20
108.27315160812469
 30
45.76980452674897
 10
221.20938529572834
 20
108.49222800820297
 30
45.71560463820302
 10
221.43588801445333
 20
108.71873072692794
 30
45.64002486282579
 10
221.71873072692796
 20
108.43588801445333
 30
44.898855452674894
 10
221.51742444646862
 20
108.23458173399399
 30
45.01194380144033
 10
221.32089222799647
 20
108.03804951552185
 30
45.09314986282579
 10
221.1325820051689
 20
107.84973929269428
 30
45.142661179698216
 10
220.9548808089795
 20
107.6720380965049
 30
45.15916495198903
 10
220.75596155951376
 20
107.47311884703916
 30
45.13684735082305
 10
220.6164528592218
 20
107.33361014674719
 30
45.069894547325106
 10
220.53449812844192
 20
107.25165541596729
 30
44.95661865569273
 10
220.50717988484863
 20
107.224337172374
 30
44.79383144718793
 10
220.52561306863245
 20
107.24277035615782
 30
44.668365269204386
 10
220.5809126199839
 20
107.2980699075093
 30
44.57403120713306
 10
220.68474846820504
 20
107.40190575573044
 30
44.50145211762688
 10
220.84879054259778
 20
107.56594783012318
 30
44.43975051440329
 10
221.120381624535
 20
107.83753891206038
 30
44.3624828532236
 10
221.4733969859202
 20
108.19055427344557
 30
44.21432398834019
 10
221.70706079762596
 20
108.42421808515132
 30
44.0054012345679
 10
221.83794966377442
 20
108.55510695129979
 30
43.71621013374486
 10
221.8815792858239
 20
108.59873657334927
 30
43.32574588477366
 10
221.82084260832033
 20
108.53799989584573
 30
42.821255572702334
 10
221.63863257580974
 20
108.35578986333512
 30
42.46454903978052
 10
221.33163386746762
 20
108.04879115499301
 30
42.25243805727023
 10
220.89653116246956
 20
107.61368844999494
 30
42.18173439643347
 10
220.66101077110216
 20
107.37816805862752
 30
42.197675540123456
 10
220.42442947707087
 20
107.14158676459627
 30
42.24549897119341
 10
220.18731773170774
 20
106.9044750192331
 30
42.32389188957476
 10
219.95020598634457
 20
106.66736327386994
 30
42.43304183813443
 10
219.95020598634457
 20
106.66736327386994
 30
43.19446587791495
 10
220.1833393467184
 20
106.90049663424378
 30
43.03843021262003
 10
220.40851593711363
 20
107.125673224639
 30
42.925904492455416
 10
220.62586837036318
 20
107.34302565788857
 30
42.85838906035665
 10
220.83552925930007
 20
107.55268654682547
 30
42.83588391632373
 10
221.0199937099713
 20
107.73715099749668
 30
42.860452031893004
 10
221.15539141244096
 20
107.87254869996636
 30
42.934156378600825
 10
221.23853965871766
 20
107.95569694624302
 30
43.054183813443075
 10
221.26625574080987
 20
107.98341302833526
 30
43.21622085048011
 10
221.24742471852713
 20
107.9645820060525
 30
43.361191486625515
 10
221.19093165167885
 20
107.90808893920423
 30
43.4690286351166
 10
221.0780781308153
 20
107.79523541834067
 30
43.553610468106996
 10
220.89016574648667
 20
107.60732303401204
 30
43.628815157750346
 10
220.64297542581724
 20
107.36013271334262
 30
43.70608281893004
 10
220.32152191868062
 20
107.03867920620598
 30
43.85199116941015
 10
220.0997932619428
 20
106.81695054946817
 30
44.06466478052126
 10
219.97129142678793
 20
106.68844871431332
 30
44.35348079561042
 10
219.9284574817363
 20
106.6456147692617
 30
44.72781635802469
 10
219.98813325657602
 20
106.70529054410142
 30
45.190297067901234
 10
220.16716058109517
 20
106.88431786862057
 30
45.532000171467764
 10
220.45811313664706
 20
107.17527042417245
 30
45.7429858967764
 10
220.85356460458496
 20
107.57072189211034
 30
45.81331447187929
 10
221.0605732368623
 20
107.77773052438769
 30
45.80243698559671
 10
221.2731516081247
 20
107.99030889565009
 30
45.76980452674897
 10
221.49222800820297
 20
108.20938529572834
 30
45.71560463820302
 10
221.71873072692796
 20
108.43588801445333
 30
45.64002486282579
 10
222.30476729611968
 20
109.58761000859428
 30
42.168418852880656
 10
222.43738012909682
 20
109.72022284157144
 30
42.706854423868315
 10
222.51694782888313
 20
109.79979054135774
 30
43.235725308641975
 10
222.54347039547855
 20
109.82631310795317
 30
43.757094478738
 10
222.51694782888313
 20
109.79979054135774
 30
44.27865119170096
 10
222.43738012909682
 20
109.72022284157144
 30
44.806584362139915
 10
222.30476729611968
 20
109.58761000859428
 30
45.343707133058984
 10
222.11910932995164
 20
109.40195204242627
 30
45.89283264746228
 10
222.61136816596286
 20
109.89421087843748
 30
45.89283264746228
 10
222.83070979170708
 20
110.1135525041817
 30
45.330766675240056
 10
222.98480590362652
 20
110.26764861610116
 30
44.7923311042524
 10
223.07630875838078
 20
110.35915147085538
 30
44.26946159122085
 10
223.10680970996552
 20
110.38965242244014
 30
43.75259344993141
 10
223.07657398404672
 20
110.35941669652135
 30
43.2372256515775
 10
222.98586680629035
 20
110.26870951876498
 30
42.71735682441701
 10
222.8317706943709
 20
110.1146134068455
 30
42.18154685356653
 10
222.61136816596286
 20
109.89421087843748
 30
41.61685528120713
 10
222.11910932995164
 20
109.40195204242627
 30
41.61685528120713
 10
222.58761000859428
 20
109.30476729611968
 30
42.168418852880656
 10
222.72022284157146
 20
109.43738012909682
 30
42.706854423868315
 10
222.79979054135774
 20
109.51694782888313
 30
43.235725308641975
 10
222.82631310795318
 20
109.54347039547855
 30
43.757094478738
 10
222.79979054135774
 20
109.51694782888313
 30
44.27865119170096
 10
222.72022284157146
 20
109.43738012909682
 30
44.806584362139915
 10
222.58761000859428
 20
109.30476729611968
 30
45.343707133058984
 10
222.40195204242627
 20
109.11910932995164
 30
45.89283264746228
 10
222.8942108784375
 20
109.61136816596286
 30
45.89283264746228
 10
223.1135525041817
 20
109.83070979170708
 30
45.330766675240056
 10
223.26764861610116
 20
109.98480590362654
 30
44.7923311042524
 10
223.35915147085538
 20
110.07630875838078
 30
44.26946159122085
 10
223.38965242244012
 20
110.10680970996552
 30
43.75259344993141
 10
223.35941669652135
 20
110.07657398404672
 30
43.2372256515775
 10
223.26870951876498
 20
109.98586680629035
 30
42.71735682441701
 10
223.1146134068455
 20
109.8317706943709
 30
42.18154685356653
 10
222.8942108784375
 20
109.61136816596286
 30
41.61685528120713
 10
222.40195204242627
 20
109.11910932995164
 30
41.61685528120713
 10
164.43634623447758
 20
51.719188946952194
 30
38.918848593964334
 10
164.53458582114706
 20
51.81742853362167
 30
38.97601165980796
 10
164.64152480965984
 20
51.92436752213445
 30
39.01066958161866
 10
164.7577997416142
 20
52.040642454088825
 30
39.022222222222226
 10
165.0319369899446
 20
52.3147797024192
 30
38.959357853223594
 10
165.24751241123226
 20
52.530355123706876
 30
38.77076474622771
 10
165.38723329205698
 20
52.67007600453161
 30
38.48089849108368
 10
165.43380691899856
 20
52.71664963147319
 30
38.11301440329218
 10
165.38171659820514
 20
52.664559310679756
 30
37.70762174211249
 10
165.22544563582485
 20
52.50828834829947
 30
37.391649519890265
 10
164.9819684744788
 20
52.26481118695341
 30
37.18820301783265
 10
164.66741083465698
 20
51.950253547131595
 30
37.12038751714678
 10
164.32516363530954
 20
51.60800634778414
 30
37.212508573388206
 10
164.06991045439509
 20
51.35275316686971
 30
37.48887174211249
 10
163.91141159642078
 20
51.19425430889541
 30
37.934923696845
 10
163.85857864376268
 20
51.14142135623731
 30
38.53491083676269
 10
163.92042926906325
 20
51.20327198153785
 30
39.154402434842254
 10
164.1059811449649
 20
51.3888238574395
 30
39.62536008230453
 10
164.39921464124396
 20
51.68205735371859
 30
39.92287808641976
 10
164.78411012767688
 20
52.066952840151494
 30
40.022050754458164
 10
164.91873867571528
 20
52.2015813881899
 30
40.014549039780526
 10
165.0493357936312
 20
52.332178506105805
 30
39.9920438957476
 10
165.17728065488754
 20
52.46012336736217
 30
39.9545353223594
 10
165.30395243294734
 20
52.58679514542195
 30
39.902023319615914
 10
165.30395243294734
 20
52.58679514542195
 30
39.384104938271605
 10
165.18152426554283
 20
52.46436697801744
 30
39.45762174211249
 10
165.06631023625226
 20
52.34915294872688
 30
39.50893347050755
 10
164.95640072028078
 20
52.239243432755416
 30
39.53909036351166
 10
164.8490373707025
 20
52.13188008317711
 30
39.5491426611797
 10
164.64629887164702
 20
51.92914158412163
 30
39.50428240740741
 10
164.49384715885648
 20
51.77668987133109
 30
39.36970164609054
 10
164.39306140579382
 20
51.67590411826845
 30
39.14750085733883
 10
164.34532078592204
 20
51.628163498396674
 30
38.83858024691358
 10
164.87492339569962
 20
52.15776610817425
 30
37.69711934156379
 10
164.92521018196456
 20
52.20805289443919
 30
37.850754458161866
 10
164.94197244405288
 20
52.2248151565275
 30
38.0656035665295
 10
164.92521018196456
 20
52.20805289443919
 30
38.28075274348423
 10
164.87492339569962
 20
52.15776610817425
 30
38.4340877914952
 10
164.7908999047253
 20
52.073742617199926
 30
38.52635888203018
 10
164.67292752850884
 20
51.95577024098344
 30
38.55711591220851
 10
164.55559169389065
 20
51.83843440636525
 30
38.52635888203018
 10
164.47178038344907
 20
51.75462309592369
 30
38.4340877914952
 10
164.42149359718414
 20
51.70433630965875
 30
38.28075274348423
 10
164.40473133509582
 20
51.687574047570436
 30
38.0656035665295
 10
164.42149359718414
 20
51.70433630965875
 30
37.850754458161866
 10
164.47178038344907
 20
51.75462309592369
 30
37.69711934156379
 10
164.55559169389065
 20
51.83843440636525
 30
37.60529835390947
 10
164.67292752850884
 20
51.95577024098344
 30
37.574691358024694
 10
164.7908999047253
 20
52.073742617199926
 30
37.60529835390947
 10
164.7191889469522
 20
51.436346234477575
 30
38.918848593964334
 10
164.81742853362167
 20
51.534585821147054
 30
38.97601165980796
 10
164.92436752213445
 20
51.641524809659835
 30
39.01066958161866
 10
165.0406424540888
 20
51.75779974161421
 30
39.022222222222226
 10
165.3147797024192
 20
52.03193698994458
 30
38.959357853223594
 10
165.53035512370687
 20
52.24751241123226
 30
38.77076474622771
 10
165.6700760045316
 20
52.38723329205699
 30
38.48089849108368
 10
165.7166496314732
 20
52.43380691899857
 30
38.11301440329218
 10
165.66455931067975
 20
52.38171659820514
 30
37.70762174211249
 10
165.5082883482995
 20
52.225445635824855
 30
37.391649519890265
 10
165.2648111869534
 20
51.98196847447879
 30
37.18820301783265
 10
164.95025354713158
 20
51.66741083465698
 30
37.12038751714678
 10
164.60800634778414
 20
51.32516363530952
 30
37.212508573388206
 10
164.35275316686972
 20
51.06991045439509
 30
37.48887174211249
 10
164.1942543088954
 20
50.91141159642079
 30
37.934923696845
 10
164.14142135623732
 20
50.85857864376269
 30
38.53491083676269
 10
164.20327198153785
 20
50.920429269063234
 30
39.154402434842254
 10
164.3888238574395
 20
51.10598114496488
 30
39.62536008230453
 10
164.6820573537186
 20
51.39921464124397
 30
39.92287808641976
 10
165.0669528401515
 20
51.784110127676875
 30
40.022050754458164
 10
165.2015813881899
 20
51.91873867571528
 30
40.014549039780526
 10
165.3321785061058
 20
52.04933579363119
 30
39.9920438957476
 10
165.46012336736217
 20
52.177280654887554
 30
39.9545353223594
 10
165.58679514542195
 20
52.303952432947334
 30
39.902023319615914
 10
165.58679514542195
 20
52.303952432947334
 30
39.384104938271605
 10
165.46436697801744
 20
52.18152426554282
 30
39.45762174211249
 10
165.3491529487269
 20
52.066310236252264
 30
39.50893347050755
 10
165.23924343275542
 20
51.9564007202808
 30
39.53909036351166
 10
165.13188008317712
 20
51.84903737070249
 30
39.5491426611797
 10
164.92914158412162
 20
51.64629887164701
 30
39.50428240740741
 10
164.7766898713311
 20
51.49384715885647
 30
39.36970164609054
 10
164.67590411826845
 20
51.39306140579383
 30
39.14750085733883
 10
164.62816349839667
 20
51.34532078592205
 30
38.83858024691358
 10
165.15776610817426
 20
51.87492339569963
 30
37.69711934156379
 10
165.2080528944392
 20
51.925210181964566
 30
37.850754458161866
 10
165.2248151565275
 20
51.94197244405288
 30
38.0656035665295
 10
165.2080528944392
 20
51.925210181964566
 30
38.28075274348423
 10
165.15776610817426
 20
51.87492339569963
 30
38.4340877914952
 10
165.0737426171999
 20
51.7908999047253
 30
38.52635888203018
 10
164.95577024098344
 20
51.67292752850882
 30
38.55711591220851
 10
164.83843440636525
 20
51.555591693890634
 30
38.52635888203018
 10
164.75462309592368
 20
51.47178038344907
 30
38.4340877914952
 10
164.70433630965874
 20
51.42149359718413
 30
38.28075274348423
 10
164.68757404757045
 20
51.40473133509582
 30
38.0656035665295
 10
164.70433630965874
 20
51.42149359718413
 30
37.850754458161866
 10
164.75462309592368
 20
51.47178038344907
 30
37.69711934156379
 10
164.83843440636525
 20
51.555591693890634
 30
37.60529835390947
 10
164.95577024098344
 20
51.67292752850882
 30
37.574691358024694
 10
165.0737426171999
 20
51.7908999047253
 30
37.60529835390947
 10
166.73617102910063
 20
54.019013741575264
 30
38.93400205761317
 10
166.4217194795452
 20
53.70456219201982
 30
38.93400205761317
 10
166.4217194795452
 20
53.70456219201982
 30
39.97524005486969
 10
166.73617102910063
 20
54.019013741575264
 30
39.97524005486969
 10
167.01901374157526
 20
53.73617102910064
 30
38.93400205761317
 10
166.70456219201984
 20
53.4217194795452
 30
38.93400205761317
 10
166.70456219201984
 20
53.4217194795452
 30
39.97524005486969
 10
167.01901374157526
 20
53.73617102910064
 30
39.97524005486969
 10
166.15267456400113
 20
53.435517276475764
 30
38.93400205761317
 10
165.8382230144457
 20
53.12106572692033
 30
38.93400205761317
 10
165.8382230144457
 20
53.12106572692033
 30
39.97524005486969
 10
166.15267456400113
 20
53.435517276475764
 30
39.97524005486969
 10
166.43551727647576
 20
53.152674564001146
 30
38.93400205761317
 10
166.12106572692034
 20
52.83822301444571
 30
38.93400205761317
 10
166.12106572692034
 20
52.83822301444571
 30
39.97524005486969
 10
166.43551727647576
 20
53.152674564001146
 30
39.97524005486969
 10
168.61969761844182
 20
55.90254033091643
 30
39.340294924554186
 10
168.59784302356718
 20
55.8806857360418
 30
39.21006515775034
 10
168.61258957059425
 20
55.89543228306886
 30
39.109692215363516
 10
168.65682921167542
 20
55.93967192415004
 30
39.03422496570645
 10
168.7398978902523
 20
56.02274060272693
 30
38.97616169410151
 10
168.87113154976652
 20
56.15397426224113
 30
38.926800411522635
 10
169.0884044153163
 20
56.3712471277909
 30
38.864986282578876
 10
169.37081670442444
 20
56.65365941689906
 30
38.746459190672155
 10
169.55774775378904
 20
56.84059046626366
 30
38.57932098765433
 10
169.6624588467078
 20
56.945301559182425
 30
38.347968106995886
 10
169.69736254434738
 20
56.98020525682201
 30
38.03559670781893
 10
169.64877320234456
 20
56.93161591481918
 30
37.632004458161866
 10
169.50300517633607
 20
56.785847888810686
 30
37.34663923182442
 10
169.25740620966238
 20
56.54024892213699
 30
37.17695044581619
 10
168.90932404566394
 20
56.19216675813855
 30
37.12038751714678
 10
168.72090773256997
 20
56.0037504450446
 30
37.13314043209877
 10
168.53164269734498
 20
55.8144854098196
 30
37.171399176954736
 10
168.34195330105445
 20
55.62479601352907
 30
37.234113511659814
 10
168.1522639047639
 20
55.435106617238546
 30
37.32143347050755
 10
168.1522639047639
 20
55.435106617238546
 30
37.930572702331965
 10
168.338770593063
 20
55.62161330553762
 30
37.80574417009603
 10
168.51891186537918
 20
55.80175457785379
 30
37.715723593964334
 10
168.69279381197882
 20
55.97563652445344
 30
37.66171124828532
 10
168.86052252312834
 20
56.14336523560295
 30
37.64370713305899
 10
169.00809408366533
 20
56.29093679613993
 30
37.663361625514405
 10
169.11641224564107
 20
56.39925495811568
 30
37.72232510288066
 10
169.18293084266242
 20
56.46577355513702
 30
37.81834705075446
 10
169.2051037083362
 20
56.4879464208108
 30
37.94797668038409
 10
169.19003889050998
 20
56.47288160298459
 30
38.06395318930041
 10
169.14484443703137
 20
56.42768714950598
 30
38.15022290809328
 10
169.0545616203405
 20
56.337404332815126
 30
38.2178883744856
 10
168.90423171287762
 20
56.18707442535222
 30
38.27805212620028
 10
168.70647945634207
 20
55.989322168816685
 30
38.33986625514404
 10
168.44931665063277
 20
55.73215936310738
 30
38.45659293552812
 10
168.27193372524252
 20
55.55477643771714
 30
38.626731824417014
 10
168.16913225711863
 20
55.45197496959324
 30
38.85778463648834
 10
168.13486510107734
 20
55.41770781355194
 30
39.15725308641976
 10
168.1826057209491
 20
55.46544843342372
 30
39.52723765432099
 10
168.32582758056444
 20
55.608670293039054
 30
39.800600137174214
 10
168.55858962500594
 20
55.84143233748056
 30
39.969388717421126
 10
168.87495079935624
 20
56.15779351183087
 30
40.02565157750343
 10
169.04055770517812
 20
56.32340041765274
 30
40.01694958847737
 10
169.21062040218803
 20
56.49346311466265
 30
39.99084362139918
 10
169.38588152225066
 20
56.66872423472526
 30
39.947483710562416
 10
169.56708369723063
 20
56.849926409705255
 30
39.88701989026063
 10
169.56708369723063
 20
56.849926409705255
 30
39.29408436213992
 10
169.40603867286316
 20
56.688881385337794
 30
39.38455504115227
 10
169.24881289808545
 20
56.53165561056007
 30
39.44951989026063
 10
169.09816471982342
 20
56.38100743229802
 30
39.48912894375858
 10
168.9560037628719
 20
56.238846475346506
 30
39.502331961591224
 10
168.7968683632993
 20
56.079711075773915
 30
39.48447788065844
 10
168.6852614030657
 20
55.96810411554034
 30
39.43091563786009
 10
168.90254033091642
 20
55.61969761844181
 30
39.340294924554186
 10
168.8806857360418
 20
55.59784302356718
 30
39.21006515775034
 10
168.89543228306886
 20
55.61258957059424
 30
39.109692215363516
 10
168.93967192415005
 20
55.65682921167542
 30
39.03422496570645
 10
169.02274060272694
 20
55.73989789025231
 30
38.97616169410151
 10
169.15397426224112
 20
55.87113154976651
 30
38.926800411522635
 10
169.3712471277909
 20
56.08840441531628
 30
38.864986282578876
 10
169.65365941689905
 20
56.37081670442444
 30
38.746459190672155
 10
169.84059046626365
 20
56.557747753789045
 30
38.57932098765433
 10
169.9453015591824
 20
56.66245884670781
 30
38.347968106995886
 10
169.98020525682202
 20
56.69736254434739
 30
38.03559670781893
 10
169.9316159148192
 20
56.648773202344564
 30
37.632004458161866
 10
169.78584788881068
 20
56.50300517633607
 30
37.34663923182442
 10
169.54024892213698
 20
56.25740620966237
 30
37.17695044581619
 10
169.19216675813854
 20
55.90932404566393
 30
37.12038751714678
 10
169.0037504450446
 20
55.720907732569984
 30
37.13314043209877
 10
168.8144854098196
 20
55.531642697344985
 30
37.171399176954736
 10
168.62479601352908
 20
55.34195330105445
 30
37.234113511659814
 10
168.43510661723855
 20
55.15226390476393
 30
37.32143347050755
 10
168.43510661723855
 20
55.15226390476393
 30
37.930572702331965
 10
168.6216133055376
 20
55.338770593063
 30
37.80574417009603
 10
168.80175457785379
 20
55.518911865379174
 30
37.715723593964334
 10
168.97563652445345
 20
55.692793811978824
 30
37.66171124828532
 10
169.14336523560294
 20
55.86052252312833
 30
37.64370713305899
 10
169.29093679613993
 20
56.00809408366531
 30
37.663361625514405
 10
169.39925495811568
 20
56.11641224564106
 30
37.72232510288066
 10
169.46577355513702
 20
56.1829308426624
 30
37.81834705075446
 10
169.4879464208108
 20
56.20510370833618
 30
37.94797668038409
 10
169.4728816029846
 20
56.190038890509975
 30
38.06395318930041
 10
169.42768714950597
 20
56.14484443703136
 30
38.15022290809328
 10
169.33740433281514
 20
56.05456162034051
 30
38.2178883744856
 10
169.18707442535222
 20
55.9042317128776
 30
38.27805212620028
 10
168.9893221688167
 20
55.706479456342066
 30
38.33986625514404
 10
168.73215936310737
 20
55.44931665063276
 30
38.45659293552812
 10
168.55477643771712
 20
55.27193372524252
 30
38.626731824417014
 10
168.45197496959324
 20
55.16913225711862
 30
38.85778463648834
 10
168.41770781355194
 20
55.134865101077324
 30
39.15725308641976
 10
168.46544843342372
 20
55.1826057209491
 30
39.52723765432099
 10
168.60867029303904
 20
55.325827580564436
 30
39.800600137174214
 10
168.84143233748057
 20
55.55858962500594
 30
39.969388717421126
 10
169.15779351183087
 20
55.87495079935625
 30
40.02565157750343
 10
169.32340041765275
 20
56.040557705178124
 30
40.01694958847737
 10
169.49346311466266
 20
56.210620402188034
 30
39.99084362139918
 10
169.66872423472526
 20
56.38588152225064
 30
39.947483710562416
 10
169.84992640970526
 20
56.567083697230636
 30
39.88701989026063
 10
169.84992640970526
 20
56.567083697230636
 30
39.29408436213992
 10
169.6888813853378
 20
56.406038672863176
 30
39.38455504115227
 10
169.53165561056008
 20
56.248812898085454
 30
39.44951989026063
 10
169.38100743229802
 20
56.0981647198234
 30
39.48912894375858
 10
169.23884647534652
 20
55.95600376287189
 30
39.502331961591224
 10
169.07971107577393
 20
55.796868363299296
 30
39.48447788065844
 10
168.96810411554034
 20
55.685261403065724
 30
39.43091563786009
 10
170.62490974332283
 20
57.90775245579745
 30
39.92902949245542
 10
171.04980126018165
 20
58.332643972656264
 30
40.02565157750343
 10
171.47787548503192
 20
58.76071819750653
 30
39.92992969821674
 10
171.79964726296768
 20
59.0824899754423
 30
39.642764060356654
 10
172.0011126788266
 20
59.283955391301205
 30
39.183959190672155
 10
172.0682678174462
 20
59.35111052992084
 30
38.57211934156379
 10
172.03262148794195
 20
59.31546420041658
 30
38.13251886145405
 10
171.92568249942917
 20
59.2085252119038
 30
37.75833333333333
 10
171.75180055282954
 20
59.03464326530415
 30
37.45916495198903
 10
171.51532534906465
 20
58.79816806153928
 30
37.24461591220851
 10
171.91422475065994
 20
59.19706746313457
 30
36.6144718792867
 10
171.42748260850058
 20
58.71032532097521
 30
36.6144718792867
 10
171.10411947656908
 20
58.38696218904371
 30
37.12458847736626
 10
171.06422953640956
 20
58.347072248884174
 30
37.12458847736626
 10
170.62925944424447
 20
57.9121021567191
 30
37.2201603223594
 10
170.3029257848543
 20
57.58576849732891
 30
37.50687585733883
 10
170.09923247340137
 20
57.38207518587599
 30
37.96463048696845
 10
170.03133470291706
 20
57.31417741539169
 30
38.57211934156379
 10
170.099126383135
 20
57.38196909560961
 30
39.179458161865576
 10
170.30250142378875
 20
57.58534413626338
 30
39.63916323731139
 10
171.04980126018165
 20
58.332643972656264
 30
37.64370713305899
 10
171.25795036282258
 20
58.54079307529721
 30
37.70462105624143
 10
171.41305433227268
 20
58.69589704474729
 30
37.887362825788756
 10
171.50949038441365
 20
58.792333096888285
 30
38.180679869684504
 10
171.54163573512733
 20
58.82447844760195
 30
38.57211934156379
 10
171.50949038441365
 20
58.792333096888285
 30
38.965209190672155
 10
171.41305433227268
 20
58.69589704474729
 30
39.25867626886146
 10
171.25795036282258
 20
58.54079307529721
 30
39.441418038408784
 10
171.04980126018165
 20
58.332643972656264
 30
39.502331961591224
 10
170.84260696993815
 20
58.12544968241275
 30
39.441418038408784
 10
170.6878212712872
 20
57.97066398376181
 30
39.25867626886146
 10
170.5913852191462
 20
57.87422793162082
 30
38.965209190672155
 10
170.55923986843254
 20
57.84208258090716
 30
38.57211934156379
 10
170.59064258728154
 20
57.87348529975615
 30
38.17467849794239
 10
170.6848507438285
 20
57.967693456303124
 30
37.88256172839507
 10
170.83910599114753
 20
58.12194870362215
 30
37.70342078189301
 10
170.90775245579744
 20
57.62490974332283
 30
39.92902949245542
 10
171.33264397265626
 20
58.049801260181646
 30
40.02565157750343
 10
171.76071819750652
 20
58.47787548503191
 30
39.92992969821674
 10
172.08248997544231
 20
58.79964726296768
 30
39.642764060356654
 10
172.2839553913012
 20
59.00111267882659
 30
39.183959190672155
 10
172.35111052992085
 20
59.06826781744622
 30
38.57211934156379
 10
172.31546420041659
 20
59.03262148794196
 30
38.13251886145405
 10
172.2085252119038
 20
58.92568249942918
 30
37.75833333333333
 10
172.03464326530414
 20
58.75180055282953
 30
37.45916495198903
 10
171.7981680615393
 20
58.51532534906466
 30
37.24461591220851
 10
172.19706746313457
 20
58.914224750659955
 30
36.6144718792867
 10
171.71032532097522
 20
58.42748260850059
 30
36.6144718792867
 10
171.38696218904371
 20
58.10411947656909
 30
37.12458847736626
 10
171.3470722488842
 20
58.064229536409556
 30
37.12458847736626
 10
170.9121021567191
 20
57.62925944424448
 30
37.2201603223594
 10
170.5857684973289
 20
57.30292578485429
 30
37.50687585733883
 10
170.382075185876
 20
57.09923247340137
 30
37.96463048696845
 10
170.3141774153917
 20
57.03133470291707
 30
38.57211934156379
 10
170.3819690956096
 20
57.099126383134994
 30
39.179458161865576
 10
170.5853441362634
 20
57.30250142378876
 30
39.63916323731139
 10
171.33264397265626
 20
58.049801260181646
 30
37.64370713305899
 10
171.54079307529722
 20
58.25795036282259
 30
37.70462105624143
 10
171.69589704474728
 20
58.41305433227267
 30
37.887362825788756
 10
171.79233309688829
 20
58.50949038441367
 30
38.180679869684504
 10
171.82447844760193
 20
58.54163573512733
 30
38.57211934156379
 10
171.79233309688829
 20
58.50949038441367
 30
38.965209190672155
 10
171.69589704474728
 20
58.41305433227267
 30
39.25867626886146
 10
171.54079307529722
 20
58.25795036282259
 30
39.441418038408784
 10
171.33264397265626
 20
58.049801260181646
 30
39.502331961591224
 10
171.12544968241275
 20
57.84260696993813
 30
39.441418038408784
 10
170.97066398376182
 20
57.68782127128719
 30
39.25867626886146
 10
170.87422793162082
 20
57.591385219146204
 30
38.965209190672155
 10
170.84208258090715
 20
57.55923986843254
 30
38.57211934156379
 10
170.87348529975614
 20
57.59064258728153
 30
38.17467849794239
 10
170.96769345630312
 20
57.684850743828505
 30
37.88256172839507
 10
171.12194870362214
 20
57.839105991147534
 30
37.70342078189301
 10
172.48201985633494
 20
59.76486256880957
 30
37.175000000000004
 10
172.48201985633494
 20
59.76486256880957
 30
37.9005658436214
 10
172.95942605505272
 20
60.242268767527335
 30
37.9005658436214
 10
172.95942605505272
 20
60.242268767527335
 30
37.175000000000004
 10
172.76486256880958
 20
59.48201985633495
 30
37.175000000000004
 10
172.76486256880958
 20
59.48201985633495
 30
37.9005658436214
 10
173.24226876752735
 20
59.95942605505272
 30
37.9005658436214
 10
173.24226876752735
 20
59.95942605505272
 30
37.175000000000004
 10
175.85866085473253
 20
63.14150356720716
 30
38.38367626886146
 10
175.61263752699332
 20
62.895480239467936
 30
38.20588563100137
 10
175.27855927815727
 20
62.56140199063188
 30
38.146622085048016
 10
174.94204095319444
 20
62.22488366566904
 30
38.146622085048016
 10
174.94204095319444
 20
62.22488366566904
 30
37.175000000000004
 10
174.43153459136556
 20
61.71437730384018
 30
37.175000000000004
 10
174.43153459136556
 20
61.71437730384018
 30
39.97524005486969
 10
175.27855927815727
 20
62.56140199063188
 30
39.97524005486969
 10
175.61263752699332
 20
62.895480239467936
 30
39.915826474622776
 10
175.85866085473253
 20
63.14150356720716
 30
39.737585733882035
 10
176.0104760259248
 20
63.293318738399414
 30
39.45012002743484
 10
176.06108108298886
 20
63.343923795463496
 30
39.061831275720166
 10
176.0104760259248
 20
63.293318738399414
 30
38.67174211248285
 10
175.51461012085662
 20
62.79745283333122
 30
39.22761917009603
 10
175.45382039821988
 20
62.736663110694494
 30
39.35049725651578
 10
175.35589908234954
 20
62.63874179482416
 30
39.42656464334706
 10
175.22424106176982
 20
62.507083774244435
 30
39.45192043895748
 10
174.94204095319444
 20
62.22488366566904
 30
39.45192043895748
 10
174.94204095319444
 20
62.22488366566904
 30
38.66994170096022
 10
175.22424106176982
 20
62.507083774244435
 30
38.66994170096022
 10
175.35589908234954
 20
62.63874179482416
 30
38.6954475308642
 10
175.45382039821988
 20
62.736663110694494
 30
38.77196502057613
 10
175.51461012085662
 20
62.79745283333122
 30
38.895443244170096
 10
175.53487336173552
 20
62.81771607421013
 30
39.061831275720166
 10
176.14150356720717
 20
62.85866085473254
 30
38.38367626886146
 10
175.89548023946793
 20
62.61263752699332
 30
38.20588563100137
 10
175.56140199063188
 20
62.27855927815726
 30
38.146622085048016
 10
175.22488366566904
 20
61.94204095319442
 30
38.146622085048016
 10
175.22488366566904
 20
61.94204095319442
 30
37.175000000000004
 10
174.71437730384017
 20
61.43153459136556
 30
37.175000000000004
 10
174.71437730384017
 20
61.43153459136556
 30
39.97524005486969
 10
175.56140199063188
 20
62.27855927815726
 30
39.97524005486969
 10
175.89548023946793
 20
62.61263752699332
 30
39.915826474622776
 10
176.14150356720717
 20
62.85866085473254
 30
39.737585733882035
 10
176.29331873839942
 20
63.010476025924795
 30
39.45012002743484
 10
176.3439237954635
 20
63.06108108298888
 30
39.061831275720166
 10
176.29331873839942
 20
63.010476025924795
 30
38.67174211248285
 10
175.79745283333122
 20
62.5146101208566
 30
39.22761917009603
 10
175.73666311069448
 20
62.453820398219875
 30
39.35049725651578
 10
175.63874179482417
 20
62.355899082349545
 30
39.42656464334706
 10
175.50708377424445
 20
62.22424106176982
 30
39.45192043895748
 10
175.22488366566904
 20
61.94204095319442
 30
39.45192043895748
 10
175.22488366566904
 20
61.94204095319442
 30
38.66994170096022
 10
175.50708377424445
 20
62.22424106176982
 30
38.66994170096022
 10
175.63874179482417
 20
62.355899082349545
 30
38.6954475308642
 10
175.73666311069448
 20
62.453820398219875
 30
38.77196502057613
 10
175.79745283333122
 20
62.5146101208566
 30
38.895443244170096
 10
175.81771607421013
 20
62.534873361735514
 30
39.061831275720166
 10
178.07424997784852
 20
65.35709269032314
 30
37.50687585733883
 10
177.7521599291136
 20
65.03500264158822
 30
37.21700960219479
 10
177.3265257803901
 20
64.60936849286473
 30
37.12038751714678
 10
176.9016342635313
 20
64.18447697600591
 30
37.21700960219479
 10
176.57922594399724
 20
63.86206865647185
 30
37.50687585733883
 10
176.37585090334346
 20
63.65869361581808
 30
37.96643089849108
 10
176.30805922312553
 20
63.59090193560016
 30
38.57211934156379
 10
176.37585090334346
 20
63.65869361581808
 30
39.179458161865576
 10
176.57922594399724
 20
63.86206865647185
 30
39.63916323731139
 10
176.9016342635313
 20
64.18447697600591
 30
39.92902949245542
 10
177.3265257803901
 20
64.60936849286473
 30
40.02565157750343
 10
177.7521599291136
 20
65.03500264158822
 30
39.92902949245542
 10
178.07424997784852
 20
65.35709269032314
 30
39.63916323731139
 10
178.27730674770314
 20
65.56014946017777
 30
39.179458161865576
 10
178.34499233765467
 20
65.6278350501293
 30
38.57211934156379
 10
178.27730674770314
 20
65.56014946017777
 30
37.96643089849108
 10
176.96454579149565
 20
64.24738850397029
 30
37.887362825788756
 10
177.1193314901466
 20
64.40217420262123
 30
37.70462105624143
 10
177.3265257803901
 20
64.60936849286473
 30
37.64370713305899
 10
177.53467488303104
 20
64.81751759550568
 30
37.70462105624143
 10
177.68977885248114
 20
64.97262156495576
 30
37.887362825788756
 10
177.78621490462214
 20
65.06905761709675
 30
38.180679869684504
 10
177.8183602553358
 20
65.10120296781042
 30
38.57211934156379
 10
177.78621490462214
 20
65.06905761709675
 30
38.965209190672155
 10
177.68977885248114
 20
64.97262156495576
 30
39.25867626886146
 10
177.53467488303104
 20
64.81751759550568
 30
39.441418038408784
 10
177.3265257803901
 20
64.60936849286473
 30
39.502331961591224
 10
177.1193314901466
 20
64.40217420262123
 30
39.441418038408784
 10
176.96454579149565
 20
64.24738850397029
 30
39.25867626886146
 10
176.86810973935468
 20
64.15095245182928
 30
38.965209190672155
 10
176.835964388641
 20
64.11880710111562
 30
38.57211934156379
 10
176.86810973935468
 20
64.15095245182928
 30
38.180679869684504
 10
178.35709269032313
 20
65.07424997784852
 30
37.50687585733883
 10
178.03500264158822
 20
64.7521599291136
 30
37.21700960219479
 10
177.60936849286475
 20
64.32652578039011
 30
37.12038751714678
 10
177.18447697600593
 20
63.90163426353129
 30
37.21700960219479
 10
176.86206865647185
 20
63.57922594399723
 30
37.50687585733883
 10
176.65869361581807
 20
63.37585090334346
 30
37.96643089849108
 10
176.59090193560016
 20
63.30805922312554
 30
38.57211934156379
 10
176.65869361581807
 20
63.37585090334346
 30
39.179458161865576
 10
176.86206865647185
 20
63.57922594399723
 30
39.63916323731139
 10
177.18447697600593
 20
63.90163426353129
 30
39.92902949245542
 10
177.60936849286475
 20
64.32652578039011
 30
40.02565157750343
 10
178.03500264158822
 20
64.7521599291136
 30
39.92902949245542
 10
178.35709269032313
 20
65.07424997784852
 30
39.63916323731139
 10
178.56014946017777
 20
65.27730674770315
 30
39.179458161865576
 10
178.6278350501293
 20
65.34499233765469
 30
38.57211934156379
 10
178.56014946017777
 20
65.27730674770315
 30
37.96643089849108
 10
177.24738850397029
 20
63.96454579149566
 30
37.887362825788756
 10
177.4021742026212
 20
64.1193314901466
 30
37.70462105624143
 10
177.60936849286475
 20
64.32652578039011
 30
37.64370713305899
 10
177.81751759550568
 20
64.53467488303106
 30
37.70462105624143
 10
177.97262156495577
 20
64.68977885248114
 30
37.887362825788756
 10
178.06905761709675
 20
64.78621490462213
 30
38.180679869684504
 10
178.10120296781042
 20
64.81836025533579
 30
38.57211934156379
 10
178.06905761709675
 20
64.78621490462213
 30
38.965209190672155
 10
177.97262156495577
 20
64.68977885248114
 30
39.25867626886146
 10
177.81751759550568
 20
64.53467488303106
 30
39.441418038408784
 10
177.60936849286475
 20
64.32652578039011
 30
39.502331961591224
 10
177.4021742026212
 20
64.1193314901466
 30
39.441418038408784
 10
177.24738850397029
 20
63.96454579149566
 30
39.25867626886146
 10
177.15095245182928
 20
63.86810973935467
 30
38.965209190672155
 10
177.11880710111564
 20
63.83596438864101
 30
38.57211934156379
 10
177.15095245182928
 20
63.86810973935467
 30
38.180679869684504
 10
179.49755699162577
 20
66.78039970410038
 30
39.502331961591224
 10
179.33842159205318
 20
66.62126430452778
 30
39.48447788065844
 10
179.2268146318196
 20
66.50965734429421
 30
39.43091563786009
 10
179.1612508471957
 20
66.4440935596703
 30
39.340294924554186
 10
179.13939625232106
 20
66.42223896479567
 30
39.21006515775034
 10
179.1541427993481
 20
66.43698551182274
 30
39.109692215363516
 10
179.1983824404293
 20
66.48122515290392
 30
39.03422496570645
 10
179.2814511190062
 20
66.56429383148081
 30
38.97616169410151
 10
179.41268477852037
 20
66.695527490995
 30
38.926800411522635
 10
179.62995764407015
 20
66.91280035654478
 30
38.864986282578876
 10
179.9123699331783
 20
67.19521264565293
 30
38.746459190672155
 10
180.09930098254293
 20
67.38214369501753
 30
38.57932098765433
 10
180.2040120754617
 20
67.4868547879363
 30
38.347968106995886
 10
180.23891577310127
 20
67.52175848557589
 30
38.03559670781893
 10
180.19032643109844
 20
67.47316914357306
 30
37.632004458161866
 10
180.04455840508996
 20
67.32740111756456
 30
37.34663923182442
 10
179.79895943841626
 20
67.08180215089087
 30
37.17695044581619
 10
179.4508772744178
 20
66.73371998689242
 30
37.12038751714678
 10
179.26246096132385
 20
66.54530367379847
 30
37.13314043209877
 10
179.07319592609886
 20
66.35603863857348
 30
37.171399176954736
 10
178.88350652980833
 20
66.16634924228295
 30
37.234113511659814
 10
178.6938171335178
 20
65.97665984599242
 30
37.32143347050755
 10
178.6938171335178
 20
65.97665984599242
 30
37.930572702331965
 10
178.8803238218169
 20
66.16316653429149
 30
37.80574417009603
 10
179.06046509413306
 20
66.34330780660767
 30
37.715723593964334
 10
179.2343470407327
 20
66.51718975320732
 30
37.66171124828532
 10
179.40207575188222
 20
66.68491846435683
 30
37.64370713305899
 10
179.54964731241918
 20
66.83249002489381
 30
37.663361625514405
 10
179.65796547439493
 20
66.94080818686956
 30
37.72232510288066
 10
179.72448407141627
 20
67.0073267838909
 30
37.81834705075446
 10
179.74665693709005
 20
67.02949964956468
 30
37.94797668038409
 10
179.73159211926384
 20
67.01443483173847
 30
38.06395318930041
 10
179.68639766578525
 20
66.96924037825985
 30
38.15022290809328
 10
179.5961148490944
 20
66.87895756156901
 30
38.2178883744856
 10
179.44578494163147
 20
66.7286276541061
 30
38.27805212620028
 10
179.24803268509595
 20
66.53087539757055
 30
38.33986625514404
 10
178.99086987938665
 20
66.27371259186125
 30
38.45659293552812
 10
178.8134869539964
 20
66.09632966647101
 30
38.626731824417014
 10
178.7106854858725
 20
65.99352819834712
 30
38.85778463648834
 10
178.6764183298312
 20
65.95926104230583
 30
39.15725308641976
 10
178.72415894970297
 20
66.0070016621776
 30
39.52723765432099
 10
178.86738080931832
 20
66.15022352179292
 30
39.800600137174214
 10
179.10014285375982
 20
66.38298556623444
 30
39.969388717421126
 10
179.41650402811013
 20
66.69934674058474
 30
40.02565157750343
 10
179.582110933932
 20
66.86495364640662
 30
40.01694958847737
 10
179.7521736309419
 20
67.03501634341653
 30
39.99084362139918
 10
179.9274347510045
 20
67.21027746347914
 30
39.947483710562416
 10
180.1086369259845
 20
67.39147963845913
 30
39.88701989026063
 10
180.1086369259845
 20
67.39147963845913
 30
39.29408436213992
 10
179.94759190161705
 20
67.23043461409166
 30
39.38455504115227
 10
179.79036612683933
 20
67.07320883931395
 30
39.44951989026063
 10
179.63971794857727
 20
66.9225606610519
 30
39.48912894375858
 10
179.78039970410038
 20
66.49755699162576
 30
39.502331961591224
 10
179.62126430452778
 20
66.33842159205318
 30
39.48447788065844
 10
179.50965734429423
 20
66.2268146318196
 30
39.43091563786009
 10
179.4440935596703
 20
66.16125084719569
 30
39.340294924554186
 10
179.42223896479567
 20
66.13939625232105
 30
39.21006515775034
 10
179.43698551182274
 20
66.15414279934811
 30
39.109692215363516
 10
179.4812251529039
 20
66.1983824404293
 30
39.03422496570645
 10
179.5642938314808
 20
66.28145111900619
 30
38.97616169410151
 10
179.695527490995
 20
66.41268477852039
 30
38.926800411522635
 10
179.91280035654478
 20
66.62995764407016
 30
38.864986282578876
 10
180.19521264565293
 20
66.91236993317831
 30
38.746459190672155
 10
180.38214369501753
 20
67.09930098254291
 30
38.57932098765433
 10
180.4868547879363
 20
67.20401207546169
 30
38.347968106995886
 10
180.5217584855759
 20
67.23891577310127
 30
38.03559670781893
 10
180.47316914357305
 20
67.19032643109844
 30
37.632004458161866
 10
180.32740111756456
 20
67.04455840508994
 30
37.34663923182442
 10
180.08180215089087
 20
66.79895943841625
 30
37.17695044581619
 10
179.73371998689242
 20
66.4508772744178
 30
37.12038751714678
 10
179.5453036737985
 20
66.26246096132385
 30
37.13314043209877
 10
179.35603863857347
 20
66.07319592609886
 30
37.171399176954736
 10
179.16634924228293
 20
65.88350652980833
 30
37.234113511659814
 10
178.97665984599243
 20
65.6938171335178
 30
37.32143347050755
 10
178.97665984599243
 20
65.6938171335178
 30
37.930572702331965
 10
179.1631665342915
 20
65.88032382181689
 30
37.80574417009603
 10
179.34330780660767
 20
66.06046509413305
 30
37.715723593964334
 10
179.51718975320733
 20
66.2343470407327
 30
37.66171124828532
 10
179.68491846435683
 20
66.40207575188221
 30
37.64370713305899
 10
179.83249002489381
 20
66.5496473124192
 30
37.663361625514405
 10
179.94080818686956
 20
66.65796547439493
 30
37.72232510288066
 10
180.0073267838909
 20
66.72448407141627
 30
37.81834705075446
 10
180.02949964956468
 20
66.74665693709005
 30
37.94797668038409
 10
180.01443483173847
 20
66.73159211926385
 30
38.06395318930041
 10
179.96924037825985
 20
66.68639766578524
 30
38.15022290809328
 10
179.878957561569
 20
66.59611484909439
 30
38.2178883744856
 10
179.7286276541061
 20
66.44578494163149
 30
38.27805212620028
 10
179.53087539757055
 20
66.24803268509595
 30
38.33986625514404
 10
179.27371259186125
 20
65.99086987938664
 30
38.45659293552812
 10
179.096329666471
 20
65.81348695399639
 30
38.626731824417014
 10
178.99352819834712
 20
65.7106854858725
 30
38.85778463648834
 10
178.95926104230583
 20
65.6764183298312
 30
39.15725308641976
 10
179.0070016621776
 20
65.72415894970298
 30
39.52723765432099
 10
179.15022352179292
 20
65.8673808093183
 30
39.800600137174214
 10
179.38298556623442
 20
66.10014285375982
 30
39.969388717421126
 10
179.69934674058476
 20
66.41650402811013
 30
40.02565157750343
 10
179.8649536464066
 20
66.582110933932
 30
40.01694958847737
 10
180.03501634341652
 20
66.75217363094191
 30
39.99084362139918
 10
180.21027746347914
 20
66.92743475100451
 30
39.947483710562416
 10
180.39147963845912
 20
67.10863692598451
 30
39.88701989026063
 10
180.39147963845912
 20
67.10863692598451
 30
39.29408436213992
 10
180.23043461409168
 20
66.94759190161705
 30
39.38455504115227
 10
180.07320883931396
 20
66.79036612683933
 30
39.44951989026063
 10
179.9225606610519
 20
66.63971794857727
 30
39.48912894375858
 10
181.1084315963659
 20
68.39127430884052
 30
37.175000000000004
 10
181.1084315963659
 20
68.39127430884052
 30
39.42911522633745
 10
180.45067194479918
 20
67.73351465727382
 30
39.42911522633745
 10
180.45067194479918
 20
67.73351465727382
 30
39.97524005486969
 10
182.2754245265649
 20
69.55826723903951
 30
39.97524005486969
 10
182.2754245265649
 20
69.55826723903951
 30
39.42911522633745
 10
181.61893795819478
 20
68.90178067066938
 30
39.42911522633745
 10
181.61893795819478
 20
68.90178067066938
 30
37.175000000000004
 10
181.3912743088405
 20
68.1084315963659
 30
37.175000000000004
 10
181.3912743088405
 20
68.1084315963659
 30
39.42911522633745
 10
180.73351465727382
 20
67.4506719447992
 30
39.42911522633745
 10
180.73351465727382
 20
67.4506719447992
 30
39.97524005486969
 10
182.5582672390395
 20
69.27542452656489
 30
39.97524005486969
 10
182.5582672390395
 20
69.27542452656489
 30
39.42911522633745
 10
181.90178067066938
 20
68.61893795819476
 30
39.42911522633745
 10
181.90178067066938
 20
68.61893795819476
 30
37.175000000000004
 10
183.30619755472975
 20
70.58904026720437
 30
39.502331961591224
 10
183.14706215515716
 20
70.42990486763178
 30
39.48447788065844
 10
183.03545519492357
 20
70.3182979073982
 30
39.43091563786009
 10
182.96989141029968
 20
70.25273412277429
 30
39.340294924554186
 10
182.94803681542504
 20
70.23087952789966
 30
39.21006515775034
 10
182.9627833624521
 20
70.24562607492672
 30
39.109692215363516
 10
183.00702300353328
 20
70.2898657160079
 30
39.03422496570645
 10
183.09009168211017
 20
70.37293439458479
 30
38.97616169410151
 10
183.22132534162438
 20
70.50416805409898
 30
38.926800411522635
 10
183.43859820717415
 20
70.72144091964876
 30
38.864986282578876
 10
183.7210104962823
 20
71.00385320875691
 30
38.746459190672155
 10
183.9079415456469
 20
71.19078425812151
 30
38.57932098765433
 10
184.01265263856567
 20
71.29549535104029
 30
38.347968106995886
 10
184.04755633620525
 20
71.33039904867988
 30
38.03559670781893
 10
183.99896699420242
 20
71.28180970667704
 30
37.632004458161866
 10
183.85319896819394
 20
71.13604168066854
 30
37.34663923182442
 10
183.60760000152024
 20
70.89044271399484
 30
37.17695044581619
 10
183.2595178375218
 20
70.5423605499964
 30
37.12038751714678
 10
183.07110152442783
 20
70.35394423690246
 30
37.13314043209877
 10
182.88183648920284
 20
70.16467920167746
 30
37.171399176954736
 10
182.6921470929123
 20
69.97498980538693
 30
37.234113511659814
 10
182.50245769662178
 20
69.78530040909641
 30
37.32143347050755
 10
182.50245769662178
 20
69.78530040909641
 30
37.930572702331965
 10
182.68896438492087
 20
69.97180709739548
 30
37.80574417009603
 10
182.86910565723704
 20
70.15194836971165
 30
37.715723593964334
 10
183.04298760383668
 20
70.3258303163113
 30
37.66171124828532
 10
183.2107163149862
 20
70.4935590274608
 30
37.64370713305899
 10
183.35828787552316
 20
70.6411305879978
 30
37.663361625514405
 10
183.46660603749893
 20
70.74944874997354
 30
37.72232510288066
 10
183.53312463452025
 20
70.81596734699488
 30
37.81834705075446
 10
183.55529750019403
 20
70.83814021266866
 30
37.94797668038409
 10
183.54023268236784
 20
70.82307539484245
 30
38.06395318930041
 10
183.49503822888923
 20
70.77788094136383
 30
38.15022290809328
 10
183.40475541219837
 20
70.68759812467299
 30
38.2178883744856
 10
183.25442550473548
 20
70.53726821721008
 30
38.27805212620028
 10
183.05667324819993
 20
70.33951596067455
 30
38.33986625514404
 10
182.79951044249063
 20
70.08235315496523
 30
38.45659293552812
 10
182.62212751710038
 20
69.90497022957499
 30
38.626731824417014
 10
182.51932604897647
 20
69.8021687614511
 30
38.85778463648834
 10
182.48505889293517
 20
69.7679016054098
 30
39.15725308641976
 10
182.53279951280697
 20
69.81564222528158
 30
39.52723765432099
 10
182.6760213724223
 20
69.9588640848969
 30
39.800600137174214
 10
182.9087834168638
 20
70.19162612933842
 30
39.969388717421126
 10
183.2251445912141
 20
70.50798730368872
 30
40.02565157750343
 10
183.39075149703598
 20
70.6735942095106
 30
40.01694958847737
 10
183.5608141940459
 20
70.84365690652051
 30
39.99084362139918
 10
183.7360753141085
 20
71.01891802658312
 30
39.947483710562416
 10
183.9172774890885
 20
71.20012020156311
 30
39.88701989026063
 10
183.9172774890885
 20
71.20012020156311
 30
39.29408436213992
 10
183.75623246472102
 20
71.03907517719566
 30
39.38455504115227
 10
183.5990066899433
 20
70.88184940241794
 30
39.44951989026063
 10
183.44835851168125
 20
70.73120122415588
 30
39.48912894375858
 10
183.58904026720435
 20
70.30619755472975
 30
39.502331961591224
 10
183.42990486763176
 20
70.14706215515716
 30
39.48447788065844
 10
183.3182979073982
 20
70.03545519492357
 30
39.43091563786009
 10
183.25273412277429
 20
69.96989141029968
 30
39.340294924554186
 10
183.23087952789965
 20
69.94803681542504
 30
39.21006515775034
 10
183.24562607492672
 20
69.9627833624521
 30
39.109692215363516
 10
183.2898657160079
 20
70.00702300353328
 30
39.03422496570645
 10
183.37293439458477
 20
70.09009168211017
 30
38.97616169410151
 10
183.50416805409898
 20
70.22132534162436
 30
38.926800411522635
 10
183.72144091964876
 20
70.43859820717414
 30
38.864986282578876
 10
184.0038532087569
 20
70.7210104962823
 30
38.746459190672155
 10
184.1907842581215
 20
70.9079415456469
 30
38.57932098765433
 10
184.29549535104027
 20
71.01265263856567
 30
38.347968106995886
 10
184.33039904867988
 20
71.04755633620525
 30
38.03559670781893
 10
184.28180970667705
 20
70.99896699420242
 30
37.632004458161866
 10
184.13604168066854
 20
70.85319896819392
 30
37.34663923182442
 10
183.89044271399484
 20
70.60760000152024
 30
37.17695044581619
 10
183.5423605499964
 20
70.25951783752178
 30
37.12038751714678
 10
183.35394423690246
 20
70.07110152442785
 30
37.13314043209877
 10
183.16467920167747
 20
69.88183648920284
 30
37.171399176954736
 10
182.97498980538694
 20
69.69214709291231
 30
37.234113511659814
 10
182.7853004090964
 20
69.50245769662179
 30
37.32143347050755
 10
182.7853004090964
 20
69.50245769662179
 30
37.930572702331965
 10
182.97180709739547
 20
69.68896438492087
 30
37.80574417009603
 10
183.15194836971165
 20
69.86910565723703
 30
37.715723593964334
 10
183.3258303163113
 20
70.04298760383668
 30
37.66171124828532
 10
183.4935590274608
 20
70.2107163149862
 30
37.64370713305899
 10
183.6411305879978
 20
70.35828787552317
 30
37.663361625514405
 10
183.74944874997354
 20
70.46660603749892
 30
37.72232510288066
 10
183.81596734699488
 20
70.53312463452026
 30
37.81834705075446
 10
183.83814021266866
 20
70.55529750019404
 30
37.94797668038409
 10
183.82307539484245
 20
70.54023268236784
 30
38.06395318930041
 10
183.77788094136383
 20
70.49503822888921
 30
38.15022290809328
 10
183.687598124673
 20
70.40475541219837
 30
38.2178883744856
 10
183.53726821721008
 20
70.25442550473547
 30
38.27805212620028
 10
183.33951596067453
 20
70.05667324819993
 30
38.33986625514404
 10
183.08235315496523
 20
69.79951044249063
 30
38.45659293552812
 10
182.90497022957499
 20
69.62212751710038
 30
38.626731824417014
 10
182.8021687614511
 20
69.51932604897648
 30
38.85778463648834
 10
182.7679016054098
 20
69.48505889293519
 30
39.15725308641976
 10
182.81564222528158
 20
69.53279951280696
 30
39.52723765432099
 10
182.9588640848969
 20
69.6760213724223
 30
39.800600137174214
 10
183.19162612933843
 20
69.9087834168638
 30
39.969388717421126
 10
183.50798730368874
 20
70.2251445912141
 30
40.02565157750343
 10
183.6735942095106
 20
70.39075149703598
 30
40.01694958847737
 10
183.8436569065205
 20
70.56081419404589
 30
39.99084362139918
 10
184.01891802658312
 20
70.7360753141085
 30
39.947483710562416
 10
184.2001202015631
 20
70.91727748908849
 30
39.88701989026063
 10
184.2001202015631
 20
70.91727748908849
 30
39.29408436213992
 10
184.03907517719566
 20
70.75623246472102
 30
39.38455504115227
 10
183.88184940241794
 20
70.59900668994331
 30
39.44951989026063
 10
183.73120122415588
 20
70.44835851168126
 30
39.48912894375858
 10
186.48720810191944
 20
73.77005081439405
 30
37.175000000000004
 10
186.1714834691674
 20
73.45432618164203
 30
37.175000000000004
 10
186.1714834691674
 20
73.45432618164203
 30
38.15802469135803
 10
185.47935057129303
 20
72.76219328376766
 30
38.15802469135803
 10
185.47935057129303
 20
72.76219328376766
 30
38.60032578875172
 10
186.1714834691674
 20
73.45432618164203
 30
38.60032578875172
 10
186.1714834691674
 20
73.45432618164203
 30
39.58335048010974
 10
186.48720810191944
 20
73.77005081439405
 30
39.58335048010974
 10
186.48720810191944
 20
73.77005081439405
 30
38.60032578875172
 10
187.17934099979382
 20
74.46218371226844
 30
38.60032578875172
 10
187.17934099979382
 20
74.46218371226844
 30
38.15802469135803
 10
186.48720810191944
 20
73.77005081439405
 30
38.15802469135803
 10
186.77005081439404
 20
73.48720810191944
 30
37.175000000000004
 10
186.45432618164205
 20
73.17148346916741
 30
37.175000000000004
 10
186.45432618164205
 20
73.17148346916741
 30
38.15802469135803
 10
185.76219328376766
 20
72.47935057129303
 30
38.15802469135803
 10
185.76219328376766
 20
72.47935057129303
 30
38.60032578875172
 10
186.45432618164205
 20
73.17148346916741
 30
38.60032578875172
 10
186.45432618164205
 20
73.17148346916741
 30
39.58335048010974
 10
186.77005081439404
 20
73.48720810191944
 30
39.58335048010974
 10
186.77005081439404
 20
73.48720810191944
 30
38.60032578875172
 10
187.46218371226843
 20
74.17934099979382
 30
38.60032578875172
 10
187.46218371226843
 20
74.17934099979382
 30
38.15802469135803
 10
186.77005081439404
 20
73.48720810191944
 30
38.15802469135803
 10
189.7809926022729
 20
77.06383531474752
 30
39.92872942386832
 10
190.01534600071014
 20
77.29818871318476
 30
39.7891975308642
 10
190.15220244434255
 20
77.43504515681718
 30
39.54974279835391
 10
190.1978212588867
 20
77.48066397136132
 30
39.2022633744856
 10
190.1740570392172
 20
77.45689975169181
 30
38.94975565843622
 10
190.10276438020867
 20
77.3856070926833
 30
38.746759259259264
 10
189.98404937212752
 20
77.26689208460215
 30
38.59192386831276
 10
189.81716938310907
 20
77.1000120955837
 30
38.483899176954736
 10
189.91646987244238
 20
77.19931258491698
 30
38.42883659122085
 10
190.00473697407196
 20
77.28757968654658
 30
38.330864197530865
 10
190.08833610398077
 20
77.37117881645538
 30
38.181280006858714
 10
190.17278395602062
 20
77.45562666849524
 30
37.970181755829906
 10
190.44989173180969
 20
77.7327344442843
 30
37.175000000000004
 10
189.9062852068697
 20
77.18912791934434
 30
37.175000000000004
 10
189.6648237605849
 20
76.94766647305953
 30
37.870558984910836
 10
189.59130320598237
 20
76.874145918457
 30
38.047299382716055
 10
189.516721748716
 20
76.79956446119064
 30
38.15742455418382
 10
189.42951554975025
 20
76.71235826222485
 30
38.215487825788756
 10
189.31727204791838
 20
76.60011476039298
 30
38.23484224965707
 10
189.17298928563923
 20
76.45583199811384
 30
38.23484224965707
 10
189.17298928563923
 20
76.45583199811384
 30
37.175000000000004
 10
188.66248292381036
 20
75.94532563628498
 30
37.175000000000004
 10
188.66248292381036
 20
75.94532563628498
 30
39.97524005486969
 10
189.44203420118328
 20
76.72487691365791
 30
39.97524005486969
 10
189.66991609337123
 20
76.95275880584585
 30
39.259576474622776
 10
189.61771968231142
 20
76.90056239478605
 30
39.36910150891633
 10
189.52542115055934
 20
76.80826386303394
 30
39.43121570644719
 10
189.38771598479585
 20
76.67055869727045
 30
39.45192043895748
 10
189.17298928563923
 20
76.45583199811384
 30
39.45192043895748
 10
189.17298928563923
 20
76.45583199811384
 30
38.73355624142661
 10
189.38771598479585
 20
76.67055869727045
 30
38.73355624142661
 10
189.52542115055934
 20
76.80826386303394
 30
38.75456104252401
 10
189.61771968231142
 20
76.90056239478605
 30
38.81757544581619
 10
189.66991609337123
 20
76.95275880584585
 30
38.92935099451304
 10
189.68731489705783
 20
76.97015760953245
 30
39.095438957476
 10
190.0638353147475
 20
76.7809926022729
 30
39.92872942386832
 10
190.29818871318474
 20
77.01534600071014
 30
39.7891975308642
 10
190.43504515681718
 20
77.15220244434256
 30
39.54974279835391
 10
190.4806639713613
 20
77.1978212588867
 30
39.2022633744856
 10
190.45689975169182
 20
77.17405703921719
 30
38.94975565843622
 10
190.3856070926833
 20
77.10276438020867
 30
38.746759259259264
 10
190.26689208460215
 20
76.98404937212753
 30
38.59192386831276
 10
190.10001209558368
 20
76.81716938310907
 30
38.483899176954736
 10
190.19931258491698
 20
76.91646987244236
 30
38.42883659122085
 10
190.28757968654656
 20
77.00473697407196
 30
38.330864197530865
 10
190.37117881645537
 20
77.08833610398077
 30
38.181280006858714
 10
190.45562666849523
 20
77.17278395602062
 30
37.970181755829906
 10
190.7327344442843
 20
77.44989173180969
 30
37.175000000000004
 10
190.18912791934434
 20
76.90628520686971
 30
37.175000000000004
 10
189.94766647305954
 20
76.66482376058491
 30
37.870558984910836
 10
189.874145918457
 20
76.59130320598237
 30
38.047299382716055
 10
189.79956446119064
 20
76.51672174871602
 30
38.15742455418382
 10
189.71235826222485
 20
76.42951554975025
 30
38.215487825788756
 10
189.60011476039298
 20
76.31727204791838
 30
38.23484224965707
 10
189.45583199811384
 20
76.17298928563922
 30
38.23484224965707
 10
189.45583199811384
 20
76.17298928563922
 30
37.175000000000004
 10
188.94532563628496
 20
75.66248292381036
 30
37.175000000000004
 10
188.94532563628496
 20
75.66248292381036
 30
39.97524005486969
 10
189.7248769136579
 20
76.44203420118329
 30
39.97524005486969
 10
189.95275880584586
 20
76.66991609337123
 30
39.259576474622776
 10
189.90056239478605
 20
76.61771968231142
 30
39.36910150891633
 10
189.80826386303394
 20
76.52542115055932
 30
39.43121570644719
 10
189.67055869727045
 20
76.38771598479585
 30
39.45192043895748
 10
189.45583199811384
 20
76.17298928563922
 30
39.45192043895748
 10
189.45583199811384
 20
76.17298928563922
 30
38.73355624142661
 10
189.67055869727045
 20
76.38771598479585
 30
38.73355624142661
 10
189.80826386303394
 20
76.52542115055932
 30
38.75456104252401
 10
189.90056239478605
 20
76.61771968231142
 30
38.81757544581619
 10
189.95275880584586
 20
76.66991609337123
 30
38.92935099451304
 10
189.97015760953246
 20
76.68731489705783
 30
39.095438957476
 10
191.25066106245896
 20
78.53350377493358
 30
39.97524005486969
 10
191.85961919149008
 20
79.14246190396469
 30
39.97524005486969
 10
192.59291511272056
 20
79.87575782519518
 30
37.175000000000004
 10
192.07986258449853
 20
79.36270529697315
 30
37.175000000000004
 10
191.95510043123363
 20
79.23794314370824
 30
37.68511659807957
 10
191.15687726697752
 20
78.43971997945212
 30
37.68511659807957
 10
191.03084203051603
 20
78.31368474299063
 30
37.175000000000004
 10
190.51736514122848
 20
77.80020785370309
 30
37.175000000000004
 10
191.82651902837898
 20
79.10936174085359
 30
38.204835390946506
 10
191.5557766685728
 20
78.83861938104742
 30
39.31868998628258
 10
191.28418558663557
 20
78.5670282991102
 30
38.204835390946506
 10
191.53350377493356
 20
78.25066106245896
 30
39.97524005486969
 10
192.1424619039647
 20
78.85961919149007
 30
39.97524005486969
 10
192.8757578251952
 20
79.59291511272056
 30
37.175000000000004
 10
192.36270529697316
 20
79.07986258449853
 30
37.175000000000004
 10
192.23794314370824
 20
78.95510043123363
 30
37.68511659807957
 10
191.43971997945212
 20
78.15687726697752
 30
37.68511659807957
 10
191.31368474299063
 20
78.03084203051603
 30
37.175000000000004
 10
190.80020785370309
 20
77.51736514122847
 30
37.175000000000004
 10
192.1093617408536
 20
78.82651902837897
 30
38.204835390946506
 10
191.8386193810474
 20
78.5557766685728
 30
39.31868998628258
 10
191.5670282991102
 20
78.28418558663557
 30
38.204835390946506
 10
192.85559461228172
 20
80.13843732475632
 30
37.175000000000004
 10
192.85559461228172
 20
80.13843732475632
 30
39.97524005486969
 10
193.3661009741106
 20
80.6489436865852
 30
39.97524005486969
 10
193.3661009741106
 20
80.6489436865852
 30
37.175000000000004
 10
193.13843732475632
 20
79.85559461228172
 30
37.175000000000004
 10
193.13843732475632
 20
79.85559461228172
 30
39.97524005486969
 10
193.6489436865852
 20
80.36610097411058
 30
39.97524005486969
 10
193.6489436865852
 20
80.36610097411058
 30
37.175000000000004
 10
195.272755241523
 20
82.55559795399759
 30
37.72052469135803
 10
195.272755241523
 20
82.55559795399759
 30
37.175000000000004
 10
193.8659983093013
 20
81.1488410217759
 30
37.175000000000004
 10
193.8659983093013
 20
81.1488410217759
 30
39.97524005486969
 10
194.37650467113014
 20
81.65934738360477
 30
39.97524005486969
 10
194.37650467113014
 20
81.65934738360477
 30
37.72052469135803
 10
195.5555979539976
 20
82.27275524152297
 30
37.72052469135803
 10
195.5555979539976
 20
82.27275524152297
 30
37.175000000000004
 10
194.1488410217759
 20
80.86599830930129
 30
37.175000000000004
 10
194.1488410217759
 20
80.86599830930129
 30
39.97524005486969
 10
194.65934738360477
 20
81.37650467113015
 30
39.97524005486969
 10
194.65934738360477
 20
81.37650467113015
 30
37.72052469135803
 10
195.77392565991025
 20
83.05676837238488
 30
36.62947530864198
 10
195.49172555133487
 20
82.77456826380947
 30
36.62947530864198
 10
195.62412620377924
 20
82.90696891625387
 30
37.32863511659808
 10
195.62412620377924
 20
82.90696891625387
 30
37.9005658436214
 10
196.101532402497
 20
83.38437511497165
 30
37.9005658436214
 10
196.101532402497
 20
83.38437511497165
 30
37.32863511659808
 10
196.05676837238488
 20
82.77392565991025
 30
36.62947530864198
 10
195.77456826380947
 20
82.49172555133485
 30
36.62947530864198
 10
195.90696891625387
 20
82.62412620377926
 30
37.32863511659808
 10
195.90696891625387
 20
82.62412620377926
 30
37.9005658436214
 10
196.38437511497165
 20
83.10153240249701
 30
37.9005658436214
 10
196.38437511497165
 20
83.10153240249701
 30
37.32863511659808
 10
198.22588389652472
 20
85.50872660899934
 30
37.175000000000004
 10
197.72853272772718
 20
85.0113754402018
 30
37.175000000000004
 10
198.4592824825645
 20
85.74212519503914
 30
39.44411865569273
 10
197.50574316832555
 20
84.78858588080017
 30
39.44411865569273
 10
197.50574316832555
 20
84.78858588080017
 30
39.97524005486969
 10
198.99779667471816
 20
86.28063938719276
 30
39.97524005486969
 10
198.99779667471816
 20
86.28063938719276
 30
39.56834705075446
 10
198.50872660899932
 20
85.22588389652472
 30
37.175000000000004
 10
198.0113754402018
 20
84.72853272772718
 30
37.175000000000004
 10
198.74212519503914
 20
85.45928248256452
 30
39.44411865569273
 10
197.78858588080016
 20
84.50574316832555
 30
39.44411865569273
 10
197.78858588080016
 20
84.50574316832555
 30
39.97524005486969
 10
199.28063938719276
 20
85.99779667471816
 30
39.97524005486969
 10
199.28063938719276
 20
85.99779667471816
 30
39.56834705075446
 10
199.47223234597723
 20
86.75507505845187
 30
39.97524005486969
 10
199.7866838955327
 20
87.0695266080073
 30
39.97524005486969
 10
199.7866838955327
 20
87.0695266080073
 30
38.93400205761317
 10
199.47223234597723
 20
86.75507505845187
 30
38.93400205761317
 10
199.75507505845187
 20
86.47223234597723
 30
39.97524005486969
 10
200.0695266080073
 20
86.78668389553268
 30
39.97524005486969
 10
200.0695266080073
 20
86.78668389553268
 30
38.93400205761317
 10
199.75507505845187
 20
86.47223234597723
 30
38.93400205761317
 10
200.1923730741764
 20
87.47521578665102
 30
38.007990397805216
 10
200.1923730741764
 20
87.47521578665102
 30
38.55351508916324
 10
201.02496948474018
 20
88.3078121972148
 30
38.55351508916324
 10
201.02496948474018
 20
88.3078121972148
 30
38.007990397805216
 10
200.475215786651
 20
87.1923730741764
 30
38.007990397805216
 10
200.475215786651
 20
87.1923730741764
 30
38.55351508916324
 10
201.3078121972148
 20
88.02496948474018
 30
38.55351508916324
 10
201.3078121972148
 20
88.02496948474018
 30
38.007990397805216
 10
202.54842570998179
 20
89.8312684224564
 30
39.50893347050755
 10
202.43851619401033
 20
89.72135890648494
 30
39.53909036351166
 10
202.331152844432
 20
89.61399555690662
 30
39.5491426611797
 10
202.12841434537654
 20
89.41125705785115
 30
39.50428240740741
 10
201.97596263258598
 20
89.25880534506061
 30
39.36970164609054
 10
201.87517687952334
 20
89.15801959199797
 30
39.14750085733883
 10
201.82743625965156
 20
89.1102789721262
 30
38.83858024691358
 10
201.91846170820708
 20
89.20130442068171
 30
38.918848593964334
 10
202.01670129487655
 20
89.29954400735119
 30
38.97601165980796
 10
202.12364028338936
 20
89.40648299586397
 30
39.01066958161866
 10
202.23991521534373
 20
89.52275792781833
 30
39.022222222222226
 10
202.5140524636741
 20
89.79689517614872
 30
38.959357853223594
 10
202.72962788496176
 20
90.01247059743639
 30
38.77076474622771
 10
202.8693487657865
 20
90.15219147826113
 30
38.48089849108368
 10
202.91592239272808
 20
90.19876510520271
 30
38.11301440329218
 10
202.86383207193467
 20
90.14667478440927
 30
37.70762174211249
 10
202.70756110955438
 20
89.990403822029
 30
37.391649519890265
 10
202.4640839482083
 20
89.74692666068293
 30
37.18820301783265
 10
202.1495263083865
 20
89.4323690208611
 30
37.12038751714678
 10
201.80727910903903
 20
89.09012182151366
 30
37.212508573388206
 10
201.5520259281246
 20
88.83486864059923
 30
37.48887174211249
 10
201.3935270701503
 20
88.67636978262493
 30
37.934923696845
 10
201.3406941174922
 20
88.62353682996682
 30
38.53491083676269
 10
201.40254474279277
 20
88.68538745526737
 30
39.154402434842254
 10
201.5880966186944
 20
88.87093933116901
 30
39.62536008230453
 10
201.88133011497348
 20
89.16417282744811
 30
39.92287808641976
 10
202.2662256014064
 20
89.54906831388101
 30
40.022050754458164
 10
202.4008541494448
 20
89.68369686191942
 30
40.014549039780526
 10
202.5314512673607
 20
89.81429397983533
 30
39.9920438957476
 10
202.65939612861706
 20
89.9422388410917
 30
39.9545353223594
 10
202.78606790667686
 20
90.06891061915147
 30
39.902023319615914
 10
202.78606790667686
 20
90.06891061915147
 30
39.384104938271605
 10
202.66363973927236
 20
89.94648245174696
 30
39.45762174211249
 10
201.90360907091366
 20
89.18645178338826
 30
38.28075274348423
 10
201.88684680882534
 20
89.16968952129996
 30
38.0656035665295
 10
201.90360907091366
 20
89.18645178338826
 30
37.850754458161866
 10
201.9538958571786
 20
89.2367385696532
 30
37.69711934156379
 10
202.03770716762014
 20
89.32054988009477
 30
37.60529835390947
 10
202.15504300223836
 20
89.43788571471296
 30
37.574691358024694
 10
202.27301537845483
 20
89.55585809092943
 30
37.60529835390947
 10
202.35703886942915
 20
89.63988158190377
 30
37.69711934156379
 10
202.40732565569408
 20
89.6901683681687
 30
37.850754458161866
 10
202.4240879177824
 20
89.70693063025702
 30
38.0656035665295
 10
202.40732565569408
 20
89.6901683681687
 30
38.28075274348423
 10
202.35703886942915
 20
89.63988158190377
 30
38.4340877914952
 10
202.27301537845483
 20
89.55585809092943
 30
38.52635888203018
 10
202.15504300223836
 20
89.43788571471296
 30
38.55711591220851
 10
202.03770716762014
 20
89.32054988009477
 30
38.52635888203018
 10
201.9538958571786
 20
89.2367385696532
 30
38.4340877914952
 10
202.8312684224564
 20
89.54842570998179
 30
39.50893347050755
 10
202.72135890648494
 20
89.43851619401032
 30
39.53909036351166
 10
202.61399555690662
 20
89.33115284443201
 30
39.5491426611797
 10
202.41125705785115
 20
89.12841434537653
 30
39.50428240740741
 10
202.2588053450606
 20
88.97596263258598
 30
39.36970164609054
 10
202.15801959199797
 20
88.87517687952334
 30
39.14750085733883
 10
202.1102789721262
 20
88.82743625965156
 30
38.83858024691358
 10
202.2013044206817
 20
88.91846170820709
 30
38.918848593964334
 10
202.2995440073512
 20
89.01670129487657
 30
38.97601165980796
 10
202.40648299586397
 20
89.12364028338935
 30
39.01066958161866
 10
202.52275792781833
 20
89.23991521534373
 30
39.022222222222226
 10
202.79689517614872
 20
89.5140524636741
 30
38.959357853223594
 10
203.0124705974364
 20
89.72962788496177
 30
38.77076474622771
 10
203.15219147826113
 20
89.8693487657865
 30
38.48089849108368
 10
203.1987651052027
 20
89.91592239272808
 30
38.11301440329218
 10
203.14667478440927
 20
89.86383207193465
 30
37.70762174211249
 10
202.990403822029
 20
89.70756110955438
 30
37.391649519890265
 10
202.74692666068293
 20
89.4640839482083
 30
37.18820301783265
 10
202.4323690208611
 20
89.14952630838648
 30
37.12038751714678
 10
202.09012182151366
 20
88.80727910903903
 30
37.212508573388206
 10
201.8348686405992
 20
88.5520259281246
 30
37.48887174211249
 10
201.67636978262493
 20
88.3935270701503
 30
37.934923696845
 10
201.62353682996684
 20
88.3406941174922
 30
38.53491083676269
 10
201.68538745526737
 20
88.40254474279276
 30
39.154402434842254
 10
201.870939331169
 20
88.5880966186944
 30
39.62536008230453
 10
202.1641728274481
 20
88.88133011497348
 30
39.92287808641976
 10
202.549068313881
 20
89.26622560140639
 30
40.022050754458164
 10
202.68369686191943
 20
89.4008541494448
 30
40.014549039780526
 10
202.81429397983533
 20
89.5314512673607
 30
39.9920438957476
 10
202.9422388410917
 20
89.65939612861706
 30
39.9545353223594
 10
203.06891061915147
 20
89.78606790667685
 30
39.902023319615914
 10
203.06891061915147
 20
89.78606790667685
 30
39.384104938271605
 10
202.94648245174696
 20
89.66363973927234
 30
39.45762174211249
 10
202.18645178338826
 20
88.90360907091366
 30
38.28075274348423
 10
202.16968952129997
 20
88.88684680882534
 30
38.0656035665295
 10
202.18645178338826
 20
88.90360907091366
 30
37.850754458161866
 10
202.2367385696532
 20
88.9538958571786
 30
37.69711934156379
 10
202.32054988009477
 20
89.03770716762014
 30
37.60529835390947
 10
202.43788571471296
 20
89.15504300223834
 30
37.574691358024694
 10
202.55585809092943
 20
89.27301537845483
 30
37.60529835390947
 10
202.63988158190375
 20
89.35703886942915
 30
37.69711934156379
 10
202.6901683681687
 20
89.40732565569408
 30
37.850754458161866
 10
202.70693063025703
 20
89.4240879177824
 30
38.0656035665295
 10
202.6901683681687
 20
89.40732565569408
 30
38.28075274348423
 10
202.63988158190375
 20
89.35703886942915
 30
38.4340877914952
 10
202.55585809092943
 20
89.27301537845483
 30
38.52635888203018
 10
202.43788571471296
 20
89.15504300223834
 30
38.55711591220851
 10
202.32054988009477
 20
89.03770716762014
 30
38.52635888203018
 10
202.2367385696532
 20
88.9538958571786
 30
38.4340877914952
 10
203.90383495327472
 20
91.18667766574933
 30
38.93400205761317
 10
203.90383495327472
 20
91.18667766574933
 30
39.97524005486969
 10
204.21828650283015
 20
91.50112921530477
 30
39.97524005486969
 10
204.21828650283015
 20
91.50112921530477
 30
38.93400205761317
 10
204.18667766574933
 20
90.90383495327472
 30
38.93400205761317
 10
204.18667766574933
 20
90.90383495327472
 30
39.97524005486969
 10
204.5011292153048
 20
91.21828650283015
 30
39.97524005486969
 10
204.5011292153048
 20
91.21828650283015
 30
38.93400205761317
 10
203.32033848817522
 20
90.60318120064984
 30
38.93400205761317
 10
203.32033848817522
 20
90.60318120064984
 30
39.97524005486969
 10
203.63479003773065
 20
90.91763275020529
 30
39.97524005486969
 10
203.63479003773065
 20
90.91763275020529
 30
38.93400205761317
 10
203.60318120064983
 20
90.32033848817522
 30
38.93400205761317
 10
203.60318120064983
 20
90.32033848817522
 30
39.97524005486969
 10
203.91763275020529
 20
90.63479003773065
 30
39.97524005486969
 10
203.91763275020529
 20
90.63479003773065
 30
38.93400205761317
 10
206.18222951408868
 20
93.46507222656331
 30
39.97524005486969
 10
206.18222951408868
 20
93.46507222656331
 30
38.908196159122085
 10
206.93547040539895
 20
94.21831311787355
 30
38.908196159122085
 10
206.93547040539895
 20
94.21831311787355
 30
39.97524005486969
 10
207.44597676722782
 20
94.72881947970242
 30
39.97524005486969
 10
207.44597676722782
 20
94.72881947970242
 30
37.175000000000004
 10
206.93547040539895
 20
94.21831311787355
 30
37.175000000000004
 10
206.93547040539895
 20
94.21831311787355
 30
38.36207133058985
 10
206.18222951408868
 20
93.46507222656331
 30
38.36207133058985
 10
206.18222951408868
 20
93.46507222656331
 30
37.175000000000004
 10
205.6717231522598
 20
92.95456586473443
 30
37.175000000000004
 10
205.6717231522598
 20
92.95456586473443
 30
39.97524005486969
 10
206.4650722265633
 20
93.18222951408868
 30
39.97524005486969
 10
206.4650722265633
 20
93.18222951408868
 30
38.908196159122085
 10
207.21831311787355
 20
93.93547040539895
 30
38.908196159122085
 10
207.21831311787355
 20
93.93547040539895
 30
39.97524005486969
 10
207.72881947970242
 20
94.4459767672278
 30
39.97524005486969
 10
207.72881947970242
 20
94.4459767672278
 30
37.175000000000004
 10
207.21831311787355
 20
93.93547040539895
 30
37.175000000000004
 10
207.21831311787355
 20
93.93547040539895
 30
38.36207133058985
 10
206.4650722265633
 20
93.18222951408868
 30
38.36207133058985
 10
206.4650722265633
 20
93.18222951408868
 30
37.175000000000004
 10
205.95456586473443
 20
92.67172315225982
 30
37.175000000000004
 10
205.95456586473443
 20
92.67172315225982
 30
39.97524005486969
 10
208.4551073810508
 20
95.73795009352541
 30
39.97524005486969
 10
208.4551073810508
 20
95.73795009352541
 30
37.175000000000004
 10
207.94460101922192
 20
95.22744373169654
 30
37.175000000000004
 10
207.94460101922192
 20
95.22744373169654
 30
39.97524005486969
 10
208.7379500935254
 20
95.4551073810508
 30
39.97524005486969
 10
208.7379500935254
 20
95.4551073810508
 30
37.175000000000004
 10
208.22744373169655
 20
94.94460101922192
 30
37.175000000000004
 10
208.22744373169655
 20
94.94460101922192
 30
39.97524005486969
 10
210.53978111545172
 20
97.82262382792634
 30
37.2681712962963
 10
210.33799742879367
 20
97.62084014126827
 30
37.18580246913581
 10
210.12921178455443
 20
97.41205449702905
 30
37.13674125514404
 10
209.91363636326676
 20
97.1964790757414
 30
37.12038751714678
 10
209.4702851400575
 20
96.75312785253215
 30
37.21820987654321
 10
209.12984147523855
 20
96.41268418771318
 30
37.511676954732515
 10
208.91309906102072
 20
96.19594177349532
 30
37.9724322702332
 10
208.84085158961474
 20
96.12369430208936
 30
38.57211934156379
 10
208.91437214421728
 20
96.19721485669189
 30
39.17690757887517
 10
209.1349338080249
 20
96.41777652049952
 30
39.637362825788756
 10
209.4838646941544
 20
96.76670740662901
 30
39.928579389574764
 10
209.94164419359154
 20
97.22448690606616
 30
40.02565157750343
 10
210.13483456867266
 20
97.41767728114729
 30
40.01244855967079
 10
210.319749902976
 20
97.60259261545062
 30
39.97283950617284
 10
210.4957536549033
 20
97.77859636737792
 30
39.907874657064475
 10
210.66136056072517
 20
97.9442032731998
 30
39.81740397805213
 10
210.66136056072517
 20
97.9442032731998
 30
39.23827160493828
 10
210.4962841062352
 20
97.77912681870983
 30
39.35409807956105
 10
210.3320563738763
 20
97.61489908635092
 30
39.43631687242799
 10
210.16804082205013
 20
97.45088353452476
 30
39.48582818930041
 10
210.00360090915848
 20
97.2864436216331
 30
39.502331961591224
 10
209.73381336174975
 20
97.01665607422436
 30
39.442018175582994
 10
209.53383320962018
 20
96.8166759220948
 30
39.261076817558305
 10
209.4100258687527
 20
96.69286858122734
 30
38.96850994513032
 10
209.36875675513022
 20
96.65159946760484
 30
38.57211934156379
 10
209.40854060502338
 20
96.69138331749798
 30
38.17842935528121
 10
209.5278921547028
 20
96.81073486717742
 30
37.88556241426612
 10
209.72044598818565
 20
97.00328870066026
 30
37.70417095336077
 10
209.97983668948896
 20
97.26267940196358
 30
37.64370713305899
 10
210.0567521326157
 20
97.33959484509032
 30
37.6471579218107
 10
210.12793870135783
 20
97.41078141383247
 30
37.65751028806584
 10
210.19275985411707
 20
97.4756025665917
 30
37.67581447187929
 10
210.25057904929514
 20
97.53342176176974
 30
37.70192043895748
 10
210.25057904929514
 20
97.53342176176974
 30
38.24564471879287
 10
209.93867366613284
 20
97.22151637860748
 30
38.24564471879287
 10
209.93867366613284
 20
97.22151637860748
 30
38.729955418381344
 10
210.7343506639958
 20
98.0171933764704
 30
38.729955418381344
 10
210.7343506639958
 20
98.0171933764704
 30
37.38324759945131
 10
210.82262382792635
 20
97.53978111545172
 30
37.2681712962963
 10
210.62084014126827
 20
97.33799742879367
 30
37.18580246913581
 10
210.41205449702903
 20
97.12921178455443
 30
37.13674125514404
 10
210.1964790757414
 20
96.91363636326676
 30
37.12038751714678
 10
209.75312785253215
 20
96.47028514005753
 30
37.21820987654321
 10
209.41268418771318
 20
96.12984147523856
 30
37.511676954732515
 10
209.19594177349532
 20
95.91309906102072
 30
37.9724322702332
 10
209.12369430208935
 20
95.84085158961474
 30
38.57211934156379
 10
209.1972148566919
 20
95.91437214421728
 30
39.17690757887517
 10
209.4177765204995
 20
96.1349338080249
 30
39.637362825788756
 10
209.766707406629
 20
96.48386469415439
 30
39.928579389574764
 10
210.22448690606615
 20
96.94164419359154
 30
40.02565157750343
 10
210.4176772811473
 20
97.13483456867266
 30
40.01244855967079
 10
210.60259261545062
 20
97.31974990297601
 30
39.97283950617284
 10
210.77859636737793
 20
97.4957536549033
 30
39.907874657064475
 10
210.9442032731998
 20
97.66136056072517
 30
39.81740397805213
 10
210.9442032731998
 20
97.66136056072517
 30
39.23827160493828
 10
210.7791268187098
 20
97.49628410623521
 30
39.35409807956105
 10
210.61489908635093
 20
97.3320563738763
 30
39.43631687242799
 10
210.45088353452476
 20
97.16804082205013
 30
39.48582818930041
 10
210.2864436216331
 20
97.00360090915848
 30
39.502331961591224
 10
210.01665607422436
 20
96.73381336174974
 30
39.442018175582994
 10
209.81667592209482
 20
96.53383320962018
 30
39.261076817558305
 10
209.69286858122734
 20
96.41002586875271
 30
38.96850994513032
 10
209.65159946760485
 20
96.36875675513022
 30
38.57211934156379
 10
209.69138331749798
 20
96.40854060502338
 30
38.17842935528121
 10
209.81073486717742
 20
96.52789215470281
 30
37.88556241426612
 10
210.00328870066028
 20
96.72044598818565
 30
37.70417095336077
 10
210.26267940196357
 20
96.97983668948896
 30
37.64370713305899
 10
210.33959484509032
 20
97.05675213261571
 30
37.6471579218107
 10
210.41078141383247
 20
97.12793870135785
 30
37.65751028806584
 10
210.4756025665917
 20
97.19275985411709
 30
37.67581447187929
 10
210.53342176176974
 20
97.25057904929514
 30
37.70192043895748
 10
210.53342176176974
 20
97.25057904929514
 30
38.24564471879287
 10
210.22151637860748
 20
96.93867366613284
 30
38.24564471879287
 10
210.22151637860748
 20
96.93867366613284
 30
38.729955418381344
 10
211.0171933764704
 20
97.7343506639958
 30
38.729955418381344
 10
211.0171933764704
 20
97.7343506639958
 30
37.38324759945131
 10
211.69467975528318
 20
98.97752246775781
 30
39.97524005486969
 10
211.69467975528318
 20
98.97752246775781
 30
38.908196159122085
 10
212.44792064659345
 20
99.73076335906808
 30
38.908196159122085
 10
212.44792064659345
 20
99.73076335906808
 30
39.97524005486969
 10
212.95842700842232
 20
100.24126972089692
 30
39.97524005486969
 10
212.95842700842232
 20
100.24126972089692
 30
37.175000000000004
 10
212.44792064659345
 20
99.73076335906808
 30
37.175000000000004
 10
212.44792064659345
 20
99.73076335906808
 30
38.36207133058985
 10
211.69467975528318
 20
98.97752246775781
 30
38.36207133058985
 10
211.69467975528318
 20
98.97752246775781
 30
37.175000000000004
 10
211.18417339345433
 20
98.46701610592893
 30
37.175000000000004
 10
211.18417339345433
 20
98.46701610592893
 30
39.97524005486969
 10
211.9775224677578
 20
98.69467975528319
 30
39.97524005486969
 10
211.9775224677578
 20
98.69467975528319
 30
38.908196159122085
 10
212.73076335906808
 20
99.44792064659345
 30
38.908196159122085
 10
212.73076335906808
 20
99.44792064659345
 30
39.97524005486969
 10
213.24126972089692
 20
99.95842700842232
 30
39.97524005486969
 10
213.24126972089692
 20
99.95842700842232
 30
37.175000000000004
 10
212.73076335906808
 20
99.44792064659345
 30
37.175000000000004
 10
212.73076335906808
 20
99.44792064659345
 30
38.36207133058985
 10
211.9775224677578
 20
98.69467975528319
 30
38.36207133058985
 10
211.9775224677578
 20
98.69467975528319
 30
37.175000000000004
 10
211.46701610592893
 20
98.18417339345433
 30
37.175000000000004
 10
211.46701610592893
 20
98.18417339345433
 30
39.97524005486969
 10
162.23223304703365
 20
49.23223304703363
 30
44.0
 10
162.323982778873
 20
49.22100759877447
 30
44.28540493341705
 10
120.09174973183934
 20
59.98877455174084
 30
58.285404933417055
 10
120.00000000000001
 20
60.0
 30
58.0
 10
162.34700839621786
 20
49.43032248183246
 30
44.19387417321738
 10
120.11477534918421
 20
60.19808943479883
 30
58.19387417321738
 10
162.30280017063674
 20
49.52359926054812
 30
43.98877455174084
 10
120.0705671236031
 20
60.291366213514486
 30
57.98877455174084
 10
162.2172546811066
 20
49.446197663004284
 30
43.7902506456108
 10
119.98502163407295
 20
60.21396461597065
 30
57.7902506456108
 10
162.14048331519433
 20
49.24345849529279
 30
43.714595066582945
 10
119.90825026816069
 20
60.01122544825916
 30
57.71459506658295
 10
162.11745769784946
 20
49.0341436122348
 30
43.80612582678262
 10
119.88522465081581
 20
59.80191056520117
 30
57.80612582678262
 10
162.16166592343058
 20
48.940866833519145
 30
44.01122544825916
 10
119.92943287639693
 20
59.708633786485514
 30
58.01122544825916
 10
162.24721141296072
 20
49.01826843106298
 30
44.2097493543892
 10
120.01497836592709
 20
59.78603538402935
 30
58.2097493543892
 10
119.36912266545704
 20
61.02078097002245
 30
58.0
 10
120.63087733454296
 20
61.02078097002245
 30
58.0
 10
119.36912266545704
 20
58.97921902997755
 30
58.0
 10
120.63087733454296
 20
58.97921902997755
 30
58.0
 10
120.0
 20
59.36912266545704
 30
59.02078097002245
 10
120.0
 20
60.63087733454296
 30
59.02078097002245
 10
120.0
 20
59.36912266545704
 30
56.97921902997755
 10
120.0
 20
60.63087733454296
 30
56.97921902997755
 10
121.02078097002244
 20
60.0
 30
57.36912266545704
 10
121.02078097002244
 20
60.0
 30
58.63087733454296
 10
118.97921902997756
 20
60.0
 30
57.36912266545704
 10
118.97921902997756
 20
60.0
 30
58.63087733454296
 10
120.0
 20
61.2
 30
58.0
 10
120.0
 20
58.8
 30
58.0
 10
119.62917960675006
 20
59.02917960675006
 30
58.6
 10
120.37082039324994
 20
59.02917960675006
 30
58.6
 10
119.62917960675006
 20
60.97082039324994
 30
58.6
 10
120.37082039324994
 20
60.97082039324994
 30
58.6
 10
120.0
 20
60.0
 30
59.2
 10
119.62917960675006
 20
59.02917960675006
 30
57.4
 10
120.37082039324994
 20
59.02917960675006
 30
57.4
 10
119.62917960675006
 20
60.97082039324994
 30
57.4
 10
120.37082039324994
 20
60.97082039324994
 30
57.4
 10
120.0
 20
60.0
 30
56.8
 10
120.97082039324994
 20
60.6
 30
57.629179606750064
 10
120.97082039324994
 20
59.4
 30
57.629179606750064
 10
120.6
 20
59.629179606750064
 30
57.02917960675006
 10
120.6
 20
60.370820393249936
 30
57.02917960675006
 10
120.97082039324994
 20
60.6
 30
58.370820393249936
 10
120.97082039324994
 20
59.4
 30
58.370820393249936
 10
120.6
 20
59.629179606750064
 30
58.97082039324994
 10
120.6
 20
60.370820393249936
 30
58.97082039324994
 10
121.2
 20
60.0
 30
58.0
 10
119.02917960675006
 20
60.6
 30
57.629179606750064
 10
119.02917960675006
 20
59.4
 30
57.629179606750064
 10
119.4
 20
59.629179606750064
 30
57.02917960675006
 10
119.4
 20
60.370820393249936
 30
57.02917960675006
 10
119.02917960675006
 20
60.6
 30
58.370820393249936
 10
119.02917960675006
 20
59.4
 30
58.370820393249936
 10
119.4
 20
59.629179606750064
 30
58.97082039324994
 10
119.4
 20
60.370820393249936
 30
58.97082039324994
 10
118.8
 20
60.0
 30
58.0
 93
16416
 90
3
 90
41
 90
42
 90
43
 90
3
 90
40
 90
41
 90
43
 90
3
 90
39
 90
40
 90
43
 90
3
 90
38
 90
39
 90
43
 90
3
 90
37
 90
38
 90
43
 90
3
 90
36
 90
37
 90
43
 90
3
 90
34
 90
35
 90
36
 90
3
 90
33
 90
34
 90
36
 90
3
 90
32
 90
33
 90
36
 90
3
 90
31
 90
32
 90
36
 90
3
 90
30
 90
31
 90
36
 90
3
 90
28
 90
29
 90
30
 90
3
 90
15
 90
16
 90
17
 90
3
 90
14
 90
15
 90
17
 90
3
 90
13
 90
14
 90
17
 90
3
 90
12
 90
13
 90
17
 90
3
 90
11
 90
12
 90
17
 90
3
 90
10
 90
11
 90
17
 90
3
 90
8
 90
9
 90
10
 90
3
 90
7
 90
8
 90
10
 90
3
 90
6
 90
7
 90
10
 90
3
 90
5
 90
6
 90
10
 90
3
 90
4
 90
5
 90
10
 90
3
 90
2
 90
3
 90
4
 90
3
 90
36
 90
43
 90
44
 90
3
 90
10
 90
17
 90
18
 90
3
 90
36
 90
44
 90
45
 90
3
 90
10
 90
18
 90
19
 90
3
 90
36
 90
45
 90
46
 90
3
 90
10
 90
19
 90
20
 90
3
 90
36
 90
46
 90
47
 90
3
 90
10
 90
20
 90
21
 90
3
 90
36
 90
47
 90
48
 90
3
 90
10
 90
21
 90
22
 90
3
 90
36
 90
48
 90
49
 90
3
 90
30
 90
36
 90
49
 90
3
 90
10
 90
22
 90
23
 90
3
 90
4
 90
10
 90
23
 90
3
 90
30
 90
49
 90
50
 90
3
 90
4
 90
23
 90
24
 90
3
 90
30
 90
50
 90
51
 90
3
 90
28
 90
30
 90
51
 90
3
 90
27
 90
28
 90
51
 90
3
 90
26
 90
27
 90
51
 90
3
 90
4
 90
24
 90
25
 90
3
 90
2
 90
4
 90
25
 90
3
 90
1
 90
2
 90
25
 90
3
 90
26
 90
51
 90
0
 90
3
 90
1
 90
25
 90
26
 90
3
 90
0
 90
1
 90
26
 90
3
 90
95
 90
94
 90
93
 90
3
 90
95
 90
93
 90
92
 90
3
 90
95
 90
92
 90
91
 90
3
 90
95
 90
91
 90
90
 90
3
 90
95
 90
90
 90
89
 90
3
 90
95
 90
89
 90
88
 90
3
 90
88
 90
87
 90
86
 90
3
 90
88
 90
86
 90
85
 90
3
 90
88
 90
85
 90
84
 90
3
 90
88
 90
84
 90
83
 90
3
 90
88
 90
83
 90
82
 90
3
 90
82
 90
81
 90
80
 90
3
 90
69
 90
68
 90
67
 90
3
 90
69
 90
67
 90
66
 90
3
 90
69
 90
66
 90
65
 90
3
 90
69
 90
65
 90
64
 90
3
 90
69
 90
64
 90
63
 90
3
 90
69
 90
63
 90
62
 90
3
 90
62
 90
61
 90
60
 90
3
 90
62
 90
60
 90
59
 90
3
 90
62
 90
59
 90
58
 90
3
 90
62
 90
58
 90
57
 90
3
 90
62
 90
57
 90
56
 90
3
 90
56
 90
55
 90
54
 90
3
 90
96
 90
95
 90
88
 90
3
 90
70
 90
69
 90
62
 90
3
 90
97
 90
96
 90
88
 90
3
 90
71
 90
70
 90
62
 90
3
 90
98
 90
97
 90
88
 90
3
 90
72
 90
71
 90
62
 90
3
 90
99
 90
98
 90
88
 90
3
 90
73
 90
72
 90
62
 90
3
 90
100
 90
99
 90
88
 90
3
 90
74
 90
73
 90
62
 90
3
 90
101
 90
100
 90
88
 90
3
 90
101
 90
88
 90
82
 90
3
 90
75
 90
74
 90
62
 90
3
 90
75
 90
62
 90
56
 90
3
 90
102
 90
101
 90
82
 90
3
 90
76
 90
75
 90
56
 90
3
 90
103
 90
102
 90
82
 90
3
 90
103
 90
82
 90
80
 90
3
 90
103
 90
80
 90
79
 90
3
 90
103
 90
79
 90
78
 90
3
 90
77
 90
76
 90
56
 90
3
 90
77
 90
56
 90
54
 90
3
 90
77
 90
54
 90
53
 90
3
 90
52
 90
103
 90
78
 90
3
 90
78
 90
77
 90
53
 90
3
 90
78
 90
53
 90
52
 90
3
 90
52
 90
53
 90
0
 90
3
 90
0
 90
53
 90
1
 90
3
 90
53
 90
54
 90
1
 90
3
 90
1
 90
54
 90
2
 90
3
 90
54
 90
55
 90
2
 90
3
 90
2
 90
55
 90
3
 90
3
 90
55
 90
56
 90
3
 90
3
 90
3
 90
56
 90
4
 90
3
 90
56
 90
57
 90
4
 90
3
 90
4
 90
57
 90
5
 90
3
 90
57
 90
58
 90
5
 90
3
 90
5
 90
58
 90
6
 90
3
 90
58
 90
59
 90
6
 90
3
 90
6
 90
59
 90
7
 90
3
 90
59
 90
60
 90
7
 90
3
 90
7
 90
60
 90
8
 90
3
 90
60
 90
61
 90
8
 90
3
 90
8
 90
61
 90
9
 90
3
 90
61
 90
62
 90
9
 90
3
 90
9
 90
62
 90
10
 90
3
 90
62
 90
63
 90
10
 90
3
 90
10
 90
63
 90
11
 90
3
 90
63
 90
64
 90
11
 90
3
 90
11
 90
64
 90
12
 90
3
 90
64
 90
65
 90
12
 90
3
 90
12
 90
65
 90
13
 90
3
 90
65
 90
66
 90
13
 90
3
 90
13
 90
66
 90
14
 90
3
 90
66
 90
67
 90
14
 90
3
 90
14
 90
67
 90
15
 90
3
 90
67
 90
68
 90
15
 90
3
 90
15
 90
68
 90
16
 90
3
 90
68
 90
69
 90
16
 90
3
 90
16
 90
69
 90
17
 90
3
 90
69
 90
70
 90
17
 90
3
 90
17
 90
70
 90
18
 90
3
 90
70
 90
71
 90
18
 90
3
 90
18
 90
71
 90
19
 90
3
 90
71
 90
72
 90
19
 90
3
 90
19
 90
72
 90
20
 90
3
 90
72
 90
73
 90
20
 90
3
 90
20
 90
73
 90
21
 90
3
 90
73
 90
74
 90
21
 90
3
 90
21
 90
74
 90
22
 90
3
 90
74
 90
75
 90
22
 90
3
 90
22
 90
75
 90
23
 90
3
 90
75
 90
76
 90
23
 90
3
 90
23
 90
76
 90
24
 90
3
 90
76
 90
77
 90
24
 90
3
 90
24
 90
77
 90
25
 90
3
 90
77
 90
78
 90
25
 90
3
 90
25
 90
78
 90
26
 90
3
 90
78
 90
79
 90
26
 90
3
 90
26
 90
79
 90
27
 90
3
 90
79
 90
80
 90
27
 90
3
 90
27
 90
80
 90
28
 90
3
 90
80
 90
81
 90
28
 90
3
 90
28
 90
81
 90
29
 90
3
 90
81
 90
82
 90
29
 90
3
 90
29
 90
82
 90
30
 90
3
 90
82
 90
83
 90
30
 90
3
 90
30
 90
83
 90
31
 90
3
 90
83
 90
84
 90
31
 90
3
 90
31
 90
84
 90
32
 90
3
 90
84
 90
85
 90
32
 90
3
 90
32
 90
85
 90
33
 90
3
 90
85
 90
86
 90
33
 90
3
 90
33
 90
86
 90
34
 90
3
 90
86
 90
87
 90
34
 90
3
 90
34
 90
87
 90
35
 90
3
 90
87
 90
88
 90
35
 90
3
 90
35
 90
88
 90
36
 90
3
 90
88
 90
89
 90
36
 90
3
 90
36
 90
89
 90
37
 90
3
 90
89
 90
90
 90
37
 90
3
 90
37
 90
90
 90
38
 90
3
 90
90
 90
91
 90
38
 90
3
 90
38
 90
91
 90
39
 90
3
 90
91
 90
92
 90
39
 90
3
 90
39
 90
92
 90
40
 90
3
 90
92
 90
93
 90
40
 90
3
 90
40
 90
93
 90
41
 90
3
 90
93
 90
94
 90
41
 90
3
 90
41
 90
94
 90
42
 90
3
 90
94
 90
95
 90
42
 90
3
 90
42
 90
95
 90
43
 90
3
 90
95
 90
96
 90
43
 90
3
 90
43
 90
96
 90
44
 90
3
 90
96
 90
97
 90
44
 90
3
 90
44
 90
97
 90
45
 90
3
 90
97
 90
98
 90
45
 90
3
 90
45
 90
98
 90
46
 90
3
 90
98
 90
99
 90
46
 90
3
 90
46
 90
99
 90
47
 90
3
 90
99
 90
100
 90
47
 90
3
 90
47
 90
100
 90
48
 90
3
 90
100
 90
101
 90
48
 90
3
 90
48
 90
101
 90
49
 90
3
 90
101
 90
102
 90
49
 90
3
 90
49
 90
102
 90
50
 90
3
 90
103
 90
52
 90
51
 90
3
 90
51
 90
52
 90
0
 90
3
 90
102
 90
103
 90
50
 90
3
 90
50
 90
103
 90
51
 90
3
 90
106
 90
107
 90
104
 90
3
 90
105
 90
106
 90
104
 90
3
 90
108
 90
111
 90
110
 90
3
 90
108
 90
110
 90
109
 90
3
 90
108
 90
109
 90
104
 90
3
 90
104
 90
109
 90
105
 90
3
 90
109
 90
110
 90
105
 90
3
 90
105
 90
110
 90
106
 90
3
 90
111
 90
108
 90
107
 90
3
 90
107
 90
108
 90
104
 90
3
 90
110
 90
111
 90
106
 90
3
 90
106
 90
111
 90
107
 90
3
 90
131
 90
132
 90
119
 90
3
 90
119
 90
132
 90
133
 90
3
 90
118
 90
119
 90
133
 90
3
 90
117
 90
118
 90
133
 90
3
 90
116
 90
117
 90
133
 90
3
 90
115
 90
116
 90
133
 90
3
 90
114
 90
115
 90
133
 90
3
 90
113
 90
114
 90
133
 90
3
 90
130
 90
112
 90
113
 90
3
 90
129
 90
130
 90
113
 90
3
 90
128
 90
129
 90
113
 90
3
 90
127
 90
128
 90
113
 90
3
 90
126
 90
127
 90
113
 90
3
 90
125
 90
126
 90
113
 90
3
 90
124
 90
125
 90
113
 90
3
 90
123
 90
124
 90
113
 90
3
 90
121
 90
122
 90
123
 90
3
 90
120
 90
121
 90
123
 90
3
 90
131
 90
119
 90
120
 90
3
 90
141
 90
131
 90
120
 90
3
 90
140
 90
141
 90
120
 90
3
 90
113
 90
133
 90
134
 90
3
 90
140
 90
120
 90
123
 90
3
 90
139
 90
140
 90
123
 90
3
 90
138
 90
139
 90
123
 90
3
 90
137
 90
138
 90
123
 90
3
 90
113
 90
134
 90
135
 90
3
 90
137
 90
123
 90
113
 90
3
 90
136
 90
137
 90
113
 90
3
 90
135
 90
136
 90
113
 90
3
 90
149
 90
162
 90
161
 90
3
 90
163
 90
162
 90
149
 90
3
 90
163
 90
149
 90
148
 90
3
 90
163
 90
148
 90
147
 90
3
 90
163
 90
147
 90
146
 90
3
 90
163
 90
146
 90
145
 90
3
 90
163
 90
145
 90
144
 90
3
 90
163
 90
144
 90
143
 90
3
 90
143
 90
142
 90
160
 90
3
 90
143
 90
160
 90
159
 90
3
 90
143
 90
159
 90
158
 90
3
 90
143
 90
158
 90
157
 90
3
 90
143
 90
157
 90
156
 90
3
 90
143
 90
156
 90
155
 90
3
 90
143
 90
155
 90
154
 90
3
 90
143
 90
154
 90
153
 90
3
 90
153
 90
152
 90
151
 90
3
 90
153
 90
151
 90
150
 90
3
 90
150
 90
149
 90
161
 90
3
 90
150
 90
161
 90
171
 90
3
 90
150
 90
171
 90
170
 90
3
 90
164
 90
163
 90
143
 90
3
 90
153
 90
150
 90
170
 90
3
 90
153
 90
170
 90
169
 90
3
 90
153
 90
169
 90
168
 90
3
 90
153
 90
168
 90
167
 90
3
 90
165
 90
164
 90
143
 90
3
 90
143
 90
153
 90
167
 90
3
 90
143
 90
167
 90
166
 90
3
 90
143
 90
166
 90
165
 90
3
 90
142
 90
143
 90
112
 90
3
 90
112
 90
143
 90
113
 90
3
 90
143
 90
144
 90
113
 90
3
 90
113
 90
144
 90
114
 90
3
 90
144
 90
145
 90
114
 90
3
 90
114
 90
145
 90
115
 90
3
 90
145
 90
146
 90
115
 90
3
 90
115
 90
146
 90
116
 90
3
 90
146
 90
147
 90
116
 90
3
 90
116
 90
147
 90
117
 90
3
 90
147
 90
148
 90
117
 90
3
 90
117
 90
148
 90
118
 90
3
 90
148
 90
149
 90
118
 90
3
 90
118
 90
149
 90
119
 90
3
 90
149
 90
150
 90
119
 90
3
 90
119
 90
150
 90
120
 90
3
 90
150
 90
151
 90
120
 90
3
 90
120
 90
151
 90
121
 90
3
 90
151
 90
152
 90
121
 90
3
 90
121
 90
152
 90
122
 90
3
 90
152
 90
153
 90
122
 90
3
 90
122
 90
153
 90
123
 90
3
 90
153
 90
154
 90
123
 90
3
 90
123
 90
154
 90
124
 90
3
 90
154
 90
155
 90
124
 90
3
 90
124
 90
155
 90
125
 90
3
 90
155
 90
156
 90
125
 90
3
 90
125
 90
156
 90
126
 90
3
 90
156
 90
157
 90
126
 90
3
 90
126
 90
157
 90
127
 90
3
 90
157
 90
158
 90
127
 90
3
 90
127
 90
158
 90
128
 90
3
 90
158
 90
159
 90
128
 90
3
 90
128
 90
159
 90
129
 90
3
 90
160
 90
142
 90
130
 90
3
 90
130
 90
142
 90
112
 90
3
 90
159
 90
160
 90
129
 90
3
 90
129
 90
160
 90
130
 90
3
 90
161
 90
162
 90
131
 90
3
 90
131
 90
162
 90
132
 90
3
 90
162
 90
163
 90
132
 90
3
 90
132
 90
163
 90
133
 90
3
 90
163
 90
164
 90
133
 90
3
 90
133
 90
164
 90
134
 90
3
 90
164
 90
165
 90
134
 90
3
 90
134
 90
165
 90
135
 90
3
 90
165
 90
166
 90
135
 90
3
 90
135
 90
166
 90
136
 90
3
 90
166
 90
167
 90
136
 90
3
 90
136
 90
167
 90
137
 90
3
 90
167
 90
168
 90
137
 90
3
 90
137
 90
168
 90
138
 90
3
 90
168
 90
169
 90
138
 90
3
 90
138
 90
169
 90
139
 90
3
 90
169
 90
170
 90
139
 90
3
 90
139
 90
170
 90
140
 90
3
 90
171
 90
161
 90
141
 90
3
 90
141
 90
161
 90
131
 90
3
 90
170
 90
171
 90
140
 90
3
 90
140
 90
171
 90
141
 90
3
 90
182
 90
183
 90
172
 90
3
 90
179
 90
180
 90
181
 90
3
 90
178
 90
179
 90
181
 90
3
 90
175
 90
176
 90
177
 90
3
 90
174
 90
175
 90
177
 90
3
 90
173
 90
174
 90
177
 90
3
 90
182
 90
172
 90
173
 90
3
 90
181
 90
182
 90
173
 90
3
 90
178
 90
181
 90
173
 90
3
 90
177
 90
178
 90
173
 90
3
 90
184
 90
195
 90
194
 90
3
 90
193
 90
192
 90
191
 90
3
 90
193
 90
191
 90
190
 90
3
 90
189
 90
188
 90
187
 90
3
 90
189
 90
187
 90
186
 90
3
 90
189
 90
186
 90
185
 90
3
 90
185
 90
184
 90
194
 90
3
 90
185
 90
194
 90
193
 90
3
 90
185
 90
193
 90
190
 90
3
 90
185
 90
190
 90
189
 90
3
 90
184
 90
185
 90
172
 90
3
 90
172
 90
185
 90
173
 90
3
 90
185
 90
186
 90
173
 90
3
 90
173
 90
186
 90
174
 90
3
 90
186
 90
187
 90
174
 90
3
 90
174
 90
187
 90
175
 90
3
 90
187
 90
188
 90
175
 90
3
 90
175
 90
188
 90
176
 90
3
 90
188
 90
189
 90
176
 90
3
 90
176
 90
189
 90
177
 90
3
 90
189
 90
190
 90
177
 90
3
 90
177
 90
190
 90
178
 90
3
 90
190
 90
191
 90
178
 90
3
 90
178
 90
191
 90
179
 90
3
 90
191
 90
192
 90
179
 90
3
 90
179
 90
192
 90
180
 90
3
 90
192
 90
193
 90
180
 90
3
 90
180
 90
193
 90
181
 90
3
 90
193
 90
194
 90
181
 90
3
 90
181
 90
194
 90
182
 90
3
 90
195
 90
184
 90
183
 90
3
 90
183
 90
184
 90
172
 90
3
 90
194
 90
195
 90
182
 90
3
 90
182
 90
195
 90
183
 90
3
 90
204
 90
205
 90
196
 90
3
 90
203
 90
204
 90
196
 90
3
 90
201
 90
202
 90
203
 90
3
 90
200
 90
201
 90
203
 90
3
 90
197
 90
198
 90
199
 90
3
 90
196
 90
197
 90
199
 90
3
 90
200
 90
203
 90
196
 90
3
 90
199
 90
200
 90
196
 90
3
 90
206
 90
215
 90
214
 90
3
 90
206
 90
214
 90
213
 90
3
 90
213
 90
212
 90
211
 90
3
 90
213
 90
211
 90
210
 90
3
 90
209
 90
208
 90
207
 90
3
 90
209
 90
207
 90
206
 90
3
 90
206
 90
213
 90
210
 90
3
 90
206
 90
210
 90
209
 90
3
 90
206
 90
207
 90
196
 90
3
 90
196
 90
207
 90
197
 90
3
 90
207
 90
208
 90
197
 90
3
 90
197
 90
208
 90
198
 90
3
 90
208
 90
209
 90
198
 90
3
 90
198
 90
209
 90
199
 90
3
 90
209
 90
210
 90
199
 90
3
 90
199
 90
210
 90
200
 90
3
 90
210
 90
211
 90
200
 90
3
 90
200
 90
211
 90
201
 90
3
 90
211
 90
212
 90
201
 90
3
 90
201
 90
212
 90
202
 90
3
 90
212
 90
213
 90
202
 90
3
 90
202
 90
213
 90
203
 90
3
 90
213
 90
214
 90
203
 90
3
 90
203
 90
214
 90
204
 90
3
 90
215
 90
206
 90
205
 90
3
 90
205
 90
206
 90
196
 90
3
 90
214
 90
215
 90
204
 90
3
 90
204
 90
215
 90
205
 90
3
 90
250
 90
240
 90
232
 90
3
 90
232
 90
240
 90
241
 90
3
 90
230
 90
231
 90
232
 90
3
 90
223
 90
224
 90
225
 90
3
 90
222
 90
223
 90
225
 90
3
 90
221
 90
222
 90
225
 90
3
 90
220
 90
221
 90
225
 90
3
 90
219
 90
220
 90
225
 90
3
 90
218
 90
219
 90
225
 90
3
 90
216
 90
217
 90
218
 90
3
 90
239
 90
216
 90
218
 90
3
 90
238
 90
239
 90
218
 90
3
 90
237
 90
238
 90
218
 90
3
 90
236
 90
237
 90
218
 90
3
 90
235
 90
236
 90
218
 90
3
 90
233
 90
234
 90
235
 90
3
 90
250
 90
232
 90
233
 90
3
 90
249
 90
250
 90
233
 90
3
 90
248
 90
249
 90
233
 90
3
 90
230
 90
232
 90
241
 90
3
 90
229
 90
230
 90
241
 90
3
 90
228
 90
229
 90
241
 90
3
 90
227
 90
228
 90
241
 90
3
 90
226
 90
227
 90
241
 90
3
 90
225
 90
226
 90
241
 90
3
 90
218
 90
225
 90
241
 90
3
 90
248
 90
233
 90
235
 90
3
 90
247
 90
248
 90
235
 90
3
 90
246
 90
247
 90
235
 90
3
 90
245
 90
246
 90
235
 90
3
 90
244
 90
245
 90
235
 90
3
 90
218
 90
241
 90
242
 90
3
 90
244
 90
235
 90
218
 90
3
 90
243
 90
244
 90
218
 90
3
 90
242
 90
243
 90
218
 90
3
 90
267
 90
275
 90
285
 90
3
 90
276
 90
275
 90
267
 90
3
 90
267
 90
266
 90
265
 90
3
 90
260
 90
259
 90
258
 90
3
 90
260
 90
258
 90
257
 90
3
 90
260
 90
257
 90
256
 90
3
 90
260
 90
256
 90
255
 90
3
 90
260
 90
255
 90
254
 90
3
 90
260
 90
254
 90
253
 90
3
 90
253
 90
252
 90
251
 90
3
 90
253
 90
251
 90
274
 90
3
 90
253
 90
274
 90
273
 90
3
 90
253
 90
273
 90
272
 90
3
 90
253
 90
272
 90
271
 90
3
 90
253
 90
271
 90
270
 90
3
 90
270
 90
269
 90
268
 90
3
 90
268
 90
267
 90
285
 90
3
 90
268
 90
285
 90
284
 90
3
 90
268
 90
284
 90
283
 90
3
 90
276
 90
267
 90
265
 90
3
 90
276
 90
265
 90
264
 90
3
 90
276
 90
264
 90
263
 90
3
 90
276
 90
263
 90
262
 90
3
 90
276
 90
262
 90
261
 90
3
 90
276
 90
261
 90
260
 90
3
 90
276
 90
260
 90
253
 90
3
 90
270
 90
268
 90
283
 90
3
 90
270
 90
283
 90
282
 90
3
 90
270
 90
282
 90
281
 90
3
 90
270
 90
281
 90
280
 90
3
 90
270
 90
280
 90
279
 90
3
 90
277
 90
276
 90
253
 90
3
 90
253
 90
270
 90
279
 90
3
 90
253
 90
279
 90
278
 90
3
 90
253
 90
278
 90
277
 90
3
 90
251
 90
252
 90
216
 90
3
 90
216
 90
252
 90
217
 90
3
 90
252
 90
253
 90
217
 90
3
 90
217
 90
253
 90
218
 90
3
 90
253
 90
254
 90
218
 90
3
 90
218
 90
254
 90
219
 90
3
 90
254
 90
255
 90
219
 90
3
 90
219
 90
255
 90
220
 90
3
 90
255
 90
256
 90
220
 90
3
 90
220
 90
256
 90
221
 90
3
 90
256
 90
257
 90
221
 90
3
 90
221
 90
257
 90
222
 90
3
 90
257
 90
258
 90
222
 90
3
 90
222
 90
258
 90
223
 90
3
 90
258
 90
259
 90
223
 90
3
 90
223
 90
259
 90
224
 90
3
 90
259
 90
260
 90
224
 90
3
 90
224
 90
260
 90
225
 90
3
 90
260
 90
261
 90
225
 90
3
 90
225
 90
261
 90
226
 90
3
 90
261
 90
262
 90
226
 90
3
 90
226
 90
262
 90
227
 90
3
 90
262
 90
263
 90
227
 90
3
 90
227
 90
263
 90
228
 90
3
 90
263
 90
264
 90
228
 90
3
 90
228
 90
264
 90
229
 90
3
 90
264
 90
265
 90
229
 90
3
 90
229
 90
265
 90
230
 90
3
 90
265
 90
266
 90
230
 90
3
 90
230
 90
266
 90
231
 90
3
 90
266
 90
267
 90
231
 90
3
 90
231
 90
267
 90
232
 90
3
 90
267
 90
268
 90
232
 90
3
 90
232
 90
268
 90
233
 90
3
 90
268
 90
269
 90
233
 90
3
 90
233
 90
269
 90
234
 90
3
 90
269
 90
270
 90
234
 90
3
 90
234
 90
270
 90
235
 90
3
 90
270
 90
271
 90
235
 90
3
 90
235
 90
271
 90
236
 90
3
 90
271
 90
272
 90
236
 90
3
 90
236
 90
272
 90
237
 90
3
 90
272
 90
273
 90
237
 90
3
 90
237
 90
273
 90
238
 90
3
 90
274
 90
251
 90
239
 90
3
 90
239
 90
251
 90
216
 90
3
 90
273
 90
274
 90
238
 90
3
 90
238
 90
274
 90
239
 90
3
 90
275
 90
276
 90
240
 90
3
 90
240
 90
276
 90
241
 90
3
 90
276
 90
277
 90
241
 90
3
 90
241
 90
277
 90
242
 90
3
 90
277
 90
278
 90
242
 90
3
 90
242
 90
278
 90
243
 90
3
 90
278
 90
279
 90
243
 90
3
 90
243
 90
279
 90
244
 90
3
 90
279
 90
280
 90
244
 90
3
 90
244
 90
280
 90
245
 90
3
 90
280
 90
281
 90
245
 90
3
 90
245
 90
281
 90
246
 90
3
 90
281
 90
282
 90
246
 90
3
 90
246
 90
282
 90
247
 90
3
 90
282
 90
283
 90
247
 90
3
 90
247
 90
283
 90
248
 90
3
 90
283
 90
284
 90
248
 90
3
 90
248
 90
284
 90
249
 90
3
 90
285
 90
275
 90
250
 90
3
 90
250
 90
275
 90
240
 90
3
 90
284
 90
285
 90
249
 90
3
 90
249
 90
285
 90
250
 90
3
 90
296
 90
294
 90
288
 90
3
 90
287
 90
288
 90
294
 90
3
 90
286
 90
287
 90
294
 90
3
 90
293
 90
286
 90
294
 90
3
 90
291
 90
292
 90
293
 90
3
 90
290
 90
291
 90
293
 90
3
 90
288
 90
289
 90
290
 90
3
 90
296
 90
288
 90
290
 90
3
 90
295
 90
296
 90
290
 90
3
 90
293
 90
294
 90
295
 90
3
 90
290
 90
293
 90
295
 90
3
 90
299
 90
305
 90
307
 90
3
 90
305
 90
299
 90
298
 90
3
 90
305
 90
298
 90
297
 90
3
 90
305
 90
297
 90
304
 90
3
 90
304
 90
303
 90
302
 90
3
 90
304
 90
302
 90
301
 90
3
 90
301
 90
300
 90
299
 90
3
 90
301
 90
299
 90
307
 90
3
 90
301
 90
307
 90
306
 90
3
 90
306
 90
305
 90
304
 90
3
 90
306
 90
304
 90
301
 90
3
 90
297
 90
298
 90
286
 90
3
 90
286
 90
298
 90
287
 90
3
 90
298
 90
299
 90
287
 90
3
 90
287
 90
299
 90
288
 90
3
 90
299
 90
300
 90
288
 90
3
 90
288
 90
300
 90
289
 90
3
 90
300
 90
301
 90
289
 90
3
 90
289
 90
301
 90
290
 90
3
 90
301
 90
302
 90
290
 90
3
 90
290
 90
302
 90
291
 90
3
 90
302
 90
303
 90
291
 90
3
 90
291
 90
303
 90
292
 90
3
 90
304
 90
297
 90
293
 90
3
 90
293
 90
297
 90
286
 90
3
 90
303
 90
304
 90
292
 90
3
 90
292
 90
304
 90
293
 90
3
 90
305
 90
306
 90
294
 90
3
 90
294
 90
306
 90
295
 90
3
 90
307
 90
305
 90
296
 90
3
 90
296
 90
305
 90
294
 90
3
 90
306
 90
307
 90
295
 90
3
 90
295
 90
307
 90
296
 90
3
 90
318
 90
319
 90
320
 90
3
 90
317
 90
318
 90
320
 90
3
 90
316
 90
317
 90
320
 90
3
 90
315
 90
316
 90
320
 90
3
 90
313
 90
314
 90
315
 90
3
 90
311
 90
312
 90
313
 90
3
 90
310
 90
311
 90
313
 90
3
 90
308
 90
309
 90
310
 90
3
 90
315
 90
320
 90
308
 90
3
 90
310
 90
313
 90
315
 90
3
 90
308
 90
310
 90
315
 90
3
 90
333
 90
332
 90
331
 90
3
 90
333
 90
331
 90
330
 90
3
 90
333
 90
330
 90
329
 90
3
 90
333
 90
329
 90
328
 90
3
 90
328
 90
327
 90
326
 90
3
 90
326
 90
325
 90
324
 90
3
 90
326
 90
324
 90
323
 90
3
 90
323
 90
322
 90
321
 90
3
 90
321
 90
333
 90
328
 90
3
 90
328
 90
326
 90
323
 90
3
 90
328
 90
323
 90
321
 90
3
 90
321
 90
322
 90
308
 90
3
 90
308
 90
322
 90
309
 90
3
 90
322
 90
323
 90
309
 90
3
 90
309
 90
323
 90
310
 90
3
 90
323
 90
324
 90
310
 90
3
 90
310
 90
324
 90
311
 90
3
 90
324
 90
325
 90
311
 90
3
 90
311
 90
325
 90
312
 90
3
 90
325
 90
326
 90
312
 90
3
 90
312
 90
326
 90
313
 90
3
 90
326
 90
327
 90
313
 90
3
 90
313
 90
327
 90
314
 90
3
 90
327
 90
328
 90
314
 90
3
 90
314
 90
328
 90
315
 90
3
 90
328
 90
329
 90
315
 90
3
 90
315
 90
329
 90
316
 90
3
 90
329
 90
330
 90
316
 90
3
 90
316
 90
330
 90
317
 90
3
 90
330
 90
331
 90
317
 90
3
 90
317
 90
331
 90
318
 90
3
 90
331
 90
332
 90
318
 90
3
 90
318
 90
332
 90
319
 90
3
 90
333
 90
321
 90
320
 90
3
 90
320
 90
321
 90
308
 90
3
 90
332
 90
333
 90
319
 90
3
 90
319
 90
333
 90
320
 90
3
 90
343
 90
344
 90
345
 90
3
 90
342
 90
343
 90
345
 90
3
 90
339
 90
340
 90
341
 90
3
 90
338
 90
339
 90
341
 90
3
 90
337
 90
338
 90
341
 90
3
 90
335
 90
336
 90
337
 90
3
 90
334
 90
335
 90
337
 90
3
 90
345
 90
334
 90
337
 90
3
 90
342
 90
345
 90
337
 90
3
 90
341
 90
342
 90
337
 90
3
 90
357
 90
356
 90
355
 90
3
 90
357
 90
355
 90
354
 90
3
 90
353
 90
352
 90
351
 90
3
 90
353
 90
351
 90
350
 90
3
 90
353
 90
350
 90
349
 90
3
 90
349
 90
348
 90
347
 90
3
 90
349
 90
347
 90
346
 90
3
 90
349
 90
346
 90
357
 90
3
 90
349
 90
357
 90
354
 90
3
 90
349
 90
354
 90
353
 90
3
 90
346
 90
347
 90
334
 90
3
 90
334
 90
347
 90
335
 90
3
 90
347
 90
348
 90
335
 90
3
 90
335
 90
348
 90
336
 90
3
 90
348
 90
349
 90
336
 90
3
 90
336
 90
349
 90
337
 90
3
 90
349
 90
350
 90
337
 90
3
 90
337
 90
350
 90
338
 90
3
 90
350
 90
351
 90
338
 90
3
 90
338
 90
351
 90
339
 90
3
 90
351
 90
352
 90
339
 90
3
 90
339
 90
352
 90
340
 90
3
 90
352
 90
353
 90
340
 90
3
 90
340
 90
353
 90
341
 90
3
 90
353
 90
354
 90
341
 90
3
 90
341
 90
354
 90
342
 90
3
 90
354
 90
355
 90
342
 90
3
 90
342
 90
355
 90
343
 90
3
 90
355
 90
356
 90
343
 90
3
 90
343
 90
356
 90
344
 90
3
 90
357
 90
346
 90
345
 90
3
 90
345
 90
346
 90
334
 90
3
 90
356
 90
357
 90
344
 90
3
 90
344
 90
357
 90
345
 90
3
 90
374
 90
375
 90
358
 90
3
 90
373
 90
374
 90
358
 90
3
 90
372
 90
373
 90
358
 90
3
 90
371
 90
372
 90
358
 90
3
 90
370
 90
371
 90
358
 90
3
 90
369
 90
370
 90
358
 90
3
 90
367
 90
368
 90
369
 90
3
 90
366
 90
367
 90
369
 90
3
 90
365
 90
366
 90
369
 90
3
 90
364
 90
365
 90
369
 90
3
 90
359
 90
360
 90
361
 90
3
 90
358
 90
359
 90
361
 90
3
 90
364
 90
369
 90
358
 90
3
 90
363
 90
364
 90
358
 90
3
 90
362
 90
363
 90
358
 90
3
 90
361
 90
362
 90
358
 90
3
 90
376
 90
393
 90
392
 90
3
 90
376
 90
392
 90
391
 90
3
 90
376
 90
391
 90
390
 90
3
 90
376
 90
390
 90
389
 90
3
 90
376
 90
389
 90
388
 90
3
 90
376
 90
388
 90
387
 90
3
 90
387
 90
386
 90
385
 90
3
 90
387
 90
385
 90
384
 90
3
 90
387
 90
384
 90
383
 90
3
 90
387
 90
383
 90
382
 90
3
 90
379
 90
378
 90
377
 90
3
 90
379
 90
377
 90
376
 90
3
 90
376
 90
387
 90
382
 90
3
 90
376
 90
382
 90
381
 90
3
 90
376
 90
381
 90
380
 90
3
 90
376
 90
380
 90
379
 90
3
 90
376
 90
377
 90
358
 90
3
 90
358
 90
377
 90
359
 90
3
 90
377
 90
378
 90
359
 90
3
 90
359
 90
378
 90
360
 90
3
 90
378
 90
379
 90
360
 90
3
 90
360
 90
379
 90
361
 90
3
 90
379
 90
380
 90
361
 90
3
 90
361
 90
380
 90
362
 90
3
 90
380
 90
381
 90
362
 90
3
 90
362
 90
381
 90
363
 90
3
 90
381
 90
382
 90
363
 90
3
 90
363
 90
382
 90
364
 90
3
 90
382
 90
383
 90
364
 90
3
 90
364
 90
383
 90
365
 90
3
 90
383
 90
384
 90
365
 90
3
 90
365
 90
384
 90
366
 90
3
 90
384
 90
385
 90
366
 90
3
 90
366
 90
385
 90
367
 90
3
 90
385
 90
386
 90
367
 90
3
 90
367
 90
386
 90
368
 90
3
 90
386
 90
387
 90
368
 90
3
 90
368
 90
387
 90
369
 90
3
 90
387
 90
388
 90
369
 90
3
 90
369
 90
388
 90
370
 90
3
 90
388
 90
389
 90
370
 90
3
 90
370
 90
389
 90
371
 90
3
 90
389
 90
390
 90
371
 90
3
 90
371
 90
390
 90
372
 90
3
 90
390
 90
391
 90
372
 90
3
 90
372
 90
391
 90
373
 90
3
 90
391
 90
392
 90
373
 90
3
 90
373
 90
392
 90
374
 90
3
 90
393
 90
376
 90
375
 90
3
 90
375
 90
376
 90
358
 90
3
 90
392
 90
393
 90
374
 90
3
 90
374
 90
393
 90
375
 90
3
 90
400
 90
401
 90
402
 90
3
 90
399
 90
400
 90
402
 90
3
 90
397
 90
398
 90
399
 90
3
 90
396
 90
397
 90
399
 90
3
 90
395
 90
396
 90
399
 90
3
 90
402
 90
394
 90
395
 90
3
 90
399
 90
402
 90
395
 90
3
 90
411
 90
410
 90
409
 90
3
 90
411
 90
409
 90
408
 90
3
 90
408
 90
407
 90
406
 90
3
 90
408
 90
406
 90
405
 90
3
 90
408
 90
405
 90
404
 90
3
 90
404
 90
403
 90
411
 90
3
 90
404
 90
411
 90
408
 90
3
 90
403
 90
404
 90
394
 90
3
 90
394
 90
404
 90
395
 90
3
 90
404
 90
405
 90
395
 90
3
 90
395
 90
405
 90
396
 90
3
 90
405
 90
406
 90
396
 90
3
 90
396
 90
406
 90
397
 90
3
 90
406
 90
407
 90
397
 90
3
 90
397
 90
407
 90
398
 90
3
 90
407
 90
408
 90
398
 90
3
 90
398
 90
408
 90
399
 90
3
 90
408
 90
409
 90
399
 90
3
 90
399
 90
409
 90
400
 90
3
 90
409
 90
410
 90
400
 90
3
 90
400
 90
410
 90
401
 90
3
 90
411
 90
403
 90
402
 90
3
 90
402
 90
403
 90
394
 90
3
 90
410
 90
411
 90
401
 90
3
 90
401
 90
411
 90
402
 90
3
 90
420
 90
421
 90
412
 90
3
 90
418
 90
419
 90
420
 90
3
 90
417
 90
418
 90
420
 90
3
 90
416
 90
417
 90
420
 90
3
 90
415
 90
416
 90
420
 90
3
 90
414
 90
415
 90
420
 90
3
 90
413
 90
414
 90
420
 90
3
 90
412
 90
413
 90
420
 90
3
 90
422
 90
431
 90
430
 90
3
 90
430
 90
429
 90
428
 90
3
 90
430
 90
428
 90
427
 90
3
 90
430
 90
427
 90
426
 90
3
 90
430
 90
426
 90
425
 90
3
 90
430
 90
425
 90
424
 90
3
 90
430
 90
424
 90
423
 90
3
 90
430
 90
423
 90
422
 90
3
 90
422
 90
423
 90
412
 90
3
 90
412
 90
423
 90
413
 90
3
 90
423
 90
424
 90
413
 90
3
 90
413
 90
424
 90
414
 90
3
 90
424
 90
425
 90
414
 90
3
 90
414
 90
425
 90
415
 90
3
 90
425
 90
426
 90
415
 90
3
 90
415
 90
426
 90
416
 90
3
 90
426
 90
427
 90
416
 90
3
 90
416
 90
427
 90
417
 90
3
 90
427
 90
428
 90
417
 90
3
 90
417
 90
428
 90
418
 90
3
 90
428
 90
429
 90
418
 90
3
 90
418
 90
429
 90
419
 90
3
 90
429
 90
430
 90
419
 90
3
 90
419
 90
430
 90
420
 90
3
 90
431
 90
422
 90
421
 90
3
 90
421
 90
422
 90
412
 90
3
 90
430
 90
431
 90
420
 90
3
 90
420
 90
431
 90
421
 90
3
 90
449
 90
450
 90
437
 90
3
 90
435
 90
436
 90
437
 90
3
 90
433
 90
434
 90
435
 90
3
 90
432
 90
433
 90
435
 90
3
 90
444
 90
432
 90
435
 90
3
 90
443
 90
444
 90
435
 90
3
 90
442
 90
443
 90
435
 90
3
 90
440
 90
441
 90
442
 90
3
 90
439
 90
440
 90
442
 90
3
 90
438
 90
439
 90
442
 90
3
 90
449
 90
437
 90
438
 90
3
 90
448
 90
449
 90
438
 90
3
 90
447
 90
448
 90
438
 90
3
 90
435
 90
437
 90
450
 90
3
 90
447
 90
438
 90
442
 90
3
 90
446
 90
447
 90
442
 90
3
 90
445
 90
446
 90
442
 90
3
 90
455
 90
445
 90
442
 90
3
 90
454
 90
455
 90
442
 90
3
 90
453
 90
454
 90
442
 90
3
 90
435
 90
450
 90
451
 90
3
 90
453
 90
442
 90
435
 90
3
 90
452
 90
453
 90
435
 90
3
 90
451
 90
452
 90
435
 90
3
 90
461
 90
474
 90
473
 90
3
 90
461
 90
460
 90
459
 90
3
 90
459
 90
458
 90
457
 90
3
 90
459
 90
457
 90
456
 90
3
 90
459
 90
456
 90
468
 90
3
 90
459
 90
468
 90
467
 90
3
 90
459
 90
467
 90
466
 90
3
 90
466
 90
465
 90
464
 90
3
 90
466
 90
464
 90
463
 90
3
 90
466
 90
463
 90
462
 90
3
 90
462
 90
461
 90
473
 90
3
 90
462
 90
473
 90
472
 90
3
 90
462
 90
472
 90
471
 90
3
 90
474
 90
461
 90
459
 90
3
 90
466
 90
462
 90
471
 90
3
 90
466
 90
471
 90
470
 90
3
 90
466
 90
470
 90
469
 90
3
 90
466
 90
469
 90
479
 90
3
 90
466
 90
479
 90
478
 90
3
 90
466
 90
478
 90
477
 90
3
 90
475
 90
474
 90
459
 90
3
 90
459
 90
466
 90
477
 90
3
 90
459
 90
477
 90
476
 90
3
 90
459
 90
476
 90
475
 90
3
 90
456
 90
457
 90
432
 90
3
 90
432
 90
457
 90
433
 90
3
 90
457
 90
458
 90
433
 90
3
 90
433
 90
458
 90
434
 90
3
 90
458
 90
459
 90
434
 90
3
 90
434
 90
459
 90
435
 90
3
 90
459
 90
460
 90
435
 90
3
 90
435
 90
460
 90
436
 90
3
 90
460
 90
461
 90
436
 90
3
 90
436
 90
461
 90
437
 90
3
 90
461
 90
462
 90
437
 90
3
 90
437
 90
462
 90
438
 90
3
 90
462
 90
463
 90
438
 90
3
 90
438
 90
463
 90
439
 90
3
 90
463
 90
464
 90
439
 90
3
 90
439
 90
464
 90
440
 90
3
 90
464
 90
465
 90
440
 90
3
 90
440
 90
465
 90
441
 90
3
 90
465
 90
466
 90
441
 90
3
 90
441
 90
466
 90
442
 90
3
 90
466
 90
467
 90
442
 90
3
 90
442
 90
467
 90
443
 90
3
 90
468
 90
456
 90
444
 90
3
 90
444
 90
456
 90
432
 90
3
 90
467
 90
468
 90
443
 90
3
 90
443
 90
468
 90
444
 90
3
 90
469
 90
470
 90
445
 90
3
 90
445
 90
470
 90
446
 90
3
 90
470
 90
471
 90
446
 90
3
 90
446
 90
471
 90
447
 90
3
 90
471
 90
472
 90
447
 90
3
 90
447
 90
472
 90
448
 90
3
 90
472
 90
473
 90
448
 90
3
 90
448
 90
473
 90
449
 90
3
 90
473
 90
474
 90
449
 90
3
 90
449
 90
474
 90
450
 90
3
 90
474
 90
475
 90
450
 90
3
 90
450
 90
475
 90
451
 90
3
 90
475
 90
476
 90
451
 90
3
 90
451
 90
476
 90
452
 90
3
 90
476
 90
477
 90
452
 90
3
 90
452
 90
477
 90
453
 90
3
 90
477
 90
478
 90
453
 90
3
 90
453
 90
478
 90
454
 90
3
 90
479
 90
469
 90
455
 90
3
 90
455
 90
469
 90
445
 90
3
 90
478
 90
479
 90
454
 90
3
 90
454
 90
479
 90
455
 90
3
 90
482
 90
483
 90
480
 90
3
 90
481
 90
482
 90
480
 90
3
 90
484
 90
487
 90
486
 90
3
 90
484
 90
486
 90
485
 90
3
 90
484
 90
485
 90
480
 90
3
 90
480
 90
485
 90
481
 90
3
 90
485
 90
486
 90
481
 90
3
 90
481
 90
486
 90
482
 90
3
 90
487
 90
484
 90
483
 90
3
 90
483
 90
484
 90
480
 90
3
 90
486
 90
487
 90
482
 90
3
 90
482
 90
487
 90
483
 90
3
 90
513
 90
514
 90
493
 90
3
 90
524
 90
525
 90
493
 90
3
 90
493
 90
525
 90
526
 90
3
 90
492
 90
493
 90
526
 90
3
 90
491
 90
492
 90
526
 90
3
 90
490
 90
491
 90
526
 90
3
 90
489
 90
490
 90
526
 90
3
 90
506
 90
488
 90
489
 90
3
 90
505
 90
506
 90
489
 90
3
 90
504
 90
505
 90
489
 90
3
 90
503
 90
504
 90
489
 90
3
 90
501
 90
502
 90
503
 90
3
 90
500
 90
501
 90
503
 90
3
 90
499
 90
500
 90
503
 90
3
 90
498
 90
499
 90
503
 90
3
 90
497
 90
498
 90
503
 90
3
 90
496
 90
497
 90
503
 90
3
 90
495
 90
496
 90
503
 90
3
 90
513
 90
493
 90
494
 90
3
 90
512
 90
513
 90
494
 90
3
 90
511
 90
512
 90
494
 90
3
 90
524
 90
493
 90
514
 90
3
 90
523
 90
524
 90
514
 90
3
 90
522
 90
523
 90
514
 90
3
 90
521
 90
522
 90
514
 90
3
 90
489
 90
526
 90
527
 90
3
 90
511
 90
494
 90
495
 90
3
 90
510
 90
511
 90
495
 90
3
 90
509
 90
510
 90
495
 90
3
 90
521
 90
514
 90
515
 90
3
 90
520
 90
521
 90
515
 90
3
 90
489
 90
527
 90
528
 90
3
 90
509
 90
495
 90
503
 90
3
 90
508
 90
509
 90
503
 90
3
 90
507
 90
508
 90
503
 90
3
 90
517
 90
507
 90
503
 90
3
 90
516
 90
517
 90
503
 90
3
 90
515
 90
516
 90
503
 90
3
 90
520
 90
515
 90
503
 90
3
 90
519
 90
520
 90
503
 90
3
 90
518
 90
519
 90
503
 90
3
 90
489
 90
528
 90
518
 90
3
 90
503
 90
489
 90
518
 90
3
 90
534
 90
555
 90
554
 90
3
 90
534
 90
566
 90
565
 90
3
 90
567
 90
566
 90
534
 90
3
 90
567
 90
534
 90
533
 90
3
 90
567
 90
533
 90
532
 90
3
 90
567
 90
532
 90
531
 90
3
 90
567
 90
531
 90
530
 90
3
 90
530
 90
529
 90
547
 90
3
 90
530
 90
547
 90
546
 90
3
 90
530
 90
546
 90
545
 90
3
 90
530
 90
545
 90
544
 90
3
 90
544
 90
543
 90
542
 90
3
 90
544
 90
542
 90
541
 90
3
 90
544
 90
541
 90
540
 90
3
 90
544
 90
540
 90
539
 90
3
 90
544
 90
539
 90
538
 90
3
 90
544
 90
538
 90
537
 90
3
 90
544
 90
537
 90
536
 90
3
 90
535
 90
534
 90
554
 90
3
 90
535
 90
554
 90
553
 90
3
 90
535
 90
553
 90
552
 90
3
 90
555
 90
534
 90
565
 90
3
 90
555
 90
565
 90
564
 90
3
 90
555
 90
564
 90
563
 90
3
 90
555
 90
563
 90
562
 90
3
 90
568
 90
567
 90
530
 90
3
 90
536
 90
535
 90
552
 90
3
 90
536
 90
552
 90
551
 90
3
 90
536
 90
551
 90
550
 90
3
 90
556
 90
555
 90
562
 90
3
 90
556
 90
562
 90
561
 90
3
 90
569
 90
568
 90
530
 90
3
 90
544
 90
536
 90
550
 90
3
 90
544
 90
550
 90
549
 90
3
 90
544
 90
549
 90
548
 90
3
 90
544
 90
548
 90
558
 90
3
 90
544
 90
558
 90
557
 90
3
 90
544
 90
557
 90
556
 90
3
 90
544
 90
556
 90
561
 90
3
 90
544
 90
561
 90
560
 90
3
 90
544
 90
560
 90
559
 90
3
 90
559
 90
569
 90
530
 90
3
 90
559
 90
530
 90
544
 90
3
 90
529
 90
530
 90
488
 90
3
 90
488
 90
530
 90
489
 90
3
 90
530
 90
531
 90
489
 90
3
 90
489
 90
531
 90
490
 90
3
 90
531
 90
532
 90
490
 90
3
 90
490
 90
532
 90
491
 90
3
 90
532
 90
533
 90
491
 90
3
 90
491
 90
533
 90
492
 90
3
 90
533
 90
534
 90
492
 90
3
 90
492
 90
534
 90
493
 90
3
 90
534
 90
535
 90
493
 90
3
 90
493
 90
535
 90
494
 90
3
 90
535
 90
536
 90
494
 90
3
 90
494
 90
536
 90
495
 90
3
 90
536
 90
537
 90
495
 90
3
 90
495
 90
537
 90
496
 90
3
 90
537
 90
538
 90
496
 90
3
 90
496
 90
538
 90
497
 90
3
 90
538
 90
539
 90
497
 90
3
 90
497
 90
539
 90
498
 90
3
 90
539
 90
540
 90
498
 90
3
 90
498
 90
540
 90
499
 90
3
 90
540
 90
541
 90
499
 90
3
 90
499
 90
541
 90
500
 90
3
 90
541
 90
542
 90
500
 90
3
 90
500
 90
542
 90
501
 90
3
 90
542
 90
543
 90
501
 90
3
 90
501
 90
543
 90
502
 90
3
 90
543
 90
544
 90
502
 90
3
 90
502
 90
544
 90
503
 90
3
 90
544
 90
545
 90
503
 90
3
 90
503
 90
545
 90
504
 90
3
 90
545
 90
546
 90
504
 90
3
 90
504
 90
546
 90
505
 90
3
 90
547
 90
529
 90
506
 90
3
 90
506
 90
529
 90
488
 90
3
 90
546
 90
547
 90
505
 90
3
 90
505
 90
547
 90
506
 90
3
 90
548
 90
549
 90
507
 90
3
 90
507
 90
549
 90
508
 90
3
 90
549
 90
550
 90
508
 90
3
 90
508
 90
550
 90
509
 90
3
 90
550
 90
551
 90
509
 90
3
 90
509
 90
551
 90
510
 90
3
 90
551
 90
552
 90
510
 90
3
 90
510
 90
552
 90
511
 90
3
 90
552
 90
553
 90
511
 90
3
 90
511
 90
553
 90
512
 90
3
 90
553
 90
554
 90
512
 90
3
 90
512
 90
554
 90
513
 90
3
 90
554
 90
555
 90
513
 90
3
 90
513
 90
555
 90
514
 90
3
 90
555
 90
556
 90
514
 90
3
 90
514
 90
556
 90
515
 90
3
 90
556
 90
557
 90
515
 90
3
 90
515
 90
557
 90
516
 90
3
 90
558
 90
548
 90
517
 90
3
 90
517
 90
548
 90
507
 90
3
 90
557
 90
558
 90
516
 90
3
 90
516
 90
558
 90
517
 90
3
 90
559
 90
560
 90
518
 90
3
 90
518
 90
560
 90
519
 90
3
 90
560
 90
561
 90
519
 90
3
 90
519
 90
561
 90
520
 90
3
 90
561
 90
562
 90
520
 90
3
 90
520
 90
562
 90
521
 90
3
 90
562
 90
563
 90
521
 90
3
 90
521
 90
563
 90
522
 90
3
 90
563
 90
564
 90
522
 90
3
 90
522
 90
564
 90
523
 90
3
 90
564
 90
565
 90
523
 90
3
 90
523
 90
565
 90
524
 90
3
 90
565
 90
566
 90
524
 90
3
 90
524
 90
566
 90
525
 90
3
 90
566
 90
567
 90
525
 90
3
 90
525
 90
567
 90
526
 90
3
 90
567
 90
568
 90
526
 90
3
 90
526
 90
568
 90
527
 90
3
 90
569
 90
559
 90
528
 90
3
 90
528
 90
559
 90
518
 90
3
 90
568
 90
569
 90
527
 90
3
 90
527
 90
569
 90
528
 90
3
 90
586
 90
587
 90
579
 90
3
 90
601
 90
586
 90
579
 90
3
 90
600
 90
601
 90
579
 90
3
 90
579
 90
587
 90
588
 90
3
 90
578
 90
579
 90
588
 90
3
 90
577
 90
578
 90
588
 90
3
 90
576
 90
577
 90
588
 90
3
 90
574
 90
575
 90
576
 90
3
 90
573
 90
574
 90
576
 90
3
 90
572
 90
573
 90
576
 90
3
 90
570
 90
571
 90
572
 90
3
 90
585
 90
570
 90
572
 90
3
 90
584
 90
585
 90
572
 90
3
 90
582
 90
583
 90
584
 90
3
 90
581
 90
582
 90
584
 90
3
 90
580
 90
581
 90
584
 90
3
 90
600
 90
579
 90
580
 90
3
 90
576
 90
588
 90
589
 90
3
 90
600
 90
580
 90
584
 90
3
 90
599
 90
600
 90
584
 90
3
 90
598
 90
599
 90
584
 90
3
 90
597
 90
598
 90
584
 90
3
 90
596
 90
597
 90
584
 90
3
 90
595
 90
596
 90
584
 90
3
 90
576
 90
589
 90
590
 90
3
 90
595
 90
584
 90
572
 90
3
 90
594
 90
595
 90
572
 90
3
 90
593
 90
594
 90
572
 90
3
 90
592
 90
593
 90
572
 90
3
 90
576
 90
590
 90
591
 90
3
 90
592
 90
572
 90
576
 90
3
 90
591
 90
592
 90
576
 90
3
 90
611
 90
619
 90
618
 90
3
 90
611
 90
618
 90
633
 90
3
 90
611
 90
633
 90
632
 90
3
 90
620
 90
619
 90
611
 90
3
 90
620
 90
611
 90
610
 90
3
 90
620
 90
610
 90
609
 90
3
 90
620
 90
609
 90
608
 90
3
 90
608
 90
607
 90
606
 90
3
 90
608
 90
606
 90
605
 90
3
 90
608
 90
605
 90
604
 90
3
 90
604
 90
603
 90
602
 90
3
 90
604
 90
602
 90
617
 90
3
 90
604
 90
617
 90
616
 90
3
 90
616
 90
615
 90
614
 90
3
 90
616
 90
614
 90
613
 90
3
 90
616
 90
613
 90
612
 90
3
 90
612
 90
611
 90
632
 90
3
 90
621
 90
620
 90
608
 90
3
 90
616
 90
612
 90
632
 90
3
 90
616
 90
632
 90
631
 90
3
 90
616
 90
631
 90
630
 90
3
 90
616
 90
630
 90
629
 90
3
 90
616
 90
629
 90
628
 90
3
 90
616
 90
628
 90
627
 90
3
 90
622
 90
621
 90
608
 90
3
 90
604
 90
616
 90
627
 90
3
 90
604
 90
627
 90
626
 90
3
 90
604
 90
626
 90
625
 90
3
 90
604
 90
625
 90
624
 90
3
 90
623
 90
622
 90
608
 90
3
 90
608
 90
604
 90
624
 90
3
 90
608
 90
624
 90
623
 90
3
 90
602
 90
603
 90
570
 90
3
 90
570
 90
603
 90
571
 90
3
 90
603
 90
604
 90
571
 90
3
 90
571
 90
604
 90
572
 90
3
 90
604
 90
605
 90
572
 90
3
 90
572
 90
605
 90
573
 90
3
 90
605
 90
606
 90
573
 90
3
 90
573
 90
606
 90
574
 90
3
 90
606
 90
607
 90
574
 90
3
 90
574
 90
607
 90
575
 90
3
 90
607
 90
608
 90
575
 90
3
 90
575
 90
608
 90
576
 90
3
 90
608
 90
609
 90
576
 90
3
 90
576
 90
609
 90
577
 90
3
 90
609
 90
610
 90
577
 90
3
 90
577
 90
610
 90
578
 90
3
 90
610
 90
611
 90
578
 90
3
 90
578
 90
611
 90
579
 90
3
 90
611
 90
612
 90
579
 90
3
 90
579
 90
612
 90
580
 90
3
 90
612
 90
613
 90
580
 90
3
 90
580
 90
613
 90
581
 90
3
 90
613
 90
614
 90
581
 90
3
 90
581
 90
614
 90
582
 90
3
 90
614
 90
615
 90
582
 90
3
 90
582
 90
615
 90
583
 90
3
 90
615
 90
616
 90
583
 90
3
 90
583
 90
616
 90
584
 90
3
 90
617
 90
602
 90
585
 90
3
 90
585
 90
602
 90
570
 90
3
 90
616
 90
617
 90
584
 90
3
 90
584
 90
617
 90
585
 90
3
 90
618
 90
619
 90
586
 90
3
 90
586
 90
619
 90
587
 90
3
 90
619
 90
620
 90
587
 90
3
 90
587
 90
620
 90
588
 90
3
 90
620
 90
621
 90
588
 90
3
 90
588
 90
621
 90
589
 90
3
 90
621
 90
622
 90
589
 90
3
 90
589
 90
622
 90
590
 90
3
 90
622
 90
623
 90
590
 90
3
 90
590
 90
623
 90
591
 90
3
 90
623
 90
624
 90
591
 90
3
 90
591
 90
624
 90
592
 90
3
 90
624
 90
625
 90
592
 90
3
 90
592
 90
625
 90
593
 90
3
 90
625
 90
626
 90
593
 90
3
 90
593
 90
626
 90
594
 90
3
 90
626
 90
627
 90
594
 90
3
 90
594
 90
627
 90
595
 90
3
 90
627
 90
628
 90
595
 90
3
 90
595
 90
628
 90
596
 90
3
 90
628
 90
629
 90
596
 90
3
 90
596
 90
629
 90
597
 90
3
 90
629
 90
630
 90
597
 90
3
 90
597
 90
630
 90
598
 90
3
 90
630
 90
631
 90
598
 90
3
 90
598
 90
631
 90
599
 90
3
 90
631
 90
632
 90
599
 90
3
 90
599
 90
632
 90
600
 90
3
 90
633
 90
618
 90
601
 90
3
 90
601
 90
618
 90
586
 90
3
 90
632
 90
633
 90
600
 90
3
 90
600
 90
633
 90
601
 90
3
 90
640
 90
641
 90
634
 90
3
 90
638
 90
639
 90
640
 90
3
 90
636
 90
637
 90
638
 90
3
 90
635
 90
636
 90
638
 90
3
 90
640
 90
634
 90
635
 90
3
 90
638
 90
640
 90
635
 90
3
 90
642
 90
649
 90
648
 90
3
 90
648
 90
647
 90
646
 90
3
 90
646
 90
645
 90
644
 90
3
 90
646
 90
644
 90
643
 90
3
 90
643
 90
642
 90
648
 90
3
 90
643
 90
648
 90
646
 90
3
 90
642
 90
643
 90
634
 90
3
 90
634
 90
643
 90
635
 90
3
 90
643
 90
644
 90
635
 90
3
 90
635
 90
644
 90
636
 90
3
 90
644
 90
645
 90
636
 90
3
 90
636
 90
645
 90
637
 90
3
 90
645
 90
646
 90
637
 90
3
 90
637
 90
646
 90
638
 90
3
 90
646
 90
647
 90
638
 90
3
 90
638
 90
647
 90
639
 90
3
 90
647
 90
648
 90
639
 90
3
 90
639
 90
648
 90
640
 90
3
 90
649
 90
642
 90
641
 90
3
 90
641
 90
642
 90
634
 90
3
 90
648
 90
649
 90
640
 90
3
 90
640
 90
649
 90
641
 90
3
 90
660
 90
661
 90
650
 90
3
 90
659
 90
660
 90
650
 90
3
 90
657
 90
658
 90
659
 90
3
 90
654
 90
655
 90
656
 90
3
 90
653
 90
654
 90
656
 90
3
 90
651
 90
652
 90
653
 90
3
 90
657
 90
659
 90
650
 90
3
 90
656
 90
657
 90
650
 90
3
 90
651
 90
653
 90
656
 90
3
 90
650
 90
651
 90
656
 90
3
 90
662
 90
673
 90
672
 90
3
 90
662
 90
672
 90
671
 90
3
 90
671
 90
670
 90
669
 90
3
 90
668
 90
667
 90
666
 90
3
 90
668
 90
666
 90
665
 90
3
 90
665
 90
664
 90
663
 90
3
 90
662
 90
671
 90
669
 90
3
 90
662
 90
669
 90
668
 90
3
 90
668
 90
665
 90
663
 90
3
 90
668
 90
663
 90
662
 90
3
 90
662
 90
663
 90
650
 90
3
 90
650
 90
663
 90
651
 90
3
 90
663
 90
664
 90
651
 90
3
 90
651
 90
664
 90
652
 90
3
 90
664
 90
665
 90
652
 90
3
 90
652
 90
665
 90
653
 90
3
 90
665
 90
666
 90
653
 90
3
 90
653
 90
666
 90
654
 90
3
 90
666
 90
667
 90
654
 90
3
 90
654
 90
667
 90
655
 90
3
 90
667
 90
668
 90
655
 90
3
 90
655
 90
668
 90
656
 90
3
 90
668
 90
669
 90
656
 90
3
 90
656
 90
669
 90
657
 90
3
 90
669
 90
670
 90
657
 90
3
 90
657
 90
670
 90
658
 90
3
 90
670
 90
671
 90
658
 90
3
 90
658
 90
671
 90
659
 90
3
 90
671
 90
672
 90
659
 90
3
 90
659
 90
672
 90
660
 90
3
 90
673
 90
662
 90
661
 90
3
 90
661
 90
662
 90
650
 90
3
 90
672
 90
673
 90
660
 90
3
 90
660
 90
673
 90
661
 90
3
 90
724
 90
725
 90
674
 90
3
 90
723
 90
724
 90
674
 90
3
 90
722
 90
723
 90
674
 90
3
 90
721
 90
722
 90
674
 90
3
 90
720
 90
721
 90
674
 90
3
 90
719
 90
720
 90
674
 90
3
 90
717
 90
718
 90
719
 90
3
 90
716
 90
717
 90
719
 90
3
 90
715
 90
716
 90
719
 90
3
 90
714
 90
715
 90
719
 90
3
 90
713
 90
714
 90
719
 90
3
 90
711
 90
712
 90
713
 90
3
 90
698
 90
699
 90
700
 90
3
 90
697
 90
698
 90
700
 90
3
 90
696
 90
697
 90
700
 90
3
 90
695
 90
696
 90
700
 90
3
 90
694
 90
695
 90
700
 90
3
 90
693
 90
694
 90
700
 90
3
 90
691
 90
692
 90
693
 90
3
 90
690
 90
691
 90
693
 90
3
 90
689
 90
690
 90
693
 90
3
 90
688
 90
689
 90
693
 90
3
 90
687
 90
688
 90
693
 90
3
 90
685
 90
686
 90
687
 90
3
 90
719
 90
674
 90
675
 90
3
 90
693
 90
700
 90
701
 90
3
 90
719
 90
675
 90
676
 90
3
 90
693
 90
701
 90
702
 90
3
 90
719
 90
676
 90
677
 90
3
 90
693
 90
702
 90
703
 90
3
 90
719
 90
677
 90
678
 90
3
 90
693
 90
703
 90
704
 90
3
 90
719
 90
678
 90
679
 90
3
 90
693
 90
704
 90
705
 90
3
 90
719
 90
679
 90
680
 90
3
 90
713
 90
719
 90
680
 90
3
 90
693
 90
705
 90
706
 90
3
 90
687
 90
693
 90
706
 90
3
 90
713
 90
680
 90
681
 90
3
 90
687
 90
706
 90
707
 90
3
 90
713
 90
681
 90
682
 90
3
 90
711
 90
713
 90
682
 90
3
 90
710
 90
711
 90
682
 90
3
 90
709
 90
710
 90
682
 90
3
 90
687
 90
707
 90
708
 90
3
 90
685
 90
687
 90
708
 90
3
 90
684
 90
685
 90
708
 90
3
 90
709
 90
682
 90
683
 90
3
 90
684
 90
708
 90
709
 90
3
 90
683
 90
684
 90
709
 90
3
 90
726
 90
777
 90
776
 90
3
 90
726
 90
776
 90
775
 90
3
 90
726
 90
775
 90
774
 90
3
 90
726
 90
774
 90
773
 90
3
 90
726
 90
773
 90
772
 90
3
 90
726
 90
772
 90
771
 90
3
 90
771
 90
770
 90
769
 90
3
 90
771
 90
769
 90
768
 90
3
 90
771
 90
768
 90
767
 90
3
 90
771
 90
767
 90
766
 90
3
 90
771
 90
766
 90
765
 90
3
 90
765
 90
764
 90
763
 90
3
 90
752
 90
751
 90
750
 90
3
 90
752
 90
750
 90
749
 90
3
 90
752
 90
749
 90
748
 90
3
 90
752
 90
748
 90
747
 90
3
 90
752
 90
747
 90
746
 90
3
 90
752
 90
746
 90
745
 90
3
 90
745
 90
744
 90
743
 90
3
 90
745
 90
743
 90
742
 90
3
 90
745
 90
742
 90
741
 90
3
 90
745
 90
741
 90
740
 90
3
 90
745
 90
740
 90
739
 90
3
 90
739
 90
738
 90
737
 90
3
 90
727
 90
726
 90
771
 90
3
 90
753
 90
752
 90
745
 90
3
 90
728
 90
727
 90
771
 90
3
 90
754
 90
753
 90
745
 90
3
 90
729
 90
728
 90
771
 90
3
 90
755
 90
754
 90
745
 90
3
 90
730
 90
729
 90
771
 90
3
 90
756
 90
755
 90
745
 90
3
 90
731
 90
730
 90
771
 90
3
 90
757
 90
756
 90
745
 90
3
 90
732
 90
731
 90
771
 90
3
 90
732
 90
771
 90
765
 90
3
 90
758
 90
757
 90
745
 90
3
 90
758
 90
745
 90
739
 90
3
 90
733
 90
732
 90
765
 90
3
 90
759
 90
758
 90
739
 90
3
 90
734
 90
733
 90
765
 90
3
 90
734
 90
765
 90
763
 90
3
 90
734
 90
763
 90
762
 90
3
 90
734
 90
762
 90
761
 90
3
 90
760
 90
759
 90
739
 90
3
 90
760
 90
739
 90
737
 90
3
 90
760
 90
737
 90
736
 90
3
 90
735
 90
734
 90
761
 90
3
 90
761
 90
760
 90
736
 90
3
 90
761
 90
736
 90
735
 90
3
 90
726
 90
727
 90
674
 90
3
 90
674
 90
727
 90
675
 90
3
 90
727
 90
728
 90
675
 90
3
 90
675
 90
728
 90
676
 90
3
 90
728
 90
729
 90
676
 90
3
 90
676
 90
729
 90
677
 90
3
 90
729
 90
730
 90
677
 90
3
 90
677
 90
730
 90
678
 90
3
 90
730
 90
731
 90
678
 90
3
 90
678
 90
731
 90
679
 90
3
 90
731
 90
732
 90
679
 90
3
 90
679
 90
732
 90
680
 90
3
 90
732
 90
733
 90
680
 90
3
 90
680
 90
733
 90
681
 90
3
 90
733
 90
734
 90
681
 90
3
 90
681
 90
734
 90
682
 90
3
 90
734
 90
735
 90
682
 90
3
 90
682
 90
735
 90
683
 90
3
 90
735
 90
736
 90
683
 90
3
 90
683
 90
736
 90
684
 90
3
 90
736
 90
737
 90
684
 90
3
 90
684
 90
737
 90
685
 90
3
 90
737
 90
738
 90
685
 90
3
 90
685
 90
738
 90
686
 90
3
 90
738
 90
739
 90
686
 90
3
 90
686
 90
739
 90
687
 90
3
 90
739
 90
740
 90
687
 90
3
 90
687
 90
740
 90
688
 90
3
 90
740
 90
741
 90
688
 90
3
 90
688
 90
741
 90
689
 90
3
 90
741
 90
742
 90
689
 90
3
 90
689
 90
742
 90
690
 90
3
 90
742
 90
743
 90
690
 90
3
 90
690
 90
743
 90
691
 90
3
 90
743
 90
744
 90
691
 90
3
 90
691
 90
744
 90
692
 90
3
 90
744
 90
745
 90
692
 90
3
 90
692
 90
745
 90
693
 90
3
 90
745
 90
746
 90
693
 90
3
 90
693
 90
746
 90
694
 90
3
 90
746
 90
747
 90
694
 90
3
 90
694
 90
747
 90
695
 90
3
 90
747
 90
748
 90
695
 90
3
 90
695
 90
748
 90
696
 90
3
 90
748
 90
749
 90
696
 90
3
 90
696
 90
749
 90
697
 90
3
 90
749
 90
750
 90
697
 90
3
 90
697
 90
750
 90
698
 90
3
 90
750
 90
751
 90
698
 90
3
 90
698
 90
751
 90
699
 90
3
 90
751
 90
752
 90
699
 90
3
 90
699
 90
752
 90
700
 90
3
 90
752
 90
753
 90
700
 90
3
 90
700
 90
753
 90
701
 90
3
 90
753
 90
754
 90
701
 90
3
 90
701
 90
754
 90
702
 90
3
 90
754
 90
755
 90
702
 90
3
 90
702
 90
755
 90
703
 90
3
 90
755
 90
756
 90
703
 90
3
 90
703
 90
756
 90
704
 90
3
 90
756
 90
757
 90
704
 90
3
 90
704
 90
757
 90
705
 90
3
 90
757
 90
758
 90
705
 90
3
 90
705
 90
758
 90
706
 90
3
 90
758
 90
759
 90
706
 90
3
 90
706
 90
759
 90
707
 90
3
 90
759
 90
760
 90
707
 90
3
 90
707
 90
760
 90
708
 90
3
 90
760
 90
761
 90
708
 90
3
 90
708
 90
761
 90
709
 90
3
 90
761
 90
762
 90
709
 90
3
 90
709
 90
762
 90
710
 90
3
 90
762
 90
763
 90
710
 90
3
 90
710
 90
763
 90
711
 90
3
 90
763
 90
764
 90
711
 90
3
 90
711
 90
764
 90
712
 90
3
 90
764
 90
765
 90
712
 90
3
 90
712
 90
765
 90
713
 90
3
 90
765
 90
766
 90
713
 90
3
 90
713
 90
766
 90
714
 90
3
 90
766
 90
767
 90
714
 90
3
 90
714
 90
767
 90
715
 90
3
 90
767
 90
768
 90
715
 90
3
 90
715
 90
768
 90
716
 90
3
 90
768
 90
769
 90
716
 90
3
 90
716
 90
769
 90
717
 90
3
 90
769
 90
770
 90
717
 90
3
 90
717
 90
770
 90
718
 90
3
 90
770
 90
771
 90
718
 90
3
 90
718
 90
771
 90
719
 90
3
 90
771
 90
772
 90
719
 90
3
 90
719
 90
772
 90
720
 90
3
 90
772
 90
773
 90
720
 90
3
 90
720
 90
773
 90
721
 90
3
 90
773
 90
774
 90
721
 90
3
 90
721
 90
774
 90
722
 90
3
 90
774
 90
775
 90
722
 90
3
 90
722
 90
775
 90
723
 90
3
 90
775
 90
776
 90
723
 90
3
 90
723
 90
776
 90
724
 90
3
 90
777
 90
726
 90
725
 90
3
 90
725
 90
726
 90
674
 90
3
 90
776
 90
777
 90
724
 90
3
 90
724
 90
777
 90
725
 90
3
 90
780
 90
781
 90
778
 90
3
 90
779
 90
780
 90
778
 90
3
 90
782
 90
785
 90
784
 90
3
 90
782
 90
784
 90
783
 90
3
 90
782
 90
783
 90
778
 90
3
 90
778
 90
783
 90
779
 90
3
 90
783
 90
784
 90
779
 90
3
 90
779
 90
784
 90
780
 90
3
 90
785
 90
782
 90
781
 90
3
 90
781
 90
782
 90
778
 90
3
 90
784
 90
785
 90
780
 90
3
 90
780
 90
785
 90
781
 90
3
 90
814
 90
815
 90
802
 90
3
 90
802
 90
815
 90
805
 90
3
 90
801
 90
802
 90
805
 90
3
 90
800
 90
801
 90
805
 90
3
 90
799
 90
800
 90
805
 90
3
 90
798
 90
799
 90
805
 90
3
 90
797
 90
798
 90
805
 90
3
 90
796
 90
797
 90
805
 90
3
 90
794
 90
795
 90
796
 90
3
 90
793
 90
794
 90
796
 90
3
 90
792
 90
793
 90
796
 90
3
 90
791
 90
792
 90
796
 90
3
 90
790
 90
791
 90
796
 90
3
 90
789
 90
790
 90
796
 90
3
 90
788
 90
789
 90
796
 90
3
 90
787
 90
788
 90
796
 90
3
 90
804
 90
786
 90
787
 90
3
 90
803
 90
804
 90
787
 90
3
 90
814
 90
802
 90
803
 90
3
 90
813
 90
814
 90
803
 90
3
 90
812
 90
813
 90
803
 90
3
 90
796
 90
805
 90
806
 90
3
 90
812
 90
803
 90
787
 90
3
 90
811
 90
812
 90
787
 90
3
 90
810
 90
811
 90
787
 90
3
 90
809
 90
810
 90
787
 90
3
 90
796
 90
806
 90
807
 90
3
 90
809
 90
787
 90
796
 90
3
 90
808
 90
809
 90
796
 90
3
 90
807
 90
808
 90
796
 90
3
 90
832
 90
845
 90
844
 90
3
 90
835
 90
845
 90
832
 90
3
 90
835
 90
832
 90
831
 90
3
 90
835
 90
831
 90
830
 90
3
 90
835
 90
830
 90
829
 90
3
 90
835
 90
829
 90
828
 90
3
 90
835
 90
828
 90
827
 90
3
 90
835
 90
827
 90
826
 90
3
 90
826
 90
825
 90
824
 90
3
 90
826
 90
824
 90
823
 90
3
 90
826
 90
823
 90
822
 90
3
 90
826
 90
822
 90
821
 90
3
 90
826
 90
821
 90
820
 90
3
 90
826
 90
820
 90
819
 90
3
 90
826
 90
819
 90
818
 90
3
 90
826
 90
818
 90
817
 90
3
 90
817
 90
816
 90
834
 90
3
 90
817
 90
834
 90
833
 90
3
 90
833
 90
832
 90
844
 90
3
 90
833
 90
844
 90
843
 90
3
 90
833
 90
843
 90
842
 90
3
 90
836
 90
835
 90
826
 90
3
 90
817
 90
833
 90
842
 90
3
 90
817
 90
842
 90
841
 90
3
 90
817
 90
841
 90
840
 90
3
 90
817
 90
840
 90
839
 90
3
 90
837
 90
836
 90
826
 90
3
 90
826
 90
817
 90
839
 90
3
 90
826
 90
839
 90
838
 90
3
 90
826
 90
838
 90
837
 90
3
 90
816
 90
817
 90
786
 90
3
 90
786
 90
817
 90
787
 90
3
 90
817
 90
818
 90
787
 90
3
 90
787
 90
818
 90
788
 90
3
 90
818
 90
819
 90
788
 90
3
 90
788
 90
819
 90
789
 90
3
 90
819
 90
820
 90
789
 90
3
 90
789
 90
820
 90
790
 90
3
 90
820
 90
821
 90
790
 90
3
 90
790
 90
821
 90
791
 90
3
 90
821
 90
822
 90
791
 90
3
 90
791
 90
822
 90
792
 90
3
 90
822
 90
823
 90
792
 90
3
 90
792
 90
823
 90
793
 90
3
 90
823
 90
824
 90
793
 90
3
 90
793
 90
824
 90
794
 90
3
 90
824
 90
825
 90
794
 90
3
 90
794
 90
825
 90
795
 90
3
 90
825
 90
826
 90
795
 90
3
 90
795
 90
826
 90
796
 90
3
 90
826
 90
827
 90
796
 90
3
 90
796
 90
827
 90
797
 90
3
 90
827
 90
828
 90
797
 90
3
 90
797
 90
828
 90
798
 90
3
 90
828
 90
829
 90
798
 90
3
 90
798
 90
829
 90
799
 90
3
 90
829
 90
830
 90
799
 90
3
 90
799
 90
830
 90
800
 90
3
 90
830
 90
831
 90
800
 90
3
 90
800
 90
831
 90
801
 90
3
 90
831
 90
832
 90
801
 90
3
 90
801
 90
832
 90
802
 90
3
 90
832
 90
833
 90
802
 90
3
 90
802
 90
833
 90
803
 90
3
 90
834
 90
816
 90
804
 90
3
 90
804
 90
816
 90
786
 90
3
 90
833
 90
834
 90
803
 90
3
 90
803
 90
834
 90
804
 90
3
 90
835
 90
836
 90
805
 90
3
 90
805
 90
836
 90
806
 90
3
 90
836
 90
837
 90
806
 90
3
 90
806
 90
837
 90
807
 90
3
 90
837
 90
838
 90
807
 90
3
 90
807
 90
838
 90
808
 90
3
 90
838
 90
839
 90
808
 90
3
 90
808
 90
839
 90
809
 90
3
 90
839
 90
840
 90
809
 90
3
 90
809
 90
840
 90
810
 90
3
 90
840
 90
841
 90
810
 90
3
 90
810
 90
841
 90
811
 90
3
 90
841
 90
842
 90
811
 90
3
 90
811
 90
842
 90
812
 90
3
 90
842
 90
843
 90
812
 90
3
 90
812
 90
843
 90
813
 90
3
 90
843
 90
844
 90
813
 90
3
 90
813
 90
844
 90
814
 90
3
 90
845
 90
835
 90
815
 90
3
 90
815
 90
835
 90
805
 90
3
 90
844
 90
845
 90
814
 90
3
 90
814
 90
845
 90
815
 90
3
 90
854
 90
855
 90
856
 90
3
 90
853
 90
854
 90
856
 90
3
 90
852
 90
853
 90
856
 90
3
 90
850
 90
851
 90
852
 90
3
 90
849
 90
850
 90
852
 90
3
 90
846
 90
847
 90
848
 90
3
 90
857
 90
846
 90
848
 90
3
 90
856
 90
857
 90
848
 90
3
 90
849
 90
852
 90
856
 90
3
 90
848
 90
849
 90
856
 90
3
 90
868
 90
867
 90
866
 90
3
 90
868
 90
866
 90
865
 90
3
 90
868
 90
865
 90
864
 90
3
 90
864
 90
863
 90
862
 90
3
 90
864
 90
862
 90
861
 90
3
 90
860
 90
859
 90
858
 90
3
 90
860
 90
858
 90
869
 90
3
 90
860
 90
869
 90
868
 90
3
 90
868
 90
864
 90
861
 90
3
 90
868
 90
861
 90
860
 90
3
 90
858
 90
859
 90
846
 90
3
 90
846
 90
859
 90
847
 90
3
 90
859
 90
860
 90
847
 90
3
 90
847
 90
860
 90
848
 90
3
 90
860
 90
861
 90
848
 90
3
 90
848
 90
861
 90
849
 90
3
 90
861
 90
862
 90
849
 90
3
 90
849
 90
862
 90
850
 90
3
 90
862
 90
863
 90
850
 90
3
 90
850
 90
863
 90
851
 90
3
 90
863
 90
864
 90
851
 90
3
 90
851
 90
864
 90
852
 90
3
 90
864
 90
865
 90
852
 90
3
 90
852
 90
865
 90
853
 90
3
 90
865
 90
866
 90
853
 90
3
 90
853
 90
866
 90
854
 90
3
 90
866
 90
867
 90
854
 90
3
 90
854
 90
867
 90
855
 90
3
 90
867
 90
868
 90
855
 90
3
 90
855
 90
868
 90
856
 90
3
 90
869
 90
858
 90
857
 90
3
 90
857
 90
858
 90
846
 90
3
 90
868
 90
869
 90
856
 90
3
 90
856
 90
869
 90
857
 90
3
 90
920
 90
921
 90
870
 90
3
 90
919
 90
920
 90
870
 90
3
 90
918
 90
919
 90
870
 90
3
 90
917
 90
918
 90
870
 90
3
 90
916
 90
917
 90
870
 90
3
 90
914
 90
915
 90
916
 90
3
 90
913
 90
914
 90
916
 90
3
 90
912
 90
913
 90
916
 90
3
 90
911
 90
912
 90
916
 90
3
 90
910
 90
911
 90
916
 90
3
 90
908
 90
909
 90
910
 90
3
 90
895
 90
896
 90
897
 90
3
 90
894
 90
895
 90
897
 90
3
 90
893
 90
894
 90
897
 90
3
 90
892
 90
893
 90
897
 90
3
 90
891
 90
892
 90
897
 90
3
 90
890
 90
891
 90
897
 90
3
 90
888
 90
889
 90
890
 90
3
 90
887
 90
888
 90
890
 90
3
 90
886
 90
887
 90
890
 90
3
 90
885
 90
886
 90
890
 90
3
 90
884
 90
885
 90
890
 90
3
 90
882
 90
883
 90
884
 90
3
 90
916
 90
870
 90
871
 90
3
 90
890
 90
897
 90
898
 90
3
 90
916
 90
871
 90
872
 90
3
 90
890
 90
898
 90
899
 90
3
 90
916
 90
872
 90
873
 90
3
 90
890
 90
899
 90
900
 90
3
 90
916
 90
873
 90
874
 90
3
 90
890
 90
900
 90
901
 90
3
 90
916
 90
874
 90
875
 90
3
 90
890
 90
901
 90
902
 90
3
 90
916
 90
875
 90
876
 90
3
 90
890
 90
902
 90
903
 90
3
 90
884
 90
890
 90
903
 90
3
 90
916
 90
876
 90
877
 90
3
 90
910
 90
916
 90
877
 90
3
 90
884
 90
903
 90
904
 90
3
 90
910
 90
877
 90
878
 90
3
 90
884
 90
904
 90
905
 90
3
 90
882
 90
884
 90
905
 90
3
 90
881
 90
882
 90
905
 90
3
 90
910
 90
878
 90
879
 90
3
 90
908
 90
910
 90
879
 90
3
 90
907
 90
908
 90
879
 90
3
 90
906
 90
907
 90
879
 90
3
 90
881
 90
905
 90
906
 90
3
 90
880
 90
881
 90
906
 90
3
 90
879
 90
880
 90
906
 90
3
 90
922
 90
973
 90
972
 90
3
 90
922
 90
972
 90
971
 90
3
 90
922
 90
971
 90
970
 90
3
 90
922
 90
970
 90
969
 90
3
 90
922
 90
969
 90
968
 90
3
 90
968
 90
967
 90
966
 90
3
 90
968
 90
966
 90
965
 90
3
 90
968
 90
965
 90
964
 90
3
 90
968
 90
964
 90
963
 90
3
 90
968
 90
963
 90
962
 90
3
 90
962
 90
961
 90
960
 90
3
 90
949
 90
948
 90
947
 90
3
 90
949
 90
947
 90
946
 90
3
 90
949
 90
946
 90
945
 90
3
 90
949
 90
945
 90
944
 90
3
 90
949
 90
944
 90
943
 90
3
 90
949
 90
943
 90
942
 90
3
 90
942
 90
941
 90
940
 90
3
 90
942
 90
940
 90
939
 90
3
 90
942
 90
939
 90
938
 90
3
 90
942
 90
938
 90
937
 90
3
 90
942
 90
937
 90
936
 90
3
 90
936
 90
935
 90
934
 90
3
 90
923
 90
922
 90
968
 90
3
 90
950
 90
949
 90
942
 90
3
 90
924
 90
923
 90
968
 90
3
 90
951
 90
950
 90
942
 90
3
 90
925
 90
924
 90
968
 90
3
 90
952
 90
951
 90
942
 90
3
 90
926
 90
925
 90
968
 90
3
 90
953
 90
952
 90
942
 90
3
 90
927
 90
926
 90
968
 90
3
 90
954
 90
953
 90
942
 90
3
 90
928
 90
927
 90
968
 90
3
 90
955
 90
954
 90
942
 90
3
 90
955
 90
942
 90
936
 90
3
 90
929
 90
928
 90
968
 90
3
 90
929
 90
968
 90
962
 90
3
 90
956
 90
955
 90
936
 90
3
 90
930
 90
929
 90
962
 90
3
 90
957
 90
956
 90
936
 90
3
 90
957
 90
936
 90
934
 90
3
 90
957
 90
934
 90
933
 90
3
 90
931
 90
930
 90
962
 90
3
 90
931
 90
962
 90
960
 90
3
 90
931
 90
960
 90
959
 90
3
 90
931
 90
959
 90
958
 90
3
 90
958
 90
957
 90
933
 90
3
 90
958
 90
933
 90
932
 90
3
 90
958
 90
932
 90
931
 90
3
 90
922
 90
923
 90
870
 90
3
 90
870
 90
923
 90
871
 90
3
 90
923
 90
924
 90
871
 90
3
 90
871
 90
924
 90
872
 90
3
 90
924
 90
925
 90
872
 90
3
 90
872
 90
925
 90
873
 90
3
 90
925
 90
926
 90
873
 90
3
 90
873
 90
926
 90
874
 90
3
 90
926
 90
927
 90
874
 90
3
 90
874
 90
927
 90
875
 90
3
 90
927
 90
928
 90
875
 90
3
 90
875
 90
928
 90
876
 90
3
 90
928
 90
929
 90
876
 90
3
 90
876
 90
929
 90
877
 90
3
 90
929
 90
930
 90
877
 90
3
 90
877
 90
930
 90
878
 90
3
 90
930
 90
931
 90
878
 90
3
 90
878
 90
931
 90
879
 90
3
 90
931
 90
932
 90
879
 90
3
 90
879
 90
932
 90
880
 90
3
 90
932
 90
933
 90
880
 90
3
 90
880
 90
933
 90
881
 90
3
 90
933
 90
934
 90
881
 90
3
 90
881
 90
934
 90
882
 90
3
 90
934
 90
935
 90
882
 90
3
 90
882
 90
935
 90
883
 90
3
 90
935
 90
936
 90
883
 90
3
 90
883
 90
936
 90
884
 90
3
 90
936
 90
937
 90
884
 90
3
 90
884
 90
937
 90
885
 90
3
 90
937
 90
938
 90
885
 90
3
 90
885
 90
938
 90
886
 90
3
 90
938
 90
939
 90
886
 90
3
 90
886
 90
939
 90
887
 90
3
 90
939
 90
940
 90
887
 90
3
 90
887
 90
940
 90
888
 90
3
 90
940
 90
941
 90
888
 90
3
 90
888
 90
941
 90
889
 90
3
 90
941
 90
942
 90
889
 90
3
 90
889
 90
942
 90
890
 90
3
 90
942
 90
943
 90
890
 90
3
 90
890
 90
943
 90
891
 90
3
 90
943
 90
944
 90
891
 90
3
 90
891
 90
944
 90
892
 90
3
 90
944
 90
945
 90
892
 90
3
 90
892
 90
945
 90
893
 90
3
 90
945
 90
946
 90
893
 90
3
 90
893
 90
946
 90
894
 90
3
 90
946
 90
947
 90
894
 90
3
 90
894
 90
947
 90
895
 90
3
 90
947
 90
948
 90
895
 90
3
 90
895
 90
948
 90
896
 90
3
 90
948
 90
949
 90
896
 90
3
 90
896
 90
949
 90
897
 90
3
 90
949
 90
950
 90
897
 90
3
 90
897
 90
950
 90
898
 90
3
 90
950
 90
951
 90
898
 90
3
 90
898
 90
951
 90
899
 90
3
 90
951
 90
952
 90
899
 90
3
 90
899
 90
952
 90
900
 90
3
 90
952
 90
953
 90
900
 90
3
 90
900
 90
953
 90
901
 90
3
 90
953
 90
954
 90
901
 90
3
 90
901
 90
954
 90
902
 90
3
 90
954
 90
955
 90
902
 90
3
 90
902
 90
955
 90
903
 90
3
 90
955
 90
956
 90
903
 90
3
 90
903
 90
956
 90
904
 90
3
 90
956
 90
957
 90
904
 90
3
 90
904
 90
957
 90
905
 90
3
 90
957
 90
958
 90
905
 90
3
 90
905
 90
958
 90
906
 90
3
 90
958
 90
959
 90
906
 90
3
 90
906
 90
959
 90
907
 90
3
 90
959
 90
960
 90
907
 90
3
 90
907
 90
960
 90
908
 90
3
 90
960
 90
961
 90
908
 90
3
 90
908
 90
961
 90
909
 90
3
 90
961
 90
962
 90
909
 90
3
 90
909
 90
962
 90
910
 90
3
 90
962
 90
963
 90
910
 90
3
 90
910
 90
963
 90
911
 90
3
 90
963
 90
964
 90
911
 90
3
 90
911
 90
964
 90
912
 90
3
 90
964
 90
965
 90
912
 90
3
 90
912
 90
965
 90
913
 90
3
 90
965
 90
966
 90
913
 90
3
 90
913
 90
966
 90
914
 90
3
 90
966
 90
967
 90
914
 90
3
 90
914
 90
967
 90
915
 90
3
 90
967
 90
968
 90
915
 90
3
 90
915
 90
968
 90
916
 90
3
 90
968
 90
969
 90
916
 90
3
 90
916
 90
969
 90
917
 90
3
 90
969
 90
970
 90
917
 90
3
 90
917
 90
970
 90
918
 90
3
 90
970
 90
971
 90
918
 90
3
 90
918
 90
971
 90
919
 90
3
 90
971
 90
972
 90
919
 90
3
 90
919
 90
972
 90
920
 90
3
 90
973
 90
922
 90
921
 90
3
 90
921
 90
922
 90
870
 90
3
 90
972
 90
973
 90
920
 90
3
 90
920
 90
973
 90
921
 90
3
 90
990
 90
991
 90
974
 90
3
 90
989
 90
990
 90
974
 90
3
 90
988
 90
989
 90
974
 90
3
 90
987
 90
988
 90
974
 90
3
 90
986
 90
987
 90
974
 90
3
 90
985
 90
986
 90
974
 90
3
 90
984
 90
985
 90
974
 90
3
 90
982
 90
983
 90
984
 90
3
 90
981
 90
982
 90
984
 90
3
 90
980
 90
981
 90
984
 90
3
 90
979
 90
980
 90
984
 90
3
 90
978
 90
979
 90
984
 90
3
 90
977
 90
978
 90
984
 90
3
 90
976
 90
977
 90
984
 90
3
 90
975
 90
976
 90
984
 90
3
 90
974
 90
975
 90
984
 90
3
 90
992
 90
1009
 90
1008
 90
3
 90
992
 90
1008
 90
1007
 90
3
 90
992
 90
1007
 90
1006
 90
3
 90
992
 90
1006
 90
1005
 90
3
 90
992
 90
1005
 90
1004
 90
3
 90
992
 90
1004
 90
1003
 90
3
 90
992
 90
1003
 90
1002
 90
3
 90
1002
 90
1001
 90
1000
 90
3
 90
1002
 90
1000
 90
999
 90
3
 90
1002
 90
999
 90
998
 90
3
 90
1002
 90
998
 90
997
 90
3
 90
1002
 90
997
 90
996
 90
3
 90
1002
 90
996
 90
995
 90
3
 90
1002
 90
995
 90
994
 90
3
 90
1002
 90
994
 90
993
 90
3
 90
1002
 90
993
 90
992
 90
3
 90
992
 90
993
 90
974
 90
3
 90
974
 90
993
 90
975
 90
3
 90
993
 90
994
 90
975
 90
3
 90
975
 90
994
 90
976
 90
3
 90
994
 90
995
 90
976
 90
3
 90
976
 90
995
 90
977
 90
3
 90
995
 90
996
 90
977
 90
3
 90
977
 90
996
 90
978
 90
3
 90
996
 90
997
 90
978
 90
3
 90
978
 90
997
 90
979
 90
3
 90
997
 90
998
 90
979
 90
3
 90
979
 90
998
 90
980
 90
3
 90
998
 90
999
 90
980
 90
3
 90
980
 90
999
 90
981
 90
3
 90
999
 90
1000
 90
981
 90
3
 90
981
 90
1000
 90
982
 90
3
 90
1000
 90
1001
 90
982
 90
3
 90
982
 90
1001
 90
983
 90
3
 90
1001
 90
1002
 90
983
 90
3
 90
983
 90
1002
 90
984
 90
3
 90
1002
 90
1003
 90
984
 90
3
 90
984
 90
1003
 90
985
 90
3
 90
1003
 90
1004
 90
985
 90
3
 90
985
 90
1004
 90
986
 90
3
 90
1004
 90
1005
 90
986
 90
3
 90
986
 90
1005
 90
987
 90
3
 90
1005
 90
1006
 90
987
 90
3
 90
987
 90
1006
 90
988
 90
3
 90
1006
 90
1007
 90
988
 90
3
 90
988
 90
1007
 90
989
 90
3
 90
1007
 90
1008
 90
989
 90
3
 90
989
 90
1008
 90
990
 90
3
 90
1009
 90
992
 90
991
 90
3
 90
991
 90
992
 90
974
 90
3
 90
1008
 90
1009
 90
990
 90
3
 90
990
 90
1009
 90
991
 90
3
 90
1052
 90
1053
 90
1025
 90
3
 90
1051
 90
1052
 90
1025
 90
3
 90
1050
 90
1051
 90
1025
 90
3
 90
1049
 90
1050
 90
1025
 90
3
 90
1025
 90
1053
 90
1054
 90
3
 90
1024
 90
1025
 90
1054
 90
3
 90
1023
 90
1024
 90
1054
 90
3
 90
1022
 90
1023
 90
1054
 90
3
 90
1020
 90
1021
 90
1022
 90
3
 90
1019
 90
1020
 90
1022
 90
3
 90
1018
 90
1019
 90
1022
 90
3
 90
1017
 90
1018
 90
1022
 90
3
 90
1015
 90
1016
 90
1017
 90
3
 90
1014
 90
1015
 90
1017
 90
3
 90
1013
 90
1014
 90
1017
 90
3
 90
1012
 90
1013
 90
1017
 90
3
 90
1011
 90
1012
 90
1017
 90
3
 90
1010
 90
1011
 90
1017
 90
3
 90
1042
 90
1010
 90
1017
 90
3
 90
1033
 90
1034
 90
1035
 90
3
 90
1032
 90
1033
 90
1035
 90
3
 90
1031
 90
1032
 90
1035
 90
3
 90
1030
 90
1031
 90
1035
 90
3
 90
1029
 90
1030
 90
1035
 90
3
 90
1028
 90
1029
 90
1035
 90
3
 90
1026
 90
1027
 90
1028
 90
3
 90
1025
 90
1026
 90
1028
 90
3
 90
1022
 90
1054
 90
1055
 90
3
 90
1028
 90
1035
 90
1036
 90
3
 90
1022
 90
1055
 90
1056
 90
3
 90
1028
 90
1036
 90
1037
 90
3
 90
1022
 90
1056
 90
1057
 90
3
 90
1028
 90
1037
 90
1038
 90
3
 90
1022
 90
1057
 90
1058
 90
3
 90
1017
 90
1022
 90
1058
 90
3
 90
1028
 90
1038
 90
1039
 90
3
 90
1017
 90
1058
 90
1043
 90
3
 90
1028
 90
1039
 90
1040
 90
3
 90
1025
 90
1028
 90
1040
 90
3
 90
1017
 90
1043
 90
1044
 90
3
 90
1025
 90
1040
 90
1041
 90
3
 90
1017
 90
1044
 90
1045
 90
3
 90
1025
 90
1041
 90
1042
 90
3
 90
1049
 90
1025
 90
1042
 90
3
 90
1048
 90
1049
 90
1042
 90
3
 90
1017
 90
1045
 90
1046
 90
3
 90
1048
 90
1042
 90
1017
 90
3
 90
1047
 90
1048
 90
1017
 90
3
 90
1046
 90
1047
 90
1017
 90
3
 90
1074
 90
1102
 90
1101
 90
3
 90
1074
 90
1101
 90
1100
 90
3
 90
1074
 90
1100
 90
1099
 90
3
 90
1074
 90
1099
 90
1098
 90
3
 90
1103
 90
1102
 90
1074
 90
3
 90
1103
 90
1074
 90
1073
 90
3
 90
1103
 90
1073
 90
1072
 90
3
 90
1103
 90
1072
 90
1071
 90
3
 90
1071
 90
1070
 90
1069
 90
3
 90
1071
 90
1069
 90
1068
 90
3
 90
1071
 90
1068
 90
1067
 90
3
 90
1071
 90
1067
 90
1066
 90
3
 90
1066
 90
1065
 90
1064
 90
3
 90
1066
 90
1064
 90
1063
 90
3
 90
1066
 90
1063
 90
1062
 90
3
 90
1066
 90
1062
 90
1061
 90
3
 90
1066
 90
1061
 90
1060
 90
3
 90
1066
 90
1060
 90
1059
 90
3
 90
1066
 90
1059
 90
1091
 90
3
 90
1084
 90
1083
 90
1082
 90
3
 90
1084
 90
1082
 90
1081
 90
3
 90
1084
 90
1081
 90
1080
 90
3
 90
1084
 90
1080
 90
1079
 90
3
 90
1084
 90
1079
 90
1078
 90
3
 90
1084
 90
1078
 90
1077
 90
3
 90
1077
 90
1076
 90
1075
 90
3
 90
1077
 90
1075
 90
1074
 90
3
 90
1104
 90
1103
 90
1071
 90
3
 90
1085
 90
1084
 90
1077
 90
3
 90
1105
 90
1104
 90
1071
 90
3
 90
1086
 90
1085
 90
1077
 90
3
 90
1106
 90
1105
 90
1071
 90
3
 90
1087
 90
1086
 90
1077
 90
3
 90
1107
 90
1106
 90
1071
 90
3
 90
1107
 90
1071
 90
1066
 90
3
 90
1088
 90
1087
 90
1077
 90
3
 90
1092
 90
1107
 90
1066
 90
3
 90
1089
 90
1088
 90
1077
 90
3
 90
1089
 90
1077
 90
1074
 90
3
 90
1093
 90
1092
 90
1066
 90
3
 90
1090
 90
1089
 90
1074
 90
3
 90
1094
 90
1093
 90
1066
 90
3
 90
1091
 90
1090
 90
1074
 90
3
 90
1091
 90
1074
 90
1098
 90
3
 90
1091
 90
1098
 90
1097
 90
3
 90
1095
 90
1094
 90
1066
 90
3
 90
1066
 90
1091
 90
1097
 90
3
 90
1066
 90
1097
 90
1096
 90
3
 90
1066
 90
1096
 90
1095
 90
3
 90
1059
 90
1060
 90
1010
 90
3
 90
1010
 90
1060
 90
1011
 90
3
 90
1060
 90
1061
 90
1011
 90
3
 90
1011
 90
1061
 90
1012
 90
3
 90
1061
 90
1062
 90
1012
 90
3
 90
1012
 90
1062
 90
1013
 90
3
 90
1062
 90
1063
 90
1013
 90
3
 90
1013
 90
1063
 90
1014
 90
3
 90
1063
 90
1064
 90
1014
 90
3
 90
1014
 90
1064
 90
1015
 90
3
 90
1064
 90
1065
 90
1015
 90
3
 90
1015
 90
1065
 90
1016
 90
3
 90
1065
 90
1066
 90
1016
 90
3
 90
1016
 90
1066
 90
1017
 90
3
 90
1066
 90
1067
 90
1017
 90
3
 90
1017
 90
1067
 90
1018
 90
3
 90
1067
 90
1068
 90
1018
 90
3
 90
1018
 90
1068
 90
1019
 90
3
 90
1068
 90
1069
 90
1019
 90
3
 90
1019
 90
1069
 90
1020
 90
3
 90
1069
 90
1070
 90
1020
 90
3
 90
1020
 90
1070
 90
1021
 90
3
 90
1070
 90
1071
 90
1021
 90
3
 90
1021
 90
1071
 90
1022
 90
3
 90
1071
 90
1072
 90
1022
 90
3
 90
1022
 90
1072
 90
1023
 90
3
 90
1072
 90
1073
 90
1023
 90
3
 90
1023
 90
1073
 90
1024
 90
3
 90
1073
 90
1074
 90
1024
 90
3
 90
1024
 90
1074
 90
1025
 90
3
 90
1074
 90
1075
 90
1025
 90
3
 90
1025
 90
1075
 90
1026
 90
3
 90
1075
 90
1076
 90
1026
 90
3
 90
1026
 90
1076
 90
1027
 90
3
 90
1076
 90
1077
 90
1027
 90
3
 90
1027
 90
1077
 90
1028
 90
3
 90
1077
 90
1078
 90
1028
 90
3
 90
1028
 90
1078
 90
1029
 90
3
 90
1078
 90
1079
 90
1029
 90
3
 90
1029
 90
1079
 90
1030
 90
3
 90
1079
 90
1080
 90
1030
 90
3
 90
1030
 90
1080
 90
1031
 90
3
 90
1080
 90
1081
 90
1031
 90
3
 90
1031
 90
1081
 90
1032
 90
3
 90
1081
 90
1082
 90
1032
 90
3
 90
1032
 90
1082
 90
1033
 90
3
 90
1082
 90
1083
 90
1033
 90
3
 90
1033
 90
1083
 90
1034
 90
3
 90
1083
 90
1084
 90
1034
 90
3
 90
1034
 90
1084
 90
1035
 90
3
 90
1084
 90
1085
 90
1035
 90
3
 90
1035
 90
1085
 90
1036
 90
3
 90
1085
 90
1086
 90
1036
 90
3
 90
1036
 90
1086
 90
1037
 90
3
 90
1086
 90
1087
 90
1037
 90
3
 90
1037
 90
1087
 90
1038
 90
3
 90
1087
 90
1088
 90
1038
 90
3
 90
1038
 90
1088
 90
1039
 90
3
 90
1088
 90
1089
 90
1039
 90
3
 90
1039
 90
1089
 90
1040
 90
3
 90
1089
 90
1090
 90
1040
 90
3
 90
1040
 90
1090
 90
1041
 90
3
 90
1091
 90
1059
 90
1042
 90
3
 90
1042
 90
1059
 90
1010
 90
3
 90
1090
 90
1091
 90
1041
 90
3
 90
1041
 90
1091
 90
1042
 90
3
 90
1092
 90
1093
 90
1043
 90
3
 90
1043
 90
1093
 90
1044
 90
3
 90
1093
 90
1094
 90
1044
 90
3
 90
1044
 90
1094
 90
1045
 90
3
 90
1094
 90
1095
 90
1045
 90
3
 90
1045
 90
1095
 90
1046
 90
3
 90
1095
 90
1096
 90
1046
 90
3
 90
1046
 90
1096
 90
1047
 90
3
 90
1096
 90
1097
 90
1047
 90
3
 90
1047
 90
1097
 90
1048
 90
3
 90
1097
 90
1098
 90
1048
 90
3
 90
1048
 90
1098
 90
1049
 90
3
 90
1098
 90
1099
 90
1049
 90
3
 90
1049
 90
1099
 90
1050
 90
3
 90
1099
 90
1100
 90
1050
 90
3
 90
1050
 90
1100
 90
1051
 90
3
 90
1100
 90
1101
 90
1051
 90
3
 90
1051
 90
1101
 90
1052
 90
3
 90
1101
 90
1102
 90
1052
 90
3
 90
1052
 90
1102
 90
1053
 90
3
 90
1102
 90
1103
 90
1053
 90
3
 90
1053
 90
1103
 90
1054
 90
3
 90
1103
 90
1104
 90
1054
 90
3
 90
1054
 90
1104
 90
1055
 90
3
 90
1104
 90
1105
 90
1055
 90
3
 90
1055
 90
1105
 90
1056
 90
3
 90
1105
 90
1106
 90
1056
 90
3
 90
1056
 90
1106
 90
1057
 90
3
 90
1107
 90
1092
 90
1058
 90
3
 90
1058
 90
1092
 90
1043
 90
3
 90
1106
 90
1107
 90
1057
 90
3
 90
1057
 90
1107
 90
1058
 90
3
 90
1110
 90
1111
 90
1108
 90
3
 90
1109
 90
1110
 90
1108
 90
3
 90
1112
 90
1115
 90
1114
 90
3
 90
1112
 90
1114
 90
1113
 90
3
 90
1112
 90
1113
 90
1108
 90
3
 90
1108
 90
1113
 90
1109
 90
3
 90
1113
 90
1114
 90
1109
 90
3
 90
1109
 90
1114
 90
1110
 90
3
 90
1115
 90
1112
 90
1111
 90
3
 90
1111
 90
1112
 90
1108
 90
3
 90
1114
 90
1115
 90
1110
 90
3
 90
1110
 90
1115
 90
1111
 90
3
 90
1118
 90
1119
 90
1116
 90
3
 90
1117
 90
1118
 90
1116
 90
3
 90
1120
 90
1123
 90
1122
 90
3
 90
1120
 90
1122
 90
1121
 90
3
 90
1120
 90
1121
 90
1116
 90
3
 90
1116
 90
1121
 90
1117
 90
3
 90
1121
 90
1122
 90
1117
 90
3
 90
1117
 90
1122
 90
1118
 90
3
 90
1123
 90
1120
 90
1119
 90
3
 90
1119
 90
1120
 90
1116
 90
3
 90
1122
 90
1123
 90
1118
 90
3
 90
1118
 90
1123
 90
1119
 90
3
 90
1168
 90
1169
 90
1170
 90
3
 90
1167
 90
1168
 90
1170
 90
3
 90
1166
 90
1167
 90
1170
 90
3
 90
1165
 90
1166
 90
1170
 90
3
 90
1164
 90
1165
 90
1170
 90
3
 90
1163
 90
1164
 90
1170
 90
3
 90
1161
 90
1162
 90
1163
 90
3
 90
1160
 90
1161
 90
1163
 90
3
 90
1159
 90
1160
 90
1163
 90
3
 90
1158
 90
1159
 90
1163
 90
3
 90
1157
 90
1158
 90
1163
 90
3
 90
1155
 90
1156
 90
1157
 90
3
 90
1142
 90
1143
 90
1144
 90
3
 90
1141
 90
1142
 90
1144
 90
3
 90
1140
 90
1141
 90
1144
 90
3
 90
1139
 90
1140
 90
1144
 90
3
 90
1138
 90
1139
 90
1144
 90
3
 90
1137
 90
1138
 90
1144
 90
3
 90
1135
 90
1136
 90
1137
 90
3
 90
1134
 90
1135
 90
1137
 90
3
 90
1133
 90
1134
 90
1137
 90
3
 90
1132
 90
1133
 90
1137
 90
3
 90
1131
 90
1132
 90
1137
 90
3
 90
1129
 90
1130
 90
1131
 90
3
 90
1163
 90
1170
 90
1171
 90
3
 90
1137
 90
1144
 90
1145
 90
3
 90
1163
 90
1171
 90
1172
 90
3
 90
1137
 90
1145
 90
1146
 90
3
 90
1163
 90
1172
 90
1173
 90
3
 90
1137
 90
1146
 90
1147
 90
3
 90
1163
 90
1173
 90
1174
 90
3
 90
1137
 90
1147
 90
1148
 90
3
 90
1163
 90
1174
 90
1175
 90
3
 90
1137
 90
1148
 90
1149
 90
3
 90
1163
 90
1175
 90
1124
 90
3
 90
1157
 90
1163
 90
1124
 90
3
 90
1137
 90
1149
 90
1150
 90
3
 90
1131
 90
1137
 90
1150
 90
3
 90
1157
 90
1124
 90
1125
 90
3
 90
1131
 90
1150
 90
1151
 90
3
 90
1157
 90
1125
 90
1126
 90
3
 90
1155
 90
1157
 90
1126
 90
3
 90
1154
 90
1155
 90
1126
 90
3
 90
1153
 90
1154
 90
1126
 90
3
 90
1131
 90
1151
 90
1152
 90
3
 90
1129
 90
1131
 90
1152
 90
3
 90
1128
 90
1129
 90
1152
 90
3
 90
1153
 90
1126
 90
1127
 90
3
 90
1128
 90
1152
 90
1153
 90
3
 90
1127
 90
1128
 90
1153
 90
3
 90
1222
 90
1221
 90
1220
 90
3
 90
1222
 90
1220
 90
1219
 90
3
 90
1222
 90
1219
 90
1218
 90
3
 90
1222
 90
1218
 90
1217
 90
3
 90
1222
 90
1217
 90
1216
 90
3
 90
1222
 90
1216
 90
1215
 90
3
 90
1215
 90
1214
 90
1213
 90
3
 90
1215
 90
1213
 90
1212
 90
3
 90
1215
 90
1212
 90
1211
 90
3
 90
1215
 90
1211
 90
1210
 90
3
 90
1215
 90
1210
 90
1209
 90
3
 90
1209
 90
1208
 90
1207
 90
3
 90
1196
 90
1195
 90
1194
 90
3
 90
1196
 90
1194
 90
1193
 90
3
 90
1196
 90
1193
 90
1192
 90
3
 90
1196
 90
1192
 90
1191
 90
3
 90
1196
 90
1191
 90
1190
 90
3
 90
1196
 90
1190
 90
1189
 90
3
 90
1189
 90
1188
 90
1187
 90
3
 90
1189
 90
1187
 90
1186
 90
3
 90
1189
 90
1186
 90
1185
 90
3
 90
1189
 90
1185
 90
1184
 90
3
 90
1189
 90
1184
 90
1183
 90
3
 90
1183
 90
1182
 90
1181
 90
3
 90
1223
 90
1222
 90
1215
 90
3
 90
1197
 90
1196
 90
1189
 90
3
 90
1224
 90
1223
 90
1215
 90
3
 90
1198
 90
1197
 90
1189
 90
3
 90
1225
 90
1224
 90
1215
 90
3
 90
1199
 90
1198
 90
1189
 90
3
 90
1226
 90
1225
 90
1215
 90
3
 90
1200
 90
1199
 90
1189
 90
3
 90
1227
 90
1226
 90
1215
 90
3
 90
1201
 90
1200
 90
1189
 90
3
 90
1176
 90
1227
 90
1215
 90
3
 90
1176
 90
1215
 90
1209
 90
3
 90
1202
 90
1201
 90
1189
 90
3
 90
1202
 90
1189
 90
1183
 90
3
 90
1177
 90
1176
 90
1209
 90
3
 90
1203
 90
1202
 90
1183
 90
3
 90
1178
 90
1177
 90
1209
 90
3
 90
1178
 90
1209
 90
1207
 90
3
 90
1178
 90
1207
 90
1206
 90
3
 90
1178
 90
1206
 90
1205
 90
3
 90
1204
 90
1203
 90
1183
 90
3
 90
1204
 90
1183
 90
1181
 90
3
 90
1204
 90
1181
 90
1180
 90
3
 90
1179
 90
1178
 90
1205
 90
3
 90
1205
 90
1204
 90
1180
 90
3
 90
1205
 90
1180
 90
1179
 90
3
 90
1176
 90
1177
 90
1124
 90
3
 90
1124
 90
1177
 90
1125
 90
3
 90
1177
 90
1178
 90
1125
 90
3
 90
1125
 90
1178
 90
1126
 90
3
 90
1178
 90
1179
 90
1126
 90
3
 90
1126
 90
1179
 90
1127
 90
3
 90
1179
 90
1180
 90
1127
 90
3
 90
1127
 90
1180
 90
1128
 90
3
 90
1180
 90
1181
 90
1128
 90
3
 90
1128
 90
1181
 90
1129
 90
3
 90
1181
 90
1182
 90
1129
 90
3
 90
1129
 90
1182
 90
1130
 90
3
 90
1182
 90
1183
 90
1130
 90
3
 90
1130
 90
1183
 90
1131
 90
3
 90
1183
 90
1184
 90
1131
 90
3
 90
1131
 90
1184
 90
1132
 90
3
 90
1184
 90
1185
 90
1132
 90
3
 90
1132
 90
1185
 90
1133
 90
3
 90
1185
 90
1186
 90
1133
 90
3
 90
1133
 90
1186
 90
1134
 90
3
 90
1186
 90
1187
 90
1134
 90
3
 90
1134
 90
1187
 90
1135
 90
3
 90
1187
 90
1188
 90
1135
 90
3
 90
1135
 90
1188
 90
1136
 90
3
 90
1188
 90
1189
 90
1136
 90
3
 90
1136
 90
1189
 90
1137
 90
3
 90
1189
 90
1190
 90
1137
 90
3
 90
1137
 90
1190
 90
1138
 90
3
 90
1190
 90
1191
 90
1138
 90
3
 90
1138
 90
1191
 90
1139
 90
3
 90
1191
 90
1192
 90
1139
 90
3
 90
1139
 90
1192
 90
1140
 90
3
 90
1192
 90
1193
 90
1140
 90
3
 90
1140
 90
1193
 90
1141
 90
3
 90
1193
 90
1194
 90
1141
 90
3
 90
1141
 90
1194
 90
1142
 90
3
 90
1194
 90
1195
 90
1142
 90
3
 90
1142
 90
1195
 90
1143
 90
3
 90
1195
 90
1196
 90
1143
 90
3
 90
1143
 90
1196
 90
1144
 90
3
 90
1196
 90
1197
 90
1144
 90
3
 90
1144
 90
1197
 90
1145
 90
3
 90
1197
 90
1198
 90
1145
 90
3
 90
1145
 90
1198
 90
1146
 90
3
 90
1198
 90
1199
 90
1146
 90
3
 90
1146
 90
1199
 90
1147
 90
3
 90
1199
 90
1200
 90
1147
 90
3
 90
1147
 90
1200
 90
1148
 90
3
 90
1200
 90
1201
 90
1148
 90
3
 90
1148
 90
1201
 90
1149
 90
3
 90
1201
 90
1202
 90
1149
 90
3
 90
1149
 90
1202
 90
1150
 90
3
 90
1202
 90
1203
 90
1150
 90
3
 90
1150
 90
1203
 90
1151
 90
3
 90
1203
 90
1204
 90
1151
 90
3
 90
1151
 90
1204
 90
1152
 90
3
 90
1204
 90
1205
 90
1152
 90
3
 90
1152
 90
1205
 90
1153
 90
3
 90
1205
 90
1206
 90
1153
 90
3
 90
1153
 90
1206
 90
1154
 90
3
 90
1206
 90
1207
 90
1154
 90
3
 90
1154
 90
1207
 90
1155
 90
3
 90
1207
 90
1208
 90
1155
 90
3
 90
1155
 90
1208
 90
1156
 90
3
 90
1208
 90
1209
 90
1156
 90
3
 90
1156
 90
1209
 90
1157
 90
3
 90
1209
 90
1210
 90
1157
 90
3
 90
1157
 90
1210
 90
1158
 90
3
 90
1210
 90
1211
 90
1158
 90
3
 90
1158
 90
1211
 90
1159
 90
3
 90
1211
 90
1212
 90
1159
 90
3
 90
1159
 90
1212
 90
1160
 90
3
 90
1212
 90
1213
 90
1160
 90
3
 90
1160
 90
1213
 90
1161
 90
3
 90
1213
 90
1214
 90
1161
 90
3
 90
1161
 90
1214
 90
1162
 90
3
 90
1214
 90
1215
 90
1162
 90
3
 90
1162
 90
1215
 90
1163
 90
3
 90
1215
 90
1216
 90
1163
 90
3
 90
1163
 90
1216
 90
1164
 90
3
 90
1216
 90
1217
 90
1164
 90
3
 90
1164
 90
1217
 90
1165
 90
3
 90
1217
 90
1218
 90
1165
 90
3
 90
1165
 90
1218
 90
1166
 90
3
 90
1218
 90
1219
 90
1166
 90
3
 90
1166
 90
1219
 90
1167
 90
3
 90
1219
 90
1220
 90
1167
 90
3
 90
1167
 90
1220
 90
1168
 90
3
 90
1220
 90
1221
 90
1168
 90
3
 90
1168
 90
1221
 90
1169
 90
3
 90
1221
 90
1222
 90
1169
 90
3
 90
1169
 90
1222
 90
1170
 90
3
 90
1222
 90
1223
 90
1170
 90
3
 90
1170
 90
1223
 90
1171
 90
3
 90
1223
 90
1224
 90
1171
 90
3
 90
1171
 90
1224
 90
1172
 90
3
 90
1224
 90
1225
 90
1172
 90
3
 90
1172
 90
1225
 90
1173
 90
3
 90
1225
 90
1226
 90
1173
 90
3
 90
1173
 90
1226
 90
1174
 90
3
 90
1227
 90
1176
 90
1175
 90
3
 90
1175
 90
1176
 90
1124
 90
3
 90
1226
 90
1227
 90
1174
 90
3
 90
1174
 90
1227
 90
1175
 90
3
 90
1259
 90
1260
 90
1245
 90
3
 90
1258
 90
1259
 90
1245
 90
3
 90
1257
 90
1258
 90
1245
 90
3
 90
1245
 90
1260
 90
1261
 90
3
 90
1244
 90
1245
 90
1261
 90
3
 90
1243
 90
1244
 90
1261
 90
3
 90
1242
 90
1243
 90
1261
 90
3
 90
1240
 90
1241
 90
1242
 90
3
 90
1238
 90
1239
 90
1240
 90
3
 90
1237
 90
1238
 90
1240
 90
3
 90
1236
 90
1237
 90
1240
 90
3
 90
1235
 90
1236
 90
1240
 90
3
 90
1234
 90
1235
 90
1240
 90
3
 90
1233
 90
1234
 90
1240
 90
3
 90
1232
 90
1233
 90
1240
 90
3
 90
1230
 90
1231
 90
1232
 90
3
 90
1229
 90
1230
 90
1232
 90
3
 90
1228
 90
1229
 90
1232
 90
3
 90
1246
 90
1247
 90
1228
 90
3
 90
1245
 90
1246
 90
1228
 90
3
 90
1257
 90
1245
 90
1228
 90
3
 90
1256
 90
1257
 90
1228
 90
3
 90
1255
 90
1256
 90
1228
 90
3
 90
1242
 90
1261
 90
1262
 90
3
 90
1240
 90
1242
 90
1262
 90
3
 90
1255
 90
1228
 90
1232
 90
3
 90
1254
 90
1255
 90
1232
 90
3
 90
1253
 90
1254
 90
1232
 90
3
 90
1252
 90
1253
 90
1232
 90
3
 90
1251
 90
1252
 90
1232
 90
3
 90
1250
 90
1251
 90
1232
 90
3
 90
1240
 90
1262
 90
1263
 90
3
 90
1250
 90
1232
 90
1240
 90
3
 90
1249
 90
1250
 90
1240
 90
3
 90
1248
 90
1249
 90
1240
 90
3
 90
1263
 90
1248
 90
1240
 90
3
 90
1281
 90
1296
 90
1295
 90
3
 90
1281
 90
1295
 90
1294
 90
3
 90
1281
 90
1294
 90
1293
 90
3
 90
1297
 90
1296
 90
1281
 90
3
 90
1297
 90
1281
 90
1280
 90
3
 90
1297
 90
1280
 90
1279
 90
3
 90
1297
 90
1279
 90
1278
 90
3
 90
1278
 90
1277
 90
1276
 90
3
 90
1276
 90
1275
 90
1274
 90
3
 90
1276
 90
1274
 90
1273
 90
3
 90
1276
 90
1273
 90
1272
 90
3
 90
1276
 90
1272
 90
1271
 90
3
 90
1276
 90
1271
 90
1270
 90
3
 90
1276
 90
1270
 90
1269
 90
3
 90
1276
 90
1269
 90
1268
 90
3
 90
1268
 90
1267
 90
1266
 90
3
 90
1268
 90
1266
 90
1265
 90
3
 90
1268
 90
1265
 90
1264
 90
3
 90
1264
 90
1283
 90
1282
 90
3
 90
1264
 90
1282
 90
1281
 90
3
 90
1264
 90
1281
 90
1293
 90
3
 90
1264
 90
1293
 90
1292
 90
3
 90
1264
 90
1292
 90
1291
 90
3
 90
1298
 90
1297
 90
1278
 90
3
 90
1298
 90
1278
 90
1276
 90
3
 90
1268
 90
1264
 90
1291
 90
3
 90
1268
 90
1291
 90
1290
 90
3
 90
1268
 90
1290
 90
1289
 90
3
 90
1268
 90
1289
 90
1288
 90
3
 90
1268
 90
1288
 90
1287
 90
3
 90
1268
 90
1287
 90
1286
 90
3
 90
1299
 90
1298
 90
1276
 90
3
 90
1276
 90
1268
 90
1286
 90
3
 90
1276
 90
1286
 90
1285
 90
3
 90
1276
 90
1285
 90
1284
 90
3
 90
1276
 90
1284
 90
1299
 90
3
 90
1264
 90
1265
 90
1228
 90
3
 90
1228
 90
1265
 90
1229
 90
3
 90
1265
 90
1266
 90
1229
 90
3
 90
1229
 90
1266
 90
1230
 90
3
 90
1266
 90
1267
 90
1230
 90
3
 90
1230
 90
1267
 90
1231
 90
3
 90
1267
 90
1268
 90
1231
 90
3
 90
1231
 90
1268
 90
1232
 90
3
 90
1268
 90
1269
 90
1232
 90
3
 90
1232
 90
1269
 90
1233
 90
3
 90
1269
 90
1270
 90
1233
 90
3
 90
1233
 90
1270
 90
1234
 90
3
 90
1270
 90
1271
 90
1234
 90
3
 90
1234
 90
1271
 90
1235
 90
3
 90
1271
 90
1272
 90
1235
 90
3
 90
1235
 90
1272
 90
1236
 90
3
 90
1272
 90
1273
 90
1236
 90
3
 90
1236
 90
1273
 90
1237
 90
3
 90
1273
 90
1274
 90
1237
 90
3
 90
1237
 90
1274
 90
1238
 90
3
 90
1274
 90
1275
 90
1238
 90
3
 90
1238
 90
1275
 90
1239
 90
3
 90
1275
 90
1276
 90
1239
 90
3
 90
1239
 90
1276
 90
1240
 90
3
 90
1276
 90
1277
 90
1240
 90
3
 90
1240
 90
1277
 90
1241
 90
3
 90
1277
 90
1278
 90
1241
 90
3
 90
1241
 90
1278
 90
1242
 90
3
 90
1278
 90
1279
 90
1242
 90
3
 90
1242
 90
1279
 90
1243
 90
3
 90
1279
 90
1280
 90
1243
 90
3
 90
1243
 90
1280
 90
1244
 90
3
 90
1280
 90
1281
 90
1244
 90
3
 90
1244
 90
1281
 90
1245
 90
3
 90
1281
 90
1282
 90
1245
 90
3
 90
1245
 90
1282
 90
1246
 90
3
 90
1283
 90
1264
 90
1247
 90
3
 90
1247
 90
1264
 90
1228
 90
3
 90
1282
 90
1283
 90
1246
 90
3
 90
1246
 90
1283
 90
1247
 90
3
 90
1284
 90
1285
 90
1248
 90
3
 90
1248
 90
1285
 90
1249
 90
3
 90
1285
 90
1286
 90
1249
 90
3
 90
1249
 90
1286
 90
1250
 90
3
 90
1286
 90
1287
 90
1250
 90
3
 90
1250
 90
1287
 90
1251
 90
3
 90
1287
 90
1288
 90
1251
 90
3
 90
1251
 90
1288
 90
1252
 90
3
 90
1288
 90
1289
 90
1252
 90
3
 90
1252
 90
1289
 90
1253
 90
3
 90
1289
 90
1290
 90
1253
 90
3
 90
1253
 90
1290
 90
1254
 90
3
 90
1290
 90
1291
 90
1254
 90
3
 90
1254
 90
1291
 90
1255
 90
3
 90
1291
 90
1292
 90
1255
 90
3
 90
1255
 90
1292
 90
1256
 90
3
 90
1292
 90
1293
 90
1256
 90
3
 90
1256
 90
1293
 90
1257
 90
3
 90
1293
 90
1294
 90
1257
 90
3
 90
1257
 90
1294
 90
1258
 90
3
 90
1294
 90
1295
 90
1258
 90
3
 90
1258
 90
1295
 90
1259
 90
3
 90
1295
 90
1296
 90
1259
 90
3
 90
1259
 90
1296
 90
1260
 90
3
 90
1296
 90
1297
 90
1260
 90
3
 90
1260
 90
1297
 90
1261
 90
3
 90
1297
 90
1298
 90
1261
 90
3
 90
1261
 90
1298
 90
1262
 90
3
 90
1299
 90
1284
 90
1263
 90
3
 90
1263
 90
1284
 90
1248
 90
3
 90
1298
 90
1299
 90
1262
 90
3
 90
1262
 90
1299
 90
1263
 90
3
 90
1302
 90
1303
 90
1300
 90
3
 90
1301
 90
1302
 90
1300
 90
3
 90
1304
 90
1307
 90
1306
 90
3
 90
1304
 90
1306
 90
1305
 90
3
 90
1304
 90
1305
 90
1300
 90
3
 90
1300
 90
1305
 90
1301
 90
3
 90
1305
 90
1306
 90
1301
 90
3
 90
1301
 90
1306
 90
1302
 90
3
 90
1307
 90
1304
 90
1303
 90
3
 90
1303
 90
1304
 90
1300
 90
3
 90
1306
 90
1307
 90
1302
 90
3
 90
1302
 90
1307
 90
1303
 90
3
 90
1325
 90
1326
 90
1313
 90
3
 90
1311
 90
1312
 90
1313
 90
3
 90
1309
 90
1310
 90
1311
 90
3
 90
1308
 90
1309
 90
1311
 90
3
 90
1320
 90
1308
 90
1311
 90
3
 90
1319
 90
1320
 90
1311
 90
3
 90
1318
 90
1319
 90
1311
 90
3
 90
1316
 90
1317
 90
1318
 90
3
 90
1315
 90
1316
 90
1318
 90
3
 90
1314
 90
1315
 90
1318
 90
3
 90
1325
 90
1313
 90
1314
 90
3
 90
1324
 90
1325
 90
1314
 90
3
 90
1323
 90
1324
 90
1314
 90
3
 90
1311
 90
1313
 90
1326
 90
3
 90
1323
 90
1314
 90
1318
 90
3
 90
1322
 90
1323
 90
1318
 90
3
 90
1321
 90
1322
 90
1318
 90
3
 90
1331
 90
1321
 90
1318
 90
3
 90
1330
 90
1331
 90
1318
 90
3
 90
1329
 90
1330
 90
1318
 90
3
 90
1311
 90
1326
 90
1327
 90
3
 90
1329
 90
1318
 90
1311
 90
3
 90
1328
 90
1329
 90
1311
 90
3
 90
1327
 90
1328
 90
1311
 90
3
 90
1337
 90
1350
 90
1349
 90
3
 90
1337
 90
1336
 90
1335
 90
3
 90
1335
 90
1334
 90
1333
 90
3
 90
1335
 90
1333
 90
1332
 90
3
 90
1335
 90
1332
 90
1344
 90
3
 90
1335
 90
1344
 90
1343
 90
3
 90
1335
 90
1343
 90
1342
 90
3
 90
1342
 90
1341
 90
1340
 90
3
 90
1342
 90
1340
 90
1339
 90
3
 90
1342
 90
1339
 90
1338
 90
3
 90
1338
 90
1337
 90
1349
 90
3
 90
1338
 90
1349
 90
1348
 90
3
 90
1338
 90
1348
 90
1347
 90
3
 90
1350
 90
1337
 90
1335
 90
3
 90
1342
 90
1338
 90
1347
 90
3
 90
1342
 90
1347
 90
1346
 90
3
 90
1342
 90
1346
 90
1345
 90
3
 90
1342
 90
1345
 90
1355
 90
3
 90
1342
 90
1355
 90
1354
 90
3
 90
1342
 90
1354
 90
1353
 90
3
 90
1351
 90
1350
 90
1335
 90
3
 90
1335
 90
1342
 90
1353
 90
3
 90
1335
 90
1353
 90
1352
 90
3
 90
1335
 90
1352
 90
1351
 90
3
 90
1332
 90
1333
 90
1308
 90
3
 90
1308
 90
1333
 90
1309
 90
3
 90
1333
 90
1334
 90
1309
 90
3
 90
1309
 90
1334
 90
1310
 90
3
 90
1334
 90
1335
 90
1310
 90
3
 90
1310
 90
1335
 90
1311
 90
3
 90
1335
 90
1336
 90
1311
 90
3
 90
1311
 90
1336
 90
1312
 90
3
 90
1336
 90
1337
 90
1312
 90
3
 90
1312
 90
1337
 90
1313
 90
3
 90
1337
 90
1338
 90
1313
 90
3
 90
1313
 90
1338
 90
1314
 90
3
 90
1338
 90
1339
 90
1314
 90
3
 90
1314
 90
1339
 90
1315
 90
3
 90
1339
 90
1340
 90
1315
 90
3
 90
1315
 90
1340
 90
1316
 90
3
 90
1340
 90
1341
 90
1316
 90
3
 90
1316
 90
1341
 90
1317
 90
3
 90
1341
 90
1342
 90
1317
 90
3
 90
1317
 90
1342
 90
1318
 90
3
 90
1342
 90
1343
 90
1318
 90
3
 90
1318
 90
1343
 90
1319
 90
3
 90
1344
 90
1332
 90
1320
 90
3
 90
1320
 90
1332
 90
1308
 90
3
 90
1343
 90
1344
 90
1319
 90
3
 90
1319
 90
1344
 90
1320
 90
3
 90
1345
 90
1346
 90
1321
 90
3
 90
1321
 90
1346
 90
1322
 90
3
 90
1346
 90
1347
 90
1322
 90
3
 90
1322
 90
1347
 90
1323
 90
3
 90
1347
 90
1348
 90
1323
 90
3
 90
1323
 90
1348
 90
1324
 90
3
 90
1348
 90
1349
 90
1324
 90
3
 90
1324
 90
1349
 90
1325
 90
3
 90
1349
 90
1350
 90
1325
 90
3
 90
1325
 90
1350
 90
1326
 90
3
 90
1350
 90
1351
 90
1326
 90
3
 90
1326
 90
1351
 90
1327
 90
3
 90
1351
 90
1352
 90
1327
 90
3
 90
1327
 90
1352
 90
1328
 90
3
 90
1352
 90
1353
 90
1328
 90
3
 90
1328
 90
1353
 90
1329
 90
3
 90
1353
 90
1354
 90
1329
 90
3
 90
1329
 90
1354
 90
1330
 90
3
 90
1355
 90
1345
 90
1331
 90
3
 90
1331
 90
1345
 90
1321
 90
3
 90
1354
 90
1355
 90
1330
 90
3
 90
1330
 90
1355
 90
1331
 90
3
 90
1385
 90
1386
 90
1362
 90
3
 90
1384
 90
1385
 90
1362
 90
3
 90
1383
 90
1384
 90
1362
 90
3
 90
1362
 90
1386
 90
1387
 90
3
 90
1361
 90
1362
 90
1387
 90
3
 90
1360
 90
1361
 90
1387
 90
3
 90
1359
 90
1360
 90
1387
 90
3
 90
1357
 90
1358
 90
1359
 90
3
 90
1356
 90
1357
 90
1359
 90
3
 90
1371
 90
1356
 90
1359
 90
3
 90
1369
 90
1370
 90
1371
 90
3
 90
1368
 90
1369
 90
1371
 90
3
 90
1367
 90
1368
 90
1371
 90
3
 90
1365
 90
1366
 90
1367
 90
3
 90
1364
 90
1365
 90
1367
 90
3
 90
1363
 90
1364
 90
1367
 90
3
 90
1383
 90
1362
 90
1363
 90
3
 90
1359
 90
1387
 90
1372
 90
3
 90
1383
 90
1363
 90
1367
 90
3
 90
1382
 90
1383
 90
1367
 90
3
 90
1381
 90
1382
 90
1367
 90
3
 90
1380
 90
1381
 90
1367
 90
3
 90
1379
 90
1380
 90
1367
 90
3
 90
1378
 90
1379
 90
1367
 90
3
 90
1359
 90
1372
 90
1373
 90
3
 90
1378
 90
1367
 90
1371
 90
3
 90
1377
 90
1378
 90
1371
 90
3
 90
1376
 90
1377
 90
1371
 90
3
 90
1375
 90
1376
 90
1371
 90
3
 90
1359
 90
1373
 90
1374
 90
3
 90
1375
 90
1371
 90
1359
 90
3
 90
1374
 90
1375
 90
1359
 90
3
 90
1394
 90
1418
 90
1417
 90
3
 90
1394
 90
1417
 90
1416
 90
3
 90
1394
 90
1416
 90
1415
 90
3
 90
1419
 90
1418
 90
1394
 90
3
 90
1419
 90
1394
 90
1393
 90
3
 90
1419
 90
1393
 90
1392
 90
3
 90
1419
 90
1392
 90
1391
 90
3
 90
1391
 90
1390
 90
1389
 90
3
 90
1391
 90
1389
 90
1388
 90
3
 90
1391
 90
1388
 90
1403
 90
3
 90
1403
 90
1402
 90
1401
 90
3
 90
1403
 90
1401
 90
1400
 90
3
 90
1403
 90
1400
 90
1399
 90
3
 90
1399
 90
1398
 90
1397
 90
3
 90
1399
 90
1397
 90
1396
 90
3
 90
1399
 90
1396
 90
1395
 90
3
 90
1395
 90
1394
 90
1415
 90
3
 90
1404
 90
1419
 90
1391
 90
3
 90
1399
 90
1395
 90
1415
 90
3
 90
1399
 90
1415
 90
1414
 90
3
 90
1399
 90
1414
 90
1413
 90
3
 90
1399
 90
1413
 90
1412
 90
3
 90
1399
 90
1412
 90
1411
 90
3
 90
1399
 90
1411
 90
1410
 90
3
 90
1405
 90
1404
 90
1391
 90
3
 90
1403
 90
1399
 90
1410
 90
3
 90
1403
 90
1410
 90
1409
 90
3
 90
1403
 90
1409
 90
1408
 90
3
 90
1403
 90
1408
 90
1407
 90
3
 90
1406
 90
1405
 90
1391
 90
3
 90
1391
 90
1403
 90
1407
 90
3
 90
1391
 90
1407
 90
1406
 90
3
 90
1388
 90
1389
 90
1356
 90
3
 90
1356
 90
1389
 90
1357
 90
3
 90
1389
 90
1390
 90
1357
 90
3
 90
1357
 90
1390
 90
1358
 90
3
 90
1390
 90
1391
 90
1358
 90
3
 90
1358
 90
1391
 90
1359
 90
3
 90
1391
 90
1392
 90
1359
 90
3
 90
1359
 90
1392
 90
1360
 90
3
 90
1392
 90
1393
 90
1360
 90
3
 90
1360
 90
1393
 90
1361
 90
3
 90
1393
 90
1394
 90
1361
 90
3
 90
1361
 90
1394
 90
1362
 90
3
 90
1394
 90
1395
 90
1362
 90
3
 90
1362
 90
1395
 90
1363
 90
3
 90
1395
 90
1396
 90
1363
 90
3
 90
1363
 90
1396
 90
1364
 90
3
 90
1396
 90
1397
 90
1364
 90
3
 90
1364
 90
1397
 90
1365
 90
3
 90
1397
 90
1398
 90
1365
 90
3
 90
1365
 90
1398
 90
1366
 90
3
 90
1398
 90
1399
 90
1366
 90
3
 90
1366
 90
1399
 90
1367
 90
3
 90
1399
 90
1400
 90
1367
 90
3
 90
1367
 90
1400
 90
1368
 90
3
 90
1400
 90
1401
 90
1368
 90
3
 90
1368
 90
1401
 90
1369
 90
3
 90
1401
 90
1402
 90
1369
 90
3
 90
1369
 90
1402
 90
1370
 90
3
 90
1403
 90
1388
 90
1371
 90
3
 90
1371
 90
1388
 90
1356
 90
3
 90
1402
 90
1403
 90
1370
 90
3
 90
1370
 90
1403
 90
1371
 90
3
 90
1404
 90
1405
 90
1372
 90
3
 90
1372
 90
1405
 90
1373
 90
3
 90
1405
 90
1406
 90
1373
 90
3
 90
1373
 90
1406
 90
1374
 90
3
 90
1406
 90
1407
 90
1374
 90
3
 90
1374
 90
1407
 90
1375
 90
3
 90
1407
 90
1408
 90
1375
 90
3
 90
1375
 90
1408
 90
1376
 90
3
 90
1408
 90
1409
 90
1376
 90
3
 90
1376
 90
1409
 90
1377
 90
3
 90
1409
 90
1410
 90
1377
 90
3
 90
1377
 90
1410
 90
1378
 90
3
 90
1410
 90
1411
 90
1378
 90
3
 90
1378
 90
1411
 90
1379
 90
3
 90
1411
 90
1412
 90
1379
 90
3
 90
1379
 90
1412
 90
1380
 90
3
 90
1412
 90
1413
 90
1380
 90
3
 90
1380
 90
1413
 90
1381
 90
3
 90
1413
 90
1414
 90
1381
 90
3
 90
1381
 90
1414
 90
1382
 90
3
 90
1414
 90
1415
 90
1382
 90
3
 90
1382
 90
1415
 90
1383
 90
3
 90
1415
 90
1416
 90
1383
 90
3
 90
1383
 90
1416
 90
1384
 90
3
 90
1416
 90
1417
 90
1384
 90
3
 90
1384
 90
1417
 90
1385
 90
3
 90
1417
 90
1418
 90
1385
 90
3
 90
1385
 90
1418
 90
1386
 90
3
 90
1419
 90
1404
 90
1387
 90
3
 90
1387
 90
1404
 90
1372
 90
3
 90
1418
 90
1419
 90
1386
 90
3
 90
1386
 90
1419
 90
1387
 90
3
 90
1467
 90
1468
 90
1469
 90
3
 90
1466
 90
1467
 90
1469
 90
3
 90
1465
 90
1466
 90
1469
 90
3
 90
1464
 90
1465
 90
1469
 90
3
 90
1463
 90
1464
 90
1469
 90
3
 90
1462
 90
1463
 90
1469
 90
3
 90
1460
 90
1461
 90
1462
 90
3
 90
1459
 90
1460
 90
1462
 90
3
 90
1458
 90
1459
 90
1462
 90
3
 90
1457
 90
1458
 90
1462
 90
3
 90
1456
 90
1457
 90
1462
 90
3
 90
1454
 90
1455
 90
1456
 90
3
 90
1441
 90
1442
 90
1443
 90
3
 90
1440
 90
1441
 90
1443
 90
3
 90
1439
 90
1440
 90
1443
 90
3
 90
1438
 90
1439
 90
1443
 90
3
 90
1437
 90
1438
 90
1443
 90
3
 90
1436
 90
1437
 90
1443
 90
3
 90
1434
 90
1435
 90
1436
 90
3
 90
1433
 90
1434
 90
1436
 90
3
 90
1432
 90
1433
 90
1436
 90
3
 90
1431
 90
1432
 90
1436
 90
3
 90
1430
 90
1431
 90
1436
 90
3
 90
1428
 90
1429
 90
1430
 90
3
 90
1462
 90
1469
 90
1470
 90
3
 90
1436
 90
1443
 90
1444
 90
3
 90
1462
 90
1470
 90
1471
 90
3
 90
1436
 90
1444
 90
1445
 90
3
 90
1462
 90
1471
 90
1420
 90
3
 90
1436
 90
1445
 90
1446
 90
3
 90
1462
 90
1420
 90
1421
 90
3
 90
1436
 90
1446
 90
1447
 90
3
 90
1462
 90
1421
 90
1422
 90
3
 90
1436
 90
1447
 90
1448
 90
3
 90
1462
 90
1422
 90
1423
 90
3
 90
1456
 90
1462
 90
1423
 90
3
 90
1436
 90
1448
 90
1449
 90
3
 90
1430
 90
1436
 90
1449
 90
3
 90
1456
 90
1423
 90
1424
 90
3
 90
1430
 90
1449
 90
1450
 90
3
 90
1456
 90
1424
 90
1425
 90
3
 90
1454
 90
1456
 90
1425
 90
3
 90
1453
 90
1454
 90
1425
 90
3
 90
1452
 90
1453
 90
1425
 90
3
 90
1430
 90
1450
 90
1451
 90
3
 90
1428
 90
1430
 90
1451
 90
3
 90
1427
 90
1428
 90
1451
 90
3
 90
1452
 90
1425
 90
1426
 90
3
 90
1427
 90
1451
 90
1452
 90
3
 90
1426
 90
1427
 90
1452
 90
3
 90
1521
 90
1520
 90
1519
 90
3
 90
1521
 90
1519
 90
1518
 90
3
 90
1521
 90
1518
 90
1517
 90
3
 90
1521
 90
1517
 90
1516
 90
3
 90
1521
 90
1516
 90
1515
 90
3
 90
1521
 90
1515
 90
1514
 90
3
 90
1514
 90
1513
 90
1512
 90
3
 90
1514
 90
1512
 90
1511
 90
3
 90
1514
 90
1511
 90
1510
 90
3
 90
1514
 90
1510
 90
1509
 90
3
 90
1514
 90
1509
 90
1508
 90
3
 90
1508
 90
1507
 90
1506
 90
3
 90
1495
 90
1494
 90
1493
 90
3
 90
1495
 90
1493
 90
1492
 90
3
 90
1495
 90
1492
 90
1491
 90
3
 90
1495
 90
1491
 90
1490
 90
3
 90
1495
 90
1490
 90
1489
 90
3
 90
1495
 90
1489
 90
1488
 90
3
 90
1488
 90
1487
 90
1486
 90
3
 90
1488
 90
1486
 90
1485
 90
3
 90
1488
 90
1485
 90
1484
 90
3
 90
1488
 90
1484
 90
1483
 90
3
 90
1488
 90
1483
 90
1482
 90
3
 90
1482
 90
1481
 90
1480
 90
3
 90
1522
 90
1521
 90
1514
 90
3
 90
1496
 90
1495
 90
1488
 90
3
 90
1523
 90
1522
 90
1514
 90
3
 90
1497
 90
1496
 90
1488
 90
3
 90
1472
 90
1523
 90
1514
 90
3
 90
1498
 90
1497
 90
1488
 90
3
 90
1473
 90
1472
 90
1514
 90
3
 90
1499
 90
1498
 90
1488
 90
3
 90
1474
 90
1473
 90
1514
 90
3
 90
1500
 90
1499
 90
1488
 90
3
 90
1475
 90
1474
 90
1514
 90
3
 90
1475
 90
1514
 90
1508
 90
3
 90
1501
 90
1500
 90
1488
 90
3
 90
1501
 90
1488
 90
1482
 90
3
 90
1476
 90
1475
 90
1508
 90
3
 90
1502
 90
1501
 90
1482
 90
3
 90
1477
 90
1476
 90
1508
 90
3
 90
1477
 90
1508
 90
1506
 90
3
 90
1477
 90
1506
 90
1505
 90
3
 90
1477
 90
1505
 90
1504
 90
3
 90
1503
 90
1502
 90
1482
 90
3
 90
1503
 90
1482
 90
1480
 90
3
 90
1503
 90
1480
 90
1479
 90
3
 90
1478
 90
1477
 90
1504
 90
3
 90
1504
 90
1503
 90
1479
 90
3
 90
1504
 90
1479
 90
1478
 90
3
 90
1472
 90
1473
 90
1420
 90
3
 90
1420
 90
1473
 90
1421
 90
3
 90
1473
 90
1474
 90
1421
 90
3
 90
1421
 90
1474
 90
1422
 90
3
 90
1474
 90
1475
 90
1422
 90
3
 90
1422
 90
1475
 90
1423
 90
3
 90
1475
 90
1476
 90
1423
 90
3
 90
1423
 90
1476
 90
1424
 90
3
 90
1476
 90
1477
 90
1424
 90
3
 90
1424
 90
1477
 90
1425
 90
3
 90
1477
 90
1478
 90
1425
 90
3
 90
1425
 90
1478
 90
1426
 90
3
 90
1478
 90
1479
 90
1426
 90
3
 90
1426
 90
1479
 90
1427
 90
3
 90
1479
 90
1480
 90
1427
 90
3
 90
1427
 90
1480
 90
1428
 90
3
 90
1480
 90
1481
 90
1428
 90
3
 90
1428
 90
1481
 90
1429
 90
3
 90
1481
 90
1482
 90
1429
 90
3
 90
1429
 90
1482
 90
1430
 90
3
 90
1482
 90
1483
 90
1430
 90
3
 90
1430
 90
1483
 90
1431
 90
3
 90
1483
 90
1484
 90
1431
 90
3
 90
1431
 90
1484
 90
1432
 90
3
 90
1484
 90
1485
 90
1432
 90
3
 90
1432
 90
1485
 90
1433
 90
3
 90
1485
 90
1486
 90
1433
 90
3
 90
1433
 90
1486
 90
1434
 90
3
 90
1486
 90
1487
 90
1434
 90
3
 90
1434
 90
1487
 90
1435
 90
3
 90
1487
 90
1488
 90
1435
 90
3
 90
1435
 90
1488
 90
1436
 90
3
 90
1488
 90
1489
 90
1436
 90
3
 90
1436
 90
1489
 90
1437
 90
3
 90
1489
 90
1490
 90
1437
 90
3
 90
1437
 90
1490
 90
1438
 90
3
 90
1490
 90
1491
 90
1438
 90
3
 90
1438
 90
1491
 90
1439
 90
3
 90
1491
 90
1492
 90
1439
 90
3
 90
1439
 90
1492
 90
1440
 90
3
 90
1492
 90
1493
 90
1440
 90
3
 90
1440
 90
1493
 90
1441
 90
3
 90
1493
 90
1494
 90
1441
 90
3
 90
1441
 90
1494
 90
1442
 90
3
 90
1494
 90
1495
 90
1442
 90
3
 90
1442
 90
1495
 90
1443
 90
3
 90
1495
 90
1496
 90
1443
 90
3
 90
1443
 90
1496
 90
1444
 90
3
 90
1496
 90
1497
 90
1444
 90
3
 90
1444
 90
1497
 90
1445
 90
3
 90
1497
 90
1498
 90
1445
 90
3
 90
1445
 90
1498
 90
1446
 90
3
 90
1498
 90
1499
 90
1446
 90
3
 90
1446
 90
1499
 90
1447
 90
3
 90
1499
 90
1500
 90
1447
 90
3
 90
1447
 90
1500
 90
1448
 90
3
 90
1500
 90
1501
 90
1448
 90
3
 90
1448
 90
1501
 90
1449
 90
3
 90
1501
 90
1502
 90
1449
 90
3
 90
1449
 90
1502
 90
1450
 90
3
 90
1502
 90
1503
 90
1450
 90
3
 90
1450
 90
1503
 90
1451
 90
3
 90
1503
 90
1504
 90
1451
 90
3
 90
1451
 90
1504
 90
1452
 90
3
 90
1504
 90
1505
 90
1452
 90
3
 90
1452
 90
1505
 90
1453
 90
3
 90
1505
 90
1506
 90
1453
 90
3
 90
1453
 90
1506
 90
1454
 90
3
 90
1506
 90
1507
 90
1454
 90
3
 90
1454
 90
1507
 90
1455
 90
3
 90
1507
 90
1508
 90
1455
 90
3
 90
1455
 90
1508
 90
1456
 90
3
 90
1508
 90
1509
 90
1456
 90
3
 90
1456
 90
1509
 90
1457
 90
3
 90
1509
 90
1510
 90
1457
 90
3
 90
1457
 90
1510
 90
1458
 90
3
 90
1510
 90
1511
 90
1458
 90
3
 90
1458
 90
1511
 90
1459
 90
3
 90
1511
 90
1512
 90
1459
 90
3
 90
1459
 90
1512
 90
1460
 90
3
 90
1512
 90
1513
 90
1460
 90
3
 90
1460
 90
1513
 90
1461
 90
3
 90
1513
 90
1514
 90
1461
 90
3
 90
1461
 90
1514
 90
1462
 90
3
 90
1514
 90
1515
 90
1462
 90
3
 90
1462
 90
1515
 90
1463
 90
3
 90
1515
 90
1516
 90
1463
 90
3
 90
1463
 90
1516
 90
1464
 90
3
 90
1516
 90
1517
 90
1464
 90
3
 90
1464
 90
1517
 90
1465
 90
3
 90
1517
 90
1518
 90
1465
 90
3
 90
1465
 90
1518
 90
1466
 90
3
 90
1518
 90
1519
 90
1466
 90
3
 90
1466
 90
1519
 90
1467
 90
3
 90
1519
 90
1520
 90
1467
 90
3
 90
1467
 90
1520
 90
1468
 90
3
 90
1520
 90
1521
 90
1468
 90
3
 90
1468
 90
1521
 90
1469
 90
3
 90
1521
 90
1522
 90
1469
 90
3
 90
1469
 90
1522
 90
1470
 90
3
 90
1523
 90
1472
 90
1471
 90
3
 90
1471
 90
1472
 90
1420
 90
3
 90
1522
 90
1523
 90
1470
 90
3
 90
1470
 90
1523
 90
1471
 90
3
 90
1530
 90
1531
 90
1524
 90
3
 90
1528
 90
1529
 90
1530
 90
3
 90
1527
 90
1528
 90
1530
 90
3
 90
1525
 90
1526
 90
1527
 90
3
 90
1530
 90
1524
 90
1525
 90
3
 90
1527
 90
1530
 90
1525
 90
3
 90
1532
 90
1539
 90
1538
 90
3
 90
1538
 90
1537
 90
1536
 90
3
 90
1538
 90
1536
 90
1535
 90
3
 90
1535
 90
1534
 90
1533
 90
3
 90
1533
 90
1532
 90
1538
 90
3
 90
1533
 90
1538
 90
1535
 90
3
 90
1532
 90
1533
 90
1524
 90
3
 90
1524
 90
1533
 90
1525
 90
3
 90
1533
 90
1534
 90
1525
 90
3
 90
1525
 90
1534
 90
1526
 90
3
 90
1534
 90
1535
 90
1526
 90
3
 90
1526
 90
1535
 90
1527
 90
3
 90
1535
 90
1536
 90
1527
 90
3
 90
1527
 90
1536
 90
1528
 90
3
 90
1536
 90
1537
 90
1528
 90
3
 90
1528
 90
1537
 90
1529
 90
3
 90
1537
 90
1538
 90
1529
 90
3
 90
1529
 90
1538
 90
1530
 90
3
 90
1539
 90
1532
 90
1531
 90
3
 90
1531
 90
1532
 90
1524
 90
3
 90
1538
 90
1539
 90
1530
 90
3
 90
1530
 90
1539
 90
1531
 90
3
 90
1587
 90
1588
 90
1589
 90
3
 90
1586
 90
1587
 90
1589
 90
3
 90
1585
 90
1586
 90
1589
 90
3
 90
1584
 90
1585
 90
1589
 90
3
 90
1583
 90
1584
 90
1589
 90
3
 90
1582
 90
1583
 90
1589
 90
3
 90
1580
 90
1581
 90
1582
 90
3
 90
1579
 90
1580
 90
1582
 90
3
 90
1578
 90
1579
 90
1582
 90
3
 90
1577
 90
1578
 90
1582
 90
3
 90
1576
 90
1577
 90
1582
 90
3
 90
1574
 90
1575
 90
1576
 90
3
 90
1561
 90
1562
 90
1563
 90
3
 90
1560
 90
1561
 90
1563
 90
3
 90
1559
 90
1560
 90
1563
 90
3
 90
1558
 90
1559
 90
1563
 90
3
 90
1557
 90
1558
 90
1563
 90
3
 90
1556
 90
1557
 90
1563
 90
3
 90
1554
 90
1555
 90
1556
 90
3
 90
1553
 90
1554
 90
1556
 90
3
 90
1552
 90
1553
 90
1556
 90
3
 90
1551
 90
1552
 90
1556
 90
3
 90
1550
 90
1551
 90
1556
 90
3
 90
1548
 90
1549
 90
1550
 90
3
 90
1582
 90
1589
 90
1590
 90
3
 90
1556
 90
1563
 90
1564
 90
3
 90
1582
 90
1590
 90
1591
 90
3
 90
1556
 90
1564
 90
1565
 90
3
 90
1582
 90
1591
 90
1540
 90
3
 90
1556
 90
1565
 90
1566
 90
3
 90
1582
 90
1540
 90
1541
 90
3
 90
1556
 90
1566
 90
1567
 90
3
 90
1582
 90
1541
 90
1542
 90
3
 90
1556
 90
1567
 90
1568
 90
3
 90
1582
 90
1542
 90
1543
 90
3
 90
1576
 90
1582
 90
1543
 90
3
 90
1556
 90
1568
 90
1569
 90
3
 90
1550
 90
1556
 90
1569
 90
3
 90
1576
 90
1543
 90
1544
 90
3
 90
1550
 90
1569
 90
1570
 90
3
 90
1576
 90
1544
 90
1545
 90
3
 90
1574
 90
1576
 90
1545
 90
3
 90
1573
 90
1574
 90
1545
 90
3
 90
1572
 90
1573
 90
1545
 90
3
 90
1550
 90
1570
 90
1571
 90
3
 90
1548
 90
1550
 90
1571
 90
3
 90
1547
 90
1548
 90
1571
 90
3
 90
1572
 90
1545
 90
1546
 90
3
 90
1547
 90
1571
 90
1572
 90
3
 90
1546
 90
1547
 90
1572
 90
3
 90
1641
 90
1640
 90
1639
 90
3
 90
1641
 90
1639
 90
1638
 90
3
 90
1641
 90
1638
 90
1637
 90
3
 90
1641
 90
1637
 90
1636
 90
3
 90
1641
 90
1636
 90
1635
 90
3
 90
1641
 90
1635
 90
1634
 90
3
 90
1634
 90
1633
 90
1632
 90
3
 90
1634
 90
1632
 90
1631
 90
3
 90
1634
 90
1631
 90
1630
 90
3
 90
1634
 90
1630
 90
1629
 90
3
 90
1634
 90
1629
 90
1628
 90
3
 90
1628
 90
1627
 90
1626
 90
3
 90
1615
 90
1614
 90
1613
 90
3
 90
1615
 90
1613
 90
1612
 90
3
 90
1615
 90
1612
 90
1611
 90
3
 90
1615
 90
1611
 90
1610
 90
3
 90
1615
 90
1610
 90
1609
 90
3
 90
1615
 90
1609
 90
1608
 90
3
 90
1608
 90
1607
 90
1606
 90
3
 90
1608
 90
1606
 90
1605
 90
3
 90
1608
 90
1605
 90
1604
 90
3
 90
1608
 90
1604
 90
1603
 90
3
 90
1608
 90
1603
 90
1602
 90
3
 90
1602
 90
1601
 90
1600
 90
3
 90
1642
 90
1641
 90
1634
 90
3
 90
1616
 90
1615
 90
1608
 90
3
 90
1643
 90
1642
 90
1634
 90
3
 90
1617
 90
1616
 90
1608
 90
3
 90
1592
 90
1643
 90
1634
 90
3
 90
1618
 90
1617
 90
1608
 90
3
 90
1593
 90
1592
 90
1634
 90
3
 90
1619
 90
1618
 90
1608
 90
3
 90
1594
 90
1593
 90
1634
 90
3
 90
1620
 90
1619
 90
1608
 90
3
 90
1595
 90
1594
 90
1634
 90
3
 90
1595
 90
1634
 90
1628
 90
3
 90
1621
 90
1620
 90
1608
 90
3
 90
1621
 90
1608
 90
1602
 90
3
 90
1596
 90
1595
 90
1628
 90
3
 90
1622
 90
1621
 90
1602
 90
3
 90
1597
 90
1596
 90
1628
 90
3
 90
1597
 90
1628
 90
1626
 90
3
 90
1597
 90
1626
 90
1625
 90
3
 90
1597
 90
1625
 90
1624
 90
3
 90
1623
 90
1622
 90
1602
 90
3
 90
1623
 90
1602
 90
1600
 90
3
 90
1623
 90
1600
 90
1599
 90
3
 90
1598
 90
1597
 90
1624
 90
3
 90
1624
 90
1623
 90
1599
 90
3
 90
1624
 90
1599
 90
1598
 90
3
 90
1592
 90
1593
 90
1540
 90
3
 90
1540
 90
1593
 90
1541
 90
3
 90
1593
 90
1594
 90
1541
 90
3
 90
1541
 90
1594
 90
1542
 90
3
 90
1594
 90
1595
 90
1542
 90
3
 90
1542
 90
1595
 90
1543
 90
3
 90
1595
 90
1596
 90
1543
 90
3
 90
1543
 90
1596
 90
1544
 90
3
 90
1596
 90
1597
 90
1544
 90
3
 90
1544
 90
1597
 90
1545
 90
3
 90
1597
 90
1598
 90
1545
 90
3
 90
1545
 90
1598
 90
1546
 90
3
 90
1598
 90
1599
 90
1546
 90
3
 90
1546
 90
1599
 90
1547
 90
3
 90
1599
 90
1600
 90
1547
 90
3
 90
1547
 90
1600
 90
1548
 90
3
 90
1600
 90
1601
 90
1548
 90
3
 90
1548
 90
1601
 90
1549
 90
3
 90
1601
 90
1602
 90
1549
 90
3
 90
1549
 90
1602
 90
1550
 90
3
 90
1602
 90
1603
 90
1550
 90
3
 90
1550
 90
1603
 90
1551
 90
3
 90
1603
 90
1604
 90
1551
 90
3
 90
1551
 90
1604
 90
1552
 90
3
 90
1604
 90
1605
 90
1552
 90
3
 90
1552
 90
1605
 90
1553
 90
3
 90
1605
 90
1606
 90
1553
 90
3
 90
1553
 90
1606
 90
1554
 90
3
 90
1606
 90
1607
 90
1554
 90
3
 90
1554
 90
1607
 90
1555
 90
3
 90
1607
 90
1608
 90
1555
 90
3
 90
1555
 90
1608
 90
1556
 90
3
 90
1608
 90
1609
 90
1556
 90
3
 90
1556
 90
1609
 90
1557
 90
3
 90
1609
 90
1610
 90
1557
 90
3
 90
1557
 90
1610
 90
1558
 90
3
 90
1610
 90
1611
 90
1558
 90
3
 90
1558
 90
1611
 90
1559
 90
3
 90
1611
 90
1612
 90
1559
 90
3
 90
1559
 90
1612
 90
1560
 90
3
 90
1612
 90
1613
 90
1560
 90
3
 90
1560
 90
1613
 90
1561
 90
3
 90
1613
 90
1614
 90
1561
 90
3
 90
1561
 90
1614
 90
1562
 90
3
 90
1614
 90
1615
 90
1562
 90
3
 90
1562
 90
1615
 90
1563
 90
3
 90
1615
 90
1616
 90
1563
 90
3
 90
1563
 90
1616
 90
1564
 90
3
 90
1616
 90
1617
 90
1564
 90
3
 90
1564
 90
1617
 90
1565
 90
3
 90
1617
 90
1618
 90
1565
 90
3
 90
1565
 90
1618
 90
1566
 90
3
 90
1618
 90
1619
 90
1566
 90
3
 90
1566
 90
1619
 90
1567
 90
3
 90
1619
 90
1620
 90
1567
 90
3
 90
1567
 90
1620
 90
1568
 90
3
 90
1620
 90
1621
 90
1568
 90
3
 90
1568
 90
1621
 90
1569
 90
3
 90
1621
 90
1622
 90
1569
 90
3
 90
1569
 90
1622
 90
1570
 90
3
 90
1622
 90
1623
 90
1570
 90
3
 90
1570
 90
1623
 90
1571
 90
3
 90
1623
 90
1624
 90
1571
 90
3
 90
1571
 90
1624
 90
1572
 90
3
 90
1624
 90
1625
 90
1572
 90
3
 90
1572
 90
1625
 90
1573
 90
3
 90
1625
 90
1626
 90
1573
 90
3
 90
1573
 90
1626
 90
1574
 90
3
 90
1626
 90
1627
 90
1574
 90
3
 90
1574
 90
1627
 90
1575
 90
3
 90
1627
 90
1628
 90
1575
 90
3
 90
1575
 90
1628
 90
1576
 90
3
 90
1628
 90
1629
 90
1576
 90
3
 90
1576
 90
1629
 90
1577
 90
3
 90
1629
 90
1630
 90
1577
 90
3
 90
1577
 90
1630
 90
1578
 90
3
 90
1630
 90
1631
 90
1578
 90
3
 90
1578
 90
1631
 90
1579
 90
3
 90
1631
 90
1632
 90
1579
 90
3
 90
1579
 90
1632
 90
1580
 90
3
 90
1632
 90
1633
 90
1580
 90
3
 90
1580
 90
1633
 90
1581
 90
3
 90
1633
 90
1634
 90
1581
 90
3
 90
1581
 90
1634
 90
1582
 90
3
 90
1634
 90
1635
 90
1582
 90
3
 90
1582
 90
1635
 90
1583
 90
3
 90
1635
 90
1636
 90
1583
 90
3
 90
1583
 90
1636
 90
1584
 90
3
 90
1636
 90
1637
 90
1584
 90
3
 90
1584
 90
1637
 90
1585
 90
3
 90
1637
 90
1638
 90
1585
 90
3
 90
1585
 90
1638
 90
1586
 90
3
 90
1638
 90
1639
 90
1586
 90
3
 90
1586
 90
1639
 90
1587
 90
3
 90
1639
 90
1640
 90
1587
 90
3
 90
1587
 90
1640
 90
1588
 90
3
 90
1640
 90
1641
 90
1588
 90
3
 90
1588
 90
1641
 90
1589
 90
3
 90
1641
 90
1642
 90
1589
 90
3
 90
1589
 90
1642
 90
1590
 90
3
 90
1643
 90
1592
 90
1591
 90
3
 90
1591
 90
1592
 90
1540
 90
3
 90
1642
 90
1643
 90
1590
 90
3
 90
1590
 90
1643
 90
1591
 90
3
 90
1653
 90
1654
 90
1655
 90
3
 90
1652
 90
1653
 90
1655
 90
3
 90
1650
 90
1651
 90
1652
 90
3
 90
1649
 90
1650
 90
1652
 90
3
 90
1647
 90
1648
 90
1649
 90
3
 90
1646
 90
1647
 90
1649
 90
3
 90
1644
 90
1645
 90
1646
 90
3
 90
1655
 90
1644
 90
1646
 90
3
 90
1652
 90
1655
 90
1646
 90
3
 90
1649
 90
1652
 90
1646
 90
3
 90
1667
 90
1666
 90
1665
 90
3
 90
1667
 90
1665
 90
1664
 90
3
 90
1664
 90
1663
 90
1662
 90
3
 90
1664
 90
1662
 90
1661
 90
3
 90
1661
 90
1660
 90
1659
 90
3
 90
1661
 90
1659
 90
1658
 90
3
 90
1658
 90
1657
 90
1656
 90
3
 90
1658
 90
1656
 90
1667
 90
3
 90
1658
 90
1667
 90
1664
 90
3
 90
1658
 90
1664
 90
1661
 90
3
 90
1656
 90
1657
 90
1644
 90
3
 90
1644
 90
1657
 90
1645
 90
3
 90
1657
 90
1658
 90
1645
 90
3
 90
1645
 90
1658
 90
1646
 90
3
 90
1658
 90
1659
 90
1646
 90
3
 90
1646
 90
1659
 90
1647
 90
3
 90
1659
 90
1660
 90
1647
 90
3
 90
1647
 90
1660
 90
1648
 90
3
 90
1660
 90
1661
 90
1648
 90
3
 90
1648
 90
1661
 90
1649
 90
3
 90
1661
 90
1662
 90
1649
 90
3
 90
1649
 90
1662
 90
1650
 90
3
 90
1662
 90
1663
 90
1650
 90
3
 90
1650
 90
1663
 90
1651
 90
3
 90
1663
 90
1664
 90
1651
 90
3
 90
1651
 90
1664
 90
1652
 90
3
 90
1664
 90
1665
 90
1652
 90
3
 90
1652
 90
1665
 90
1653
 90
3
 90
1665
 90
1666
 90
1653
 90
3
 90
1653
 90
1666
 90
1654
 90
3
 90
1667
 90
1656
 90
1655
 90
3
 90
1655
 90
1656
 90
1644
 90
3
 90
1666
 90
1667
 90
1654
 90
3
 90
1654
 90
1667
 90
1655
 90
3
 90
1696
 90
1697
 90
1689
 90
3
 90
1689
 90
1697
 90
1698
 90
3
 90
1687
 90
1688
 90
1689
 90
3
 90
1680
 90
1681
 90
1682
 90
3
 90
1679
 90
1680
 90
1682
 90
3
 90
1678
 90
1679
 90
1682
 90
3
 90
1677
 90
1678
 90
1682
 90
3
 90
1676
 90
1677
 90
1682
 90
3
 90
1675
 90
1676
 90
1682
 90
3
 90
1673
 90
1674
 90
1675
 90
3
 90
1672
 90
1673
 90
1675
 90
3
 90
1671
 90
1672
 90
1675
 90
3
 90
1670
 90
1671
 90
1675
 90
3
 90
1669
 90
1670
 90
1675
 90
3
 90
1668
 90
1669
 90
1675
 90
3
 90
1690
 90
1691
 90
1668
 90
3
 90
1696
 90
1689
 90
1690
 90
3
 90
1695
 90
1696
 90
1690
 90
3
 90
1694
 90
1695
 90
1690
 90
3
 90
1687
 90
1689
 90
1698
 90
3
 90
1686
 90
1687
 90
1698
 90
3
 90
1685
 90
1686
 90
1698
 90
3
 90
1684
 90
1685
 90
1698
 90
3
 90
1683
 90
1684
 90
1698
 90
3
 90
1682
 90
1683
 90
1698
 90
3
 90
1675
 90
1682
 90
1698
 90
3
 90
1694
 90
1690
 90
1668
 90
3
 90
1693
 90
1694
 90
1668
 90
3
 90
1692
 90
1693
 90
1668
 90
3
 90
1702
 90
1692
 90
1668
 90
3
 90
1701
 90
1702
 90
1668
 90
3
 90
1675
 90
1698
 90
1699
 90
3
 90
1701
 90
1668
 90
1675
 90
3
 90
1700
 90
1701
 90
1675
 90
3
 90
1699
 90
1700
 90
1675
 90
3
 90
1724
 90
1732
 90
1731
 90
3
 90
1733
 90
1732
 90
1724
 90
3
 90
1724
 90
1723
 90
1722
 90
3
 90
1717
 90
1716
 90
1715
 90
3
 90
1717
 90
1715
 90
1714
 90
3
 90
1717
 90
1714
 90
1713
 90
3
 90
1717
 90
1713
 90
1712
 90
3
 90
1717
 90
1712
 90
1711
 90
3
 90
1717
 90
1711
 90
1710
 90
3
 90
1710
 90
1709
 90
1708
 90
3
 90
1710
 90
1708
 90
1707
 90
3
 90
1710
 90
1707
 90
1706
 90
3
 90
1710
 90
1706
 90
1705
 90
3
 90
1710
 90
1705
 90
1704
 90
3
 90
1710
 90
1704
 90
1703
 90
3
 90
1703
 90
1726
 90
1725
 90
3
 90
1725
 90
1724
 90
1731
 90
3
 90
1725
 90
1731
 90
1730
 90
3
 90
1725
 90
1730
 90
1729
 90
3
 90
1733
 90
1724
 90
1722
 90
3
 90
1733
 90
1722
 90
1721
 90
3
 90
1733
 90
1721
 90
1720
 90
3
 90
1733
 90
1720
 90
1719
 90
3
 90
1733
 90
1719
 90
1718
 90
3
 90
1733
 90
1718
 90
1717
 90
3
 90
1733
 90
1717
 90
1710
 90
3
 90
1703
 90
1725
 90
1729
 90
3
 90
1703
 90
1729
 90
1728
 90
3
 90
1703
 90
1728
 90
1727
 90
3
 90
1703
 90
1727
 90
1737
 90
3
 90
1703
 90
1737
 90
1736
 90
3
 90
1734
 90
1733
 90
1710
 90
3
 90
1710
 90
1703
 90
1736
 90
3
 90
1710
 90
1736
 90
1735
 90
3
 90
1710
 90
1735
 90
1734
 90
3
 90
1703
 90
1704
 90
1668
 90
3
 90
1668
 90
1704
 90
1669
 90
3
 90
1704
 90
1705
 90
1669
 90
3
 90
1669
 90
1705
 90
1670
 90
3
 90
1705
 90
1706
 90
1670
 90
3
 90
1670
 90
1706
 90
1671
 90
3
 90
1706
 90
1707
 90
1671
 90
3
 90
1671
 90
1707
 90
1672
 90
3
 90
1707
 90
1708
 90
1672
 90
3
 90
1672
 90
1708
 90
1673
 90
3
 90
1708
 90
1709
 90
1673
 90
3
 90
1673
 90
1709
 90
1674
 90
3
 90
1709
 90
1710
 90
1674
 90
3
 90
1674
 90
1710
 90
1675
 90
3
 90
1710
 90
1711
 90
1675
 90
3
 90
1675
 90
1711
 90
1676
 90
3
 90
1711
 90
1712
 90
1676
 90
3
 90
1676
 90
1712
 90
1677
 90
3
 90
1712
 90
1713
 90
1677
 90
3
 90
1677
 90
1713
 90
1678
 90
3
 90
1713
 90
1714
 90
1678
 90
3
 90
1678
 90
1714
 90
1679
 90
3
 90
1714
 90
1715
 90
1679
 90
3
 90
1679
 90
1715
 90
1680
 90
3
 90
1715
 90
1716
 90
1680
 90
3
 90
1680
 90
1716
 90
1681
 90
3
 90
1716
 90
1717
 90
1681
 90
3
 90
1681
 90
1717
 90
1682
 90
3
 90
1717
 90
1718
 90
1682
 90
3
 90
1682
 90
1718
 90
1683
 90
3
 90
1718
 90
1719
 90
1683
 90
3
 90
1683
 90
1719
 90
1684
 90
3
 90
1719
 90
1720
 90
1684
 90
3
 90
1684
 90
1720
 90
1685
 90
3
 90
1720
 90
1721
 90
1685
 90
3
 90
1685
 90
1721
 90
1686
 90
3
 90
1721
 90
1722
 90
1686
 90
3
 90
1686
 90
1722
 90
1687
 90
3
 90
1722
 90
1723
 90
1687
 90
3
 90
1687
 90
1723
 90
1688
 90
3
 90
1723
 90
1724
 90
1688
 90
3
 90
1688
 90
1724
 90
1689
 90
3
 90
1724
 90
1725
 90
1689
 90
3
 90
1689
 90
1725
 90
1690
 90
3
 90
1726
 90
1703
 90
1691
 90
3
 90
1691
 90
1703
 90
1668
 90
3
 90
1725
 90
1726
 90
1690
 90
3
 90
1690
 90
1726
 90
1691
 90
3
 90
1727
 90
1728
 90
1692
 90
3
 90
1692
 90
1728
 90
1693
 90
3
 90
1728
 90
1729
 90
1693
 90
3
 90
1693
 90
1729
 90
1694
 90
3
 90
1729
 90
1730
 90
1694
 90
3
 90
1694
 90
1730
 90
1695
 90
3
 90
1730
 90
1731
 90
1695
 90
3
 90
1695
 90
1731
 90
1696
 90
3
 90
1731
 90
1732
 90
1696
 90
3
 90
1696
 90
1732
 90
1697
 90
3
 90
1732
 90
1733
 90
1697
 90
3
 90
1697
 90
1733
 90
1698
 90
3
 90
1733
 90
1734
 90
1698
 90
3
 90
1698
 90
1734
 90
1699
 90
3
 90
1734
 90
1735
 90
1699
 90
3
 90
1699
 90
1735
 90
1700
 90
3
 90
1735
 90
1736
 90
1700
 90
3
 90
1700
 90
1736
 90
1701
 90
3
 90
1737
 90
1727
 90
1702
 90
3
 90
1702
 90
1727
 90
1692
 90
3
 90
1736
 90
1737
 90
1701
 90
3
 90
1701
 90
1737
 90
1702
 90
3
 90
1747
 90
1748
 90
1745
 90
3
 90
1744
 90
1745
 90
1748
 90
3
 90
1743
 90
1744
 90
1748
 90
3
 90
1742
 90
1743
 90
1748
 90
3
 90
1740
 90
1741
 90
1742
 90
3
 90
1739
 90
1740
 90
1742
 90
3
 90
1745
 90
1738
 90
1739
 90
3
 90
1747
 90
1745
 90
1739
 90
3
 90
1746
 90
1747
 90
1739
 90
3
 90
1742
 90
1748
 90
1746
 90
3
 90
1739
 90
1742
 90
1746
 90
3
 90
1756
 90
1759
 90
1758
 90
3
 90
1759
 90
1756
 90
1755
 90
3
 90
1759
 90
1755
 90
1754
 90
3
 90
1759
 90
1754
 90
1753
 90
3
 90
1753
 90
1752
 90
1751
 90
3
 90
1753
 90
1751
 90
1750
 90
3
 90
1750
 90
1749
 90
1756
 90
3
 90
1750
 90
1756
 90
1758
 90
3
 90
1750
 90
1758
 90
1757
 90
3
 90
1757
 90
1759
 90
1753
 90
3
 90
1757
 90
1753
 90
1750
 90
3
 90
1749
 90
1750
 90
1738
 90
3
 90
1738
 90
1750
 90
1739
 90
3
 90
1750
 90
1751
 90
1739
 90
3
 90
1739
 90
1751
 90
1740
 90
3
 90
1751
 90
1752
 90
1740
 90
3
 90
1740
 90
1752
 90
1741
 90
3
 90
1752
 90
1753
 90
1741
 90
3
 90
1741
 90
1753
 90
1742
 90
3
 90
1753
 90
1754
 90
1742
 90
3
 90
1742
 90
1754
 90
1743
 90
3
 90
1754
 90
1755
 90
1743
 90
3
 90
1743
 90
1755
 90
1744
 90
3
 90
1756
 90
1749
 90
1745
 90
3
 90
1745
 90
1749
 90
1738
 90
3
 90
1755
 90
1756
 90
1744
 90
3
 90
1744
 90
1756
 90
1745
 90
3
 90
1757
 90
1758
 90
1746
 90
3
 90
1746
 90
1758
 90
1747
 90
3
 90
1759
 90
1757
 90
1748
 90
3
 90
1748
 90
1757
 90
1746
 90
3
 90
1758
 90
1759
 90
1747
 90
3
 90
1747
 90
1759
 90
1748
 90
3
 90
1762
 90
1763
 90
1760
 90
3
 90
1761
 90
1762
 90
1760
 90
3
 90
1764
 90
1767
 90
1766
 90
3
 90
1764
 90
1766
 90
1765
 90
3
 90
1764
 90
1765
 90
1760
 90
3
 90
1760
 90
1765
 90
1761
 90
3
 90
1765
 90
1766
 90
1761
 90
3
 90
1761
 90
1766
 90
1762
 90
3
 90
1767
 90
1764
 90
1763
 90
3
 90
1763
 90
1764
 90
1760
 90
3
 90
1766
 90
1767
 90
1762
 90
3
 90
1762
 90
1767
 90
1763
 90
3
 90
1771
 90
1772
 90
1773
 90
3
 90
1770
 90
1771
 90
1773
 90
3
 90
1769
 90
1770
 90
1773
 90
3
 90
1768
 90
1769
 90
1773
 90
3
 90
1779
 90
1778
 90
1777
 90
3
 90
1779
 90
1777
 90
1776
 90
3
 90
1779
 90
1776
 90
1775
 90
3
 90
1779
 90
1775
 90
1774
 90
3
 90
1774
 90
1775
 90
1768
 90
3
 90
1768
 90
1775
 90
1769
 90
3
 90
1775
 90
1776
 90
1769
 90
3
 90
1769
 90
1776
 90
1770
 90
3
 90
1776
 90
1777
 90
1770
 90
3
 90
1770
 90
1777
 90
1771
 90
3
 90
1777
 90
1778
 90
1771
 90
3
 90
1771
 90
1778
 90
1772
 90
3
 90
1779
 90
1774
 90
1773
 90
3
 90
1773
 90
1774
 90
1768
 90
3
 90
1778
 90
1779
 90
1772
 90
3
 90
1772
 90
1779
 90
1773
 90
3
 90
1784
 90
1785
 90
1780
 90
3
 90
1783
 90
1784
 90
1780
 90
3
 90
1782
 90
1783
 90
1780
 90
3
 90
1781
 90
1782
 90
1780
 90
3
 90
1786
 90
1791
 90
1790
 90
3
 90
1786
 90
1790
 90
1789
 90
3
 90
1786
 90
1789
 90
1788
 90
3
 90
1786
 90
1788
 90
1787
 90
3
 90
1786
 90
1787
 90
1780
 90
3
 90
1780
 90
1787
 90
1781
 90
3
 90
1787
 90
1788
 90
1781
 90
3
 90
1781
 90
1788
 90
1782
 90
3
 90
1788
 90
1789
 90
1782
 90
3
 90
1782
 90
1789
 90
1783
 90
3
 90
1789
 90
1790
 90
1783
 90
3
 90
1783
 90
1790
 90
1784
 90
3
 90
1791
 90
1786
 90
1785
 90
3
 90
1785
 90
1786
 90
1780
 90
3
 90
1790
 90
1791
 90
1784
 90
3
 90
1784
 90
1791
 90
1785
 90
3
 90
1797
 90
1798
 90
1792
 90
3
 90
1795
 90
1796
 90
1797
 90
3
 90
1794
 90
1795
 90
1797
 90
3
 90
1793
 90
1794
 90
1797
 90
3
 90
1792
 90
1793
 90
1797
 90
3
 90
1799
 90
1805
 90
1804
 90
3
 90
1804
 90
1803
 90
1802
 90
3
 90
1804
 90
1802
 90
1801
 90
3
 90
1804
 90
1801
 90
1800
 90
3
 90
1804
 90
1800
 90
1799
 90
3
 90
1799
 90
1800
 90
1792
 90
3
 90
1792
 90
1800
 90
1793
 90
3
 90
1800
 90
1801
 90
1793
 90
3
 90
1793
 90
1801
 90
1794
 90
3
 90
1801
 90
1802
 90
1794
 90
3
 90
1794
 90
1802
 90
1795
 90
3
 90
1802
 90
1803
 90
1795
 90
3
 90
1795
 90
1803
 90
1796
 90
3
 90
1803
 90
1804
 90
1796
 90
3
 90
1796
 90
1804
 90
1797
 90
3
 90
1805
 90
1799
 90
1798
 90
3
 90
1798
 90
1799
 90
1792
 90
3
 90
1804
 90
1805
 90
1797
 90
3
 90
1797
 90
1805
 90
1798
 90
3
 90
1808
 90
1809
 90
1806
 90
3
 90
1807
 90
1808
 90
1806
 90
3
 90
1810
 90
1813
 90
1812
 90
3
 90
1810
 90
1812
 90
1811
 90
3
 90
1810
 90
1811
 90
1806
 90
3
 90
1806
 90
1811
 90
1807
 90
3
 90
1811
 90
1812
 90
1807
 90
3
 90
1807
 90
1812
 90
1808
 90
3
 90
1813
 90
1810
 90
1809
 90
3
 90
1809
 90
1810
 90
1806
 90
3
 90
1812
 90
1813
 90
1808
 90
3
 90
1808
 90
1813
 90
1809
 90
3
 90
1816
 90
1817
 90
1814
 90
3
 90
1815
 90
1816
 90
1814
 90
3
 90
1818
 90
1821
 90
1820
 90
3
 90
1818
 90
1820
 90
1819
 90
3
 90
1818
 90
1819
 90
1814
 90
3
 90
1814
 90
1819
 90
1815
 90
3
 90
1819
 90
1820
 90
1815
 90
3
 90
1815
 90
1820
 90
1816
 90
3
 90
1821
 90
1818
 90
1817
 90
3
 90
1817
 90
1818
 90
1814
 90
3
 90
1820
 90
1821
 90
1816
 90
3
 90
1816
 90
1821
 90
1817
 90
3
 90
1855
 90
1856
 90
1844
 90
3
 90
1870
 90
1855
 90
1844
 90
3
 90
1869
 90
1870
 90
1844
 90
3
 90
1868
 90
1869
 90
1844
 90
3
 90
1844
 90
1856
 90
1857
 90
3
 90
1843
 90
1844
 90
1857
 90
3
 90
1842
 90
1843
 90
1857
 90
3
 90
1841
 90
1842
 90
1857
 90
3
 90
1839
 90
1840
 90
1841
 90
3
 90
1838
 90
1839
 90
1841
 90
3
 90
1837
 90
1838
 90
1841
 90
3
 90
1836
 90
1837
 90
1841
 90
3
 90
1834
 90
1835
 90
1836
 90
3
 90
1833
 90
1834
 90
1836
 90
3
 90
1832
 90
1833
 90
1836
 90
3
 90
1831
 90
1832
 90
1836
 90
3
 90
1830
 90
1831
 90
1836
 90
3
 90
1829
 90
1830
 90
1836
 90
3
 90
1828
 90
1829
 90
1836
 90
3
 90
1852
 90
1853
 90
1854
 90
3
 90
1851
 90
1852
 90
1854
 90
3
 90
1850
 90
1851
 90
1854
 90
3
 90
1849
 90
1850
 90
1854
 90
3
 90
1848
 90
1849
 90
1854
 90
3
 90
1847
 90
1848
 90
1854
 90
3
 90
1845
 90
1846
 90
1847
 90
3
 90
1844
 90
1845
 90
1847
 90
3
 90
1841
 90
1857
 90
1858
 90
3
 90
1847
 90
1854
 90
1822
 90
3
 90
1841
 90
1858
 90
1859
 90
3
 90
1847
 90
1822
 90
1823
 90
3
 90
1841
 90
1859
 90
1860
 90
3
 90
1847
 90
1823
 90
1824
 90
3
 90
1841
 90
1860
 90
1861
 90
3
 90
1836
 90
1841
 90
1861
 90
3
 90
1847
 90
1824
 90
1825
 90
3
 90
1836
 90
1861
 90
1862
 90
3
 90
1847
 90
1825
 90
1826
 90
3
 90
1844
 90
1847
 90
1826
 90
3
 90
1836
 90
1862
 90
1863
 90
3
 90
1844
 90
1826
 90
1827
 90
3
 90
1836
 90
1863
 90
1864
 90
3
 90
1844
 90
1827
 90
1828
 90
3
 90
1868
 90
1844
 90
1828
 90
3
 90
1867
 90
1868
 90
1828
 90
3
 90
1836
 90
1864
 90
1865
 90
3
 90
1867
 90
1828
 90
1836
 90
3
 90
1866
 90
1867
 90
1836
 90
3
 90
1865
 90
1866
 90
1836
 90
3
 90
1893
 90
1905
 90
1904
 90
3
 90
1893
 90
1904
 90
1919
 90
3
 90
1893
 90
1919
 90
1918
 90
3
 90
1893
 90
1918
 90
1917
 90
3
 90
1906
 90
1905
 90
1893
 90
3
 90
1906
 90
1893
 90
1892
 90
3
 90
1906
 90
1892
 90
1891
 90
3
 90
1906
 90
1891
 90
1890
 90
3
 90
1890
 90
1889
 90
1888
 90
3
 90
1890
 90
1888
 90
1887
 90
3
 90
1890
 90
1887
 90
1886
 90
3
 90
1890
 90
1886
 90
1885
 90
3
 90
1885
 90
1884
 90
1883
 90
3
 90
1885
 90
1883
 90
1882
 90
3
 90
1885
 90
1882
 90
1881
 90
3
 90
1885
 90
1881
 90
1880
 90
3
 90
1885
 90
1880
 90
1879
 90
3
 90
1885
 90
1879
 90
1878
 90
3
 90
1885
 90
1878
 90
1877
 90
3
 90
1903
 90
1902
 90
1901
 90
3
 90
1903
 90
1901
 90
1900
 90
3
 90
1903
 90
1900
 90
1899
 90
3
 90
1903
 90
1899
 90
1898
 90
3
 90
1903
 90
1898
 90
1897
 90
3
 90
1903
 90
1897
 90
1896
 90
3
 90
1896
 90
1895
 90
1894
 90
3
 90
1896
 90
1894
 90
1893
 90
3
 90
1907
 90
1906
 90
1890
 90
3
 90
1871
 90
1903
 90
1896
 90
3
 90
1908
 90
1907
 90
1890
 90
3
 90
1872
 90
1871
 90
1896
 90
3
 90
1909
 90
1908
 90
1890
 90
3
 90
1873
 90
1872
 90
1896
 90
3
 90
1910
 90
1909
 90
1890
 90
3
 90
1910
 90
1890
 90
1885
 90
3
 90
1874
 90
1873
 90
1896
 90
3
 90
1911
 90
1910
 90
1885
 90
3
 90
1875
 90
1874
 90
1896
 90
3
 90
1875
 90
1896
 90
1893
 90
3
 90
1912
 90
1911
 90
1885
 90
3
 90
1876
 90
1875
 90
1893
 90
3
 90
1913
 90
1912
 90
1885
 90
3
 90
1877
 90
1876
 90
1893
 90
3
 90
1877
 90
1893
 90
1917
 90
3
 90
1877
 90
1917
 90
1916
 90
3
 90
1914
 90
1913
 90
1885
 90
3
 90
1885
 90
1877
 90
1916
 90
3
 90
1885
 90
1916
 90
1915
 90
3
 90
1885
 90
1915
 90
1914
 90
3
 90
1871
 90
1872
 90
1822
 90
3
 90
1822
 90
1872
 90
1823
 90
3
 90
1872
 90
1873
 90
1823
 90
3
 90
1823
 90
1873
 90
1824
 90
3
 90
1873
 90
1874
 90
1824
 90
3
 90
1824
 90
1874
 90
1825
 90
3
 90
1874
 90
1875
 90
1825
 90
3
 90
1825
 90
1875
 90
1826
 90
3
 90
1875
 90
1876
 90
1826
 90
3
 90
1826
 90
1876
 90
1827
 90
3
 90
1876
 90
1877
 90
1827
 90
3
 90
1827
 90
1877
 90
1828
 90
3
 90
1877
 90
1878
 90
1828
 90
3
 90
1828
 90
1878
 90
1829
 90
3
 90
1878
 90
1879
 90
1829
 90
3
 90
1829
 90
1879
 90
1830
 90
3
 90
1879
 90
1880
 90
1830
 90
3
 90
1830
 90
1880
 90
1831
 90
3
 90
1880
 90
1881
 90
1831
 90
3
 90
1831
 90
1881
 90
1832
 90
3
 90
1881
 90
1882
 90
1832
 90
3
 90
1832
 90
1882
 90
1833
 90
3
 90
1882
 90
1883
 90
1833
 90
3
 90
1833
 90
1883
 90
1834
 90
3
 90
1883
 90
1884
 90
1834
 90
3
 90
1834
 90
1884
 90
1835
 90
3
 90
1884
 90
1885
 90
1835
 90
3
 90
1835
 90
1885
 90
1836
 90
3
 90
1885
 90
1886
 90
1836
 90
3
 90
1836
 90
1886
 90
1837
 90
3
 90
1886
 90
1887
 90
1837
 90
3
 90
1837
 90
1887
 90
1838
 90
3
 90
1887
 90
1888
 90
1838
 90
3
 90
1838
 90
1888
 90
1839
 90
3
 90
1888
 90
1889
 90
1839
 90
3
 90
1839
 90
1889
 90
1840
 90
3
 90
1889
 90
1890
 90
1840
 90
3
 90
1840
 90
1890
 90
1841
 90
3
 90
1890
 90
1891
 90
1841
 90
3
 90
1841
 90
1891
 90
1842
 90
3
 90
1891
 90
1892
 90
1842
 90
3
 90
1842
 90
1892
 90
1843
 90
3
 90
1892
 90
1893
 90
1843
 90
3
 90
1843
 90
1893
 90
1844
 90
3
 90
1893
 90
1894
 90
1844
 90
3
 90
1844
 90
1894
 90
1845
 90
3
 90
1894
 90
1895
 90
1845
 90
3
 90
1845
 90
1895
 90
1846
 90
3
 90
1895
 90
1896
 90
1846
 90
3
 90
1846
 90
1896
 90
1847
 90
3
 90
1896
 90
1897
 90
1847
 90
3
 90
1847
 90
1897
 90
1848
 90
3
 90
1897
 90
1898
 90
1848
 90
3
 90
1848
 90
1898
 90
1849
 90
3
 90
1898
 90
1899
 90
1849
 90
3
 90
1849
 90
1899
 90
1850
 90
3
 90
1899
 90
1900
 90
1850
 90
3
 90
1850
 90
1900
 90
1851
 90
3
 90
1900
 90
1901
 90
1851
 90
3
 90
1851
 90
1901
 90
1852
 90
3
 90
1901
 90
1902
 90
1852
 90
3
 90
1852
 90
1902
 90
1853
 90
3
 90
1903
 90
1871
 90
1854
 90
3
 90
1854
 90
1871
 90
1822
 90
3
 90
1902
 90
1903
 90
1853
 90
3
 90
1853
 90
1903
 90
1854
 90
3
 90
1904
 90
1905
 90
1855
 90
3
 90
1855
 90
1905
 90
1856
 90
3
 90
1905
 90
1906
 90
1856
 90
3
 90
1856
 90
1906
 90
1857
 90
3
 90
1906
 90
1907
 90
1857
 90
3
 90
1857
 90
1907
 90
1858
 90
3
 90
1907
 90
1908
 90
1858
 90
3
 90
1858
 90
1908
 90
1859
 90
3
 90
1908
 90
1909
 90
1859
 90
3
 90
1859
 90
1909
 90
1860
 90
3
 90
1909
 90
1910
 90
1860
 90
3
 90
1860
 90
1910
 90
1861
 90
3
 90
1910
 90
1911
 90
1861
 90
3
 90
1861
 90
1911
 90
1862
 90
3
 90
1911
 90
1912
 90
1862
 90
3
 90
1862
 90
1912
 90
1863
 90
3
 90
1912
 90
1913
 90
1863
 90
3
 90
1863
 90
1913
 90
1864
 90
3
 90
1913
 90
1914
 90
1864
 90
3
 90
1864
 90
1914
 90
1865
 90
3
 90
1914
 90
1915
 90
1865
 90
3
 90
1865
 90
1915
 90
1866
 90
3
 90
1915
 90
1916
 90
1866
 90
3
 90
1866
 90
1916
 90
1867
 90
3
 90
1916
 90
1917
 90
1867
 90
3
 90
1867
 90
1917
 90
1868
 90
3
 90
1917
 90
1918
 90
1868
 90
3
 90
1868
 90
1918
 90
1869
 90
3
 90
1919
 90
1904
 90
1870
 90
3
 90
1870
 90
1904
 90
1855
 90
3
 90
1918
 90
1919
 90
1869
 90
3
 90
1869
 90
1919
 90
1870
 90
3
 90
1922
 90
1923
 90
1920
 90
3
 90
1921
 90
1922
 90
1920
 90
3
 90
1924
 90
1927
 90
1926
 90
3
 90
1924
 90
1926
 90
1925
 90
3
 90
1924
 90
1925
 90
1920
 90
3
 90
1920
 90
1925
 90
1921
 90
3
 90
1925
 90
1926
 90
1921
 90
3
 90
1921
 90
1926
 90
1922
 90
3
 90
1927
 90
1924
 90
1923
 90
3
 90
1923
 90
1924
 90
1920
 90
3
 90
1926
 90
1927
 90
1922
 90
3
 90
1922
 90
1927
 90
1923
 90
3
 90
1930
 90
1931
 90
1928
 90
3
 90
1929
 90
1930
 90
1928
 90
3
 90
1932
 90
1935
 90
1934
 90
3
 90
1932
 90
1934
 90
1933
 90
3
 90
1932
 90
1933
 90
1928
 90
3
 90
1928
 90
1933
 90
1929
 90
3
 90
1933
 90
1934
 90
1929
 90
3
 90
1929
 90
1934
 90
1930
 90
3
 90
1935
 90
1932
 90
1931
 90
3
 90
1931
 90
1932
 90
1928
 90
3
 90
1934
 90
1935
 90
1930
 90
3
 90
1930
 90
1935
 90
1931
 90
3
 90
1946
 90
1947
 90
1936
 90
3
 90
1944
 90
1945
 90
1946
 90
3
 90
1941
 90
1942
 90
1943
 90
3
 90
1940
 90
1941
 90
1943
 90
3
 90
1938
 90
1939
 90
1940
 90
3
 90
1946
 90
1936
 90
1937
 90
3
 90
1944
 90
1946
 90
1937
 90
3
 90
1943
 90
1944
 90
1937
 90
3
 90
1938
 90
1940
 90
1943
 90
3
 90
1937
 90
1938
 90
1943
 90
3
 90
1948
 90
1959
 90
1958
 90
3
 90
1958
 90
1957
 90
1956
 90
3
 90
1955
 90
1954
 90
1953
 90
3
 90
1955
 90
1953
 90
1952
 90
3
 90
1952
 90
1951
 90
1950
 90
3
 90
1949
 90
1948
 90
1958
 90
3
 90
1949
 90
1958
 90
1956
 90
3
 90
1949
 90
1956
 90
1955
 90
3
 90
1955
 90
1952
 90
1950
 90
3
 90
1955
 90
1950
 90
1949
 90
3
 90
1948
 90
1949
 90
1936
 90
3
 90
1936
 90
1949
 90
1937
 90
3
 90
1949
 90
1950
 90
1937
 90
3
 90
1937
 90
1950
 90
1938
 90
3
 90
1950
 90
1951
 90
1938
 90
3
 90
1938
 90
1951
 90
1939
 90
3
 90
1951
 90
1952
 90
1939
 90
3
 90
1939
 90
1952
 90
1940
 90
3
 90
1952
 90
1953
 90
1940
 90
3
 90
1940
 90
1953
 90
1941
 90
3
 90
1953
 90
1954
 90
1941
 90
3
 90
1941
 90
1954
 90
1942
 90
3
 90
1954
 90
1955
 90
1942
 90
3
 90
1942
 90
1955
 90
1943
 90
3
 90
1955
 90
1956
 90
1943
 90
3
 90
1943
 90
1956
 90
1944
 90
3
 90
1956
 90
1957
 90
1944
 90
3
 90
1944
 90
1957
 90
1945
 90
3
 90
1957
 90
1958
 90
1945
 90
3
 90
1945
 90
1958
 90
1946
 90
3
 90
1959
 90
1948
 90
1947
 90
3
 90
1947
 90
1948
 90
1936
 90
3
 90
1958
 90
1959
 90
1946
 90
3
 90
1946
 90
1959
 90
1947
 90
3
 90
1962
 90
1963
 90
1960
 90
3
 90
1961
 90
1962
 90
1960
 90
3
 90
1964
 90
1967
 90
1966
 90
3
 90
1964
 90
1966
 90
1965
 90
3
 90
1964
 90
1965
 90
1960
 90
3
 90
1960
 90
1965
 90
1961
 90
3
 90
1965
 90
1966
 90
1961
 90
3
 90
1961
 90
1966
 90
1962
 90
3
 90
1967
 90
1964
 90
1963
 90
3
 90
1963
 90
1964
 90
1960
 90
3
 90
1966
 90
1967
 90
1962
 90
3
 90
1962
 90
1967
 90
1963
 90
3
 90
2004
 90
2005
 90
1968
 90
3
 90
2002
 90
2003
 90
2004
 90
3
 90
2001
 90
2002
 90
2004
 90
3
 90
2000
 90
2001
 90
2004
 90
3
 90
1983
 90
1984
 90
1985
 90
3
 90
1982
 90
1983
 90
1985
 90
3
 90
1981
 90
1982
 90
1985
 90
3
 90
1980
 90
1981
 90
1985
 90
3
 90
1979
 90
1980
 90
1985
 90
3
 90
1978
 90
1979
 90
1985
 90
3
 90
1976
 90
1977
 90
1978
 90
3
 90
1975
 90
1976
 90
1978
 90
3
 90
1974
 90
1975
 90
1978
 90
3
 90
1973
 90
1974
 90
1978
 90
3
 90
1971
 90
1972
 90
1973
 90
3
 90
1970
 90
1971
 90
1973
 90
3
 90
1969
 90
1970
 90
1973
 90
3
 90
1968
 90
1969
 90
1973
 90
3
 90
2000
 90
2004
 90
1968
 90
3
 90
1999
 90
2000
 90
1968
 90
3
 90
1998
 90
1999
 90
1968
 90
3
 90
1997
 90
1998
 90
1968
 90
3
 90
1996
 90
1997
 90
1968
 90
3
 90
1995
 90
1996
 90
1968
 90
3
 90
1978
 90
1985
 90
1986
 90
3
 90
1995
 90
1968
 90
1973
 90
3
 90
1994
 90
1995
 90
1973
 90
3
 90
1993
 90
1994
 90
1973
 90
3
 90
1992
 90
1993
 90
1973
 90
3
 90
1991
 90
1992
 90
1973
 90
3
 90
1978
 90
1986
 90
1987
 90
3
 90
1991
 90
1973
 90
1978
 90
3
 90
1990
 90
1991
 90
1978
 90
3
 90
1989
 90
1990
 90
1978
 90
3
 90
1988
 90
1989
 90
1978
 90
3
 90
1987
 90
1988
 90
1978
 90
3
 90
2006
 90
2043
 90
2042
 90
3
 90
2042
 90
2041
 90
2040
 90
3
 90
2042
 90
2040
 90
2039
 90
3
 90
2042
 90
2039
 90
2038
 90
3
 90
2023
 90
2022
 90
2021
 90
3
 90
2023
 90
2021
 90
2020
 90
3
 90
2023
 90
2020
 90
2019
 90
3
 90
2023
 90
2019
 90
2018
 90
3
 90
2023
 90
2018
 90
2017
 90
3
 90
2023
 90
2017
 90
2016
 90
3
 90
2016
 90
2015
 90
2014
 90
3
 90
2016
 90
2014
 90
2013
 90
3
 90
2016
 90
2013
 90
2012
 90
3
 90
2016
 90
2012
 90
2011
 90
3
 90
2011
 90
2010
 90
2009
 90
3
 90
2011
 90
2009
 90
2008
 90
3
 90
2011
 90
2008
 90
2007
 90
3
 90
2011
 90
2007
 90
2006
 90
3
 90
2006
 90
2042
 90
2038
 90
3
 90
2006
 90
2038
 90
2037
 90
3
 90
2006
 90
2037
 90
2036
 90
3
 90
2006
 90
2036
 90
2035
 90
3
 90
2006
 90
2035
 90
2034
 90
3
 90
2006
 90
2034
 90
2033
 90
3
 90
2024
 90
2023
 90
2016
 90
3
 90
2011
 90
2006
 90
2033
 90
3
 90
2011
 90
2033
 90
2032
 90
3
 90
2011
 90
2032
 90
2031
 90
3
 90
2011
 90
2031
 90
2030
 90
3
 90
2011
 90
2030
 90
2029
 90
3
 90
2025
 90
2024
 90
2016
 90
3
 90
2016
 90
2011
 90
2029
 90
3
 90
2016
 90
2029
 90
2028
 90
3
 90
2016
 90
2028
 90
2027
 90
3
 90
2016
 90
2027
 90
2026
 90
3
 90
2016
 90
2026
 90
2025
 90
3
 90
2006
 90
2007
 90
1968
 90
3
 90
1968
 90
2007
 90
1969
 90
3
 90
2007
 90
2008
 90
1969
 90
3
 90
1969
 90
2008
 90
1970
 90
3
 90
2008
 90
2009
 90
1970
 90
3
 90
1970
 90
2009
 90
1971
 90
3
 90
2009
 90
2010
 90
1971
 90
3
 90
1971
 90
2010
 90
1972
 90
3
 90
2010
 90
2011
 90
1972
 90
3
 90
1972
 90
2011
 90
1973
 90
3
 90
2011
 90
2012
 90
1973
 90
3
 90
1973
 90
2012
 90
1974
 90
3
 90
2012
 90
2013
 90
1974
 90
3
 90
1974
 90
2013
 90
1975
 90
3
 90
2013
 90
2014
 90
1975
 90
3
 90
1975
 90
2014
 90
1976
 90
3
 90
2014
 90
2015
 90
1976
 90
3
 90
1976
 90
2015
 90
1977
 90
3
 90
2015
 90
2016
 90
1977
 90
3
 90
1977
 90
2016
 90
1978
 90
3
 90
2016
 90
2017
 90
1978
 90
3
 90
1978
 90
2017
 90
1979
 90
3
 90
2017
 90
2018
 90
1979
 90
3
 90
1979
 90
2018
 90
1980
 90
3
 90
2018
 90
2019
 90
1980
 90
3
 90
1980
 90
2019
 90
1981
 90
3
 90
2019
 90
2020
 90
1981
 90
3
 90
1981
 90
2020
 90
1982
 90
3
 90
2020
 90
2021
 90
1982
 90
3
 90
1982
 90
2021
 90
1983
 90
3
 90
2021
 90
2022
 90
1983
 90
3
 90
1983
 90
2022
 90
1984
 90
3
 90
2022
 90
2023
 90
1984
 90
3
 90
1984
 90
2023
 90
1985
 90
3
 90
2023
 90
2024
 90
1985
 90
3
 90
1985
 90
2024
 90
1986
 90
3
 90
2024
 90
2025
 90
1986
 90
3
 90
1986
 90
2025
 90
1987
 90
3
 90
2025
 90
2026
 90
1987
 90
3
 90
1987
 90
2026
 90
1988
 90
3
 90
2026
 90
2027
 90
1988
 90
3
 90
1988
 90
2027
 90
1989
 90
3
 90
2027
 90
2028
 90
1989
 90
3
 90
1989
 90
2028
 90
1990
 90
3
 90
2028
 90
2029
 90
1990
 90
3
 90
1990
 90
2029
 90
1991
 90
3
 90
2029
 90
2030
 90
1991
 90
3
 90
1991
 90
2030
 90
1992
 90
3
 90
2030
 90
2031
 90
1992
 90
3
 90
1992
 90
2031
 90
1993
 90
3
 90
2031
 90
2032
 90
1993
 90
3
 90
1993
 90
2032
 90
1994
 90
3
 90
2032
 90
2033
 90
1994
 90
3
 90
1994
 90
2033
 90
1995
 90
3
 90
2033
 90
2034
 90
1995
 90
3
 90
1995
 90
2034
 90
1996
 90
3
 90
2034
 90
2035
 90
1996
 90
3
 90
1996
 90
2035
 90
1997
 90
3
 90
2035
 90
2036
 90
1997
 90
3
 90
1997
 90
2036
 90
1998
 90
3
 90
2036
 90
2037
 90
1998
 90
3
 90
1998
 90
2037
 90
1999
 90
3
 90
2037
 90
2038
 90
1999
 90
3
 90
1999
 90
2038
 90
2000
 90
3
 90
2038
 90
2039
 90
2000
 90
3
 90
2000
 90
2039
 90
2001
 90
3
 90
2039
 90
2040
 90
2001
 90
3
 90
2001
 90
2040
 90
2002
 90
3
 90
2040
 90
2041
 90
2002
 90
3
 90
2002
 90
2041
 90
2003
 90
3
 90
2041
 90
2042
 90
2003
 90
3
 90
2003
 90
2042
 90
2004
 90
3
 90
2043
 90
2006
 90
2005
 90
3
 90
2005
 90
2006
 90
1968
 90
3
 90
2042
 90
2043
 90
2004
 90
3
 90
2004
 90
2043
 90
2005
 90
3
 90
2054
 90
2055
 90
2044
 90
3
 90
2052
 90
2053
 90
2054
 90
3
 90
2049
 90
2050
 90
2051
 90
3
 90
2048
 90
2049
 90
2051
 90
3
 90
2046
 90
2047
 90
2048
 90
3
 90
2054
 90
2044
 90
2045
 90
3
 90
2052
 90
2054
 90
2045
 90
3
 90
2051
 90
2052
 90
2045
 90
3
 90
2046
 90
2048
 90
2051
 90
3
 90
2045
 90
2046
 90
2051
 90
3
 90
2056
 90
2067
 90
2066
 90
3
 90
2066
 90
2065
 90
2064
 90
3
 90
2063
 90
2062
 90
2061
 90
3
 90
2063
 90
2061
 90
2060
 90
3
 90
2060
 90
2059
 90
2058
 90
3
 90
2057
 90
2056
 90
2066
 90
3
 90
2057
 90
2066
 90
2064
 90
3
 90
2057
 90
2064
 90
2063
 90
3
 90
2063
 90
2060
 90
2058
 90
3
 90
2063
 90
2058
 90
2057
 90
3
 90
2056
 90
2057
 90
2044
 90
3
 90
2044
 90
2057
 90
2045
 90
3
 90
2057
 90
2058
 90
2045
 90
3
 90
2045
 90
2058
 90
2046
 90
3
 90
2058
 90
2059
 90
2046
 90
3
 90
2046
 90
2059
 90
2047
 90
3
 90
2059
 90
2060
 90
2047
 90
3
 90
2047
 90
2060
 90
2048
 90
3
 90
2060
 90
2061
 90
2048
 90
3
 90
2048
 90
2061
 90
2049
 90
3
 90
2061
 90
2062
 90
2049
 90
3
 90
2049
 90
2062
 90
2050
 90
3
 90
2062
 90
2063
 90
2050
 90
3
 90
2050
 90
2063
 90
2051
 90
3
 90
2063
 90
2064
 90
2051
 90
3
 90
2051
 90
2064
 90
2052
 90
3
 90
2064
 90
2065
 90
2052
 90
3
 90
2052
 90
2065
 90
2053
 90
3
 90
2065
 90
2066
 90
2053
 90
3
 90
2053
 90
2066
 90
2054
 90
3
 90
2067
 90
2056
 90
2055
 90
3
 90
2055
 90
2056
 90
2044
 90
3
 90
2066
 90
2067
 90
2054
 90
3
 90
2054
 90
2067
 90
2055
 90
3
 90
2069
 90
2068
 90
2072
 90
3
 90
2069
 90
2072
 90
2070
 90
3
 90
2070
 90
2072
 90
2073
 90
3
 90
2070
 90
2073
 90
2071
 90
3
 90
2072
 90
2068
 90
2074
 90
3
 90
2072
 90
2074
 90
2073
 90
3
 90
2073
 90
2074
 90
2075
 90
3
 90
2073
 90
2075
 90
2071
 90
3
 90
2074
 90
2068
 90
2076
 90
3
 90
2074
 90
2076
 90
2075
 90
3
 90
2075
 90
2076
 90
2077
 90
3
 90
2075
 90
2077
 90
2071
 90
3
 90
2076
 90
2068
 90
2078
 90
3
 90
2076
 90
2078
 90
2077
 90
3
 90
2077
 90
2078
 90
2079
 90
3
 90
2077
 90
2079
 90
2071
 90
3
 90
2078
 90
2068
 90
2080
 90
3
 90
2078
 90
2080
 90
2079
 90
3
 90
2079
 90
2080
 90
2081
 90
3
 90
2079
 90
2081
 90
2071
 90
3
 90
2080
 90
2068
 90
2082
 90
3
 90
2080
 90
2082
 90
2081
 90
3
 90
2081
 90
2082
 90
2083
 90
3
 90
2081
 90
2083
 90
2071
 90
3
 90
2082
 90
2068
 90
2084
 90
3
 90
2082
 90
2084
 90
2083
 90
3
 90
2083
 90
2084
 90
2085
 90
3
 90
2083
 90
2085
 90
2071
 90
3
 90
2084
 90
2068
 90
2069
 90
3
 90
2084
 90
2069
 90
2085
 90
3
 90
2085
 90
2069
 90
2070
 90
3
 90
2085
 90
2070
 90
2071
 90
3
 90
2086
 90
2123
 90
2102
 90
3
 90
2123
 90
2097
 90
2126
 90
3
 90
2102
 90
2126
 90
2091
 90
3
 90
2123
 90
2126
 90
2102
 90
3
 90
2086
 90
2102
 90
2098
 90
3
 90
2102
 90
2091
 90
2103
 90
3
 90
2098
 90
2103
 90
2087
 90
3
 90
2102
 90
2103
 90
2098
 90
3
 90
2086
 90
2098
 90
2107
 90
3
 90
2098
 90
2087
 90
2108
 90
3
 90
2107
 90
2108
 90
2093
 90
3
 90
2098
 90
2108
 90
2107
 90
3
 90
2086
 90
2107
 90
2119
 90
3
 90
2107
 90
2093
 90
2122
 90
3
 90
2119
 90
2122
 90
2096
 90
3
 90
2107
 90
2122
 90
2119
 90
3
 90
2086
 90
2119
 90
2123
 90
3
 90
2119
 90
2096
 90
2127
 90
3
 90
2123
 90
2127
 90
2097
 90
3
 90
2119
 90
2127
 90
2123
 90
3
 90
2087
 90
2103
 90
2114
 90
3
 90
2103
 90
2091
 90
2117
 90
3
 90
2114
 90
2117
 90
2095
 90
3
 90
2103
 90
2117
 90
2114
 90
3
 90
2091
 90
2126
 90
2104
 90
3
 90
2126
 90
2097
 90
2125
 90
3
 90
2104
 90
2125
 90
2090
 90
3
 90
2126
 90
2125
 90
2104
 90
3
 90
2097
 90
2127
 90
2124
 90
3
 90
2127
 90
2096
 90
2120
 90
3
 90
2124
 90
2120
 90
2088
 90
3
 90
2127
 90
2120
 90
2124
 90
3
 90
2096
 90
2122
 90
2121
 90
3
 90
2122
 90
2093
 90
2109
 90
3
 90
2121
 90
2109
 90
2092
 90
3
 90
2122
 90
2109
 90
2121
 90
3
 90
2093
 90
2108
 90
2113
 90
3
 90
2108
 90
2087
 90
2110
 90
3
 90
2113
 90
2110
 90
2094
 90
3
 90
2108
 90
2110
 90
2113
 90
3
 90
2089
 90
2115
 90
2101
 90
3
 90
2115
 90
2095
 90
2116
 90
3
 90
2101
 90
2116
 90
2090
 90
3
 90
2115
 90
2116
 90
2101
 90
3
 90
2089
 90
2101
 90
2099
 90
3
 90
2101
 90
2090
 90
2100
 90
3
 90
2099
 90
2100
 90
2088
 90
3
 90
2101
 90
2100
 90
2099
 90
3
 90
2089
 90
2099
 90
2106
 90
3
 90
2099
 90
2088
 90
2105
 90
3
 90
2106
 90
2105
 90
2092
 90
3
 90
2099
 90
2105
 90
2106
 90
3
 90
2089
 90
2106
 90
2111
 90
3
 90
2106
 90
2092
 90
2112
 90
3
 90
2111
 90
2112
 90
2094
 90
3
 90
2106
 90
2112
 90
2111
 90
3
 90
2089
 90
2111
 90
2115
 90
3
 90
2111
 90
2094
 90
2118
 90
3
 90
2115
 90
2118
 90
2095
 90
3
 90
2111
 90
2118
 90
2115
 90
3
 90
2090
 90
2116
 90
2104
 90
3
 90
2116
 90
2095
 90
2117
 90
3
 90
2104
 90
2117
 90
2091
 90
3
 90
2116
 90
2117
 90
2104
 90
3
 90
2088
 90
2100
 90
2124
 90
3
 90
2100
 90
2090
 90
2125
 90
3
 90
2124
 90
2125
 90
2097
 90
3
 90
2100
 90
2125
 90
2124
 90
3
 90
2092
 90
2105
 90
2121
 90
3
 90
2105
 90
2088
 90
2120
 90
3
 90
2121
 90
2120
 90
2096
 90
3
 90
2105
 90
2120
 90
2121
 90
3
 90
2094
 90
2112
 90
2113
 90
3
 90
2112
 90
2092
 90
2109
 90
3
 90
2113
 90
2109
 90
2093
 90
3
 90
2112
 90
2109
 90
2113
 90
3
 90
2095
 90
2118
 90
2114
 90
3
 90
2118
 90
2094
 90
2110
 90
3
 90
2114
 90
2110
 90
2087
 90
3
 90
2118
 90
2110
 90
2114
 94
0
 95
0
 90
0
  0
MESH
  5
A2
330
17
100
AcDbEntity
  8
3D-LABEL
100
AcDbSubDMesh
 71
2
 72
0
 91
0
 92
438
 10
77.43826271018659
 20
151.72110542266122
 30
122.25
 10
77.43826271018659
 20
151.72110542266122
 30
123.7338391632373
 10
76.49671159604877
 20
150.7795543085234
 30
123.7338391632373
 10
76.49671159604877
 20
150.7795543085234
 30
122.25
 10
75.85857864376268
 20
150.14142135623732
 30
122.25
 10
75.85857864376268
 20
150.14142135623732
 30
125.75030006858711
 10
76.49671159604877
 20
150.7795543085234
 30
125.75030006858711
 10
76.49671159604877
 20
150.7795543085234
 30
124.41649519890261
 10
77.43826271018659
 20
151.72110542266122
 30
124.41649519890261
 10
77.43826271018659
 20
151.72110542266122
 30
125.75030006858711
 10
78.07639566247268
 20
152.3592383749473
 30
125.75030006858711
 10
78.07639566247268
 20
152.3592383749473
 30
122.25
 10
77.72110542266122
 20
151.4382627101866
 30
122.25
 10
77.72110542266122
 20
151.4382627101866
 30
123.7338391632373
 10
76.7795543085234
 20
150.49671159604878
 30
123.7338391632373
 10
76.7795543085234
 20
150.49671159604878
 30
122.25
 10
76.14142135623732
 20
149.85857864376268
 30
122.25
 10
76.14142135623732
 20
149.85857864376268
 30
125.75030006858711
 10
76.7795543085234
 20
150.49671159604878
 30
125.75030006858711
 10
76.7795543085234
 20
150.49671159604878
 30
124.41649519890261
 10
77.72110542266122
 20
151.4382627101866
 30
124.41649519890261
 10
77.72110542266122
 20
151.4382627101866
 30
125.75030006858711
 10
78.3592383749473
 20
152.0763956624727
 30
125.75030006858711
 10
78.3592383749473
 20
152.0763956624727
 30
122.25
 10
79.33780892975142
 20
153.62065164222602
 30
123.7338391632373
 10
79.33780892975142
 20
153.62065164222602
 30
122.93190586419753
 10
80.45812214274244
 20
154.74096485521707
 30
122.93190586419753
 10
80.45812214274244
 20
154.74096485521707
 30
122.25
 10
78.69967597746533
 20
152.98251868993995
 30
122.25
 10
78.69967597746533
 20
152.98251868993995
 30
125.75030006858711
 10
80.42152100084076
 20
154.70436371331536
 30
125.75030006858711
 10
80.42152100084076
 20
154.70436371331536
 30
125.0676440329218
 10
79.33780892975142
 20
153.62065164222602
 30
125.0676440329218
 10
79.33780892975142
 20
153.62065164222602
 30
124.41649519890261
 10
80.3573363896798
 20
154.64017910215443
 30
124.41649519890261
 10
80.3573363896798
 20
154.64017910215443
 30
123.7338391632373
 10
79.62065164222604
 20
153.33780892975142
 30
123.7338391632373
 10
79.62065164222604
 20
153.33780892975142
 30
122.93190586419753
 10
80.74096485521706
 20
154.45812214274244
 30
122.93190586419753
 10
80.74096485521706
 20
154.45812214274244
 30
122.25
 10
78.98251868993995
 20
152.69967597746532
 30
122.25
 10
78.98251868993995
 20
152.69967597746532
 30
125.75030006858711
 10
80.70436371331537
 20
154.42152100084076
 30
125.75030006858711
 10
80.70436371331537
 20
154.42152100084076
 30
125.0676440329218
 10
79.62065164222604
 20
153.33780892975142
 30
125.0676440329218
 10
79.62065164222604
 20
153.33780892975142
 30
124.41649519890261
 10
80.64017910215442
 20
154.3573363896798
 30
124.41649519890261
 10
80.64017910215442
 20
154.3573363896798
 30
123.7338391632373
 10
82.67646961278435
 20
156.95931232525896
 30
122.25
 10
82.52051692120321
 20
156.80335963367781
 30
122.88764574759945
 10
81.52273796588307
 20
155.8055806783577
 30
122.88764574759945
 10
81.36519392030621
 20
155.64803663278082
 30
122.25
 10
80.72334780869676
 20
155.0061905211714
 30
122.25
 10
81.63996771023488
 20
155.9228104227095
 30
125.75030006858711
 10
82.40116537152377
 20
156.68400808399838
 30
125.75030006858711
 10
83.31778527306189
 20
157.6006279855365
 30
122.25
 10
82.3597901676349
 20
156.64263288010952
 30
123.53729423868313
 10
82.02136221787718
 20
156.3042049303518
 30
124.92961248285323
 10
81.68187336545566
 20
155.9647160779303
 30
123.53729423868313
 10
82.95931232525896
 20
156.67646961278436
 30
122.25
 10
82.80335963367783
 20
156.5205169212032
 30
122.88764574759945
 10
81.80558067835769
 20
155.52273796588307
 30
122.88764574759945
 10
81.64803663278083
 20
155.3651939203062
 30
122.25
 10
81.00619052117138
 20
154.72334780869676
 30
122.25
 10
81.9228104227095
 20
155.63996771023488
 30
125.75030006858711
 10
82.68400808399838
 20
156.40116537152377
 30
125.75030006858711
 10
83.6006279855365
 20
157.31778527306187
 30
122.25
 10
82.64263288010952
 20
156.35979016763488
 30
123.53729423868313
 10
82.3042049303518
 20
156.0213622178772
 30
124.92961248285323
 10
81.96471607793028
 20
155.68187336545566
 30
123.53729423868313
 10
85.78319045094022
 20
160.06603316341486
 30
124.99544002914952
 10
85.88994378148685
 20
160.17278649396147
 30
124.70381087105625
 10
85.95359794131588
 20
160.2364406537905
 30
124.37429805384087
 10
85.97481599459222
 20
160.25765870706684
 30
124.00390089163237
 10
85.95359794131588
 20
160.2364406537905
 30
123.6286276148834
 10
85.88994378148685
 20
160.17278649396147
 30
123.29648919753086
 10
85.78319045094022
 20
160.06603316341486
 30
123.00448495370371
 10
85.63161398284734
 20
159.91445669532195
 30
122.74961419753086
 10
85.41280280843503
 20
159.69564552090964
 30
122.51687349965707
 10
85.15420778412957
 20
159.4370504966042
 30
122.36327589163237
 10
84.80609909756453
 20
159.08894181003916
 30
122.2783189729081
 10
84.31874693637347
 20
158.6015896488481
 30
122.25
 10
83.64613464751332
 20
157.92897735998795
 30
122.25
 10
83.64613464751332
 20
157.92897735998795
 30
125.75030006858711
 10
84.31874693637347
 20
158.6015896488481
 30
125.75030006858711
 10
84.81060793388575
 20
159.09345064636037
 30
125.72179355281207
 10
85.15845139478483
 20
159.44129410725947
 30
125.63627400548697
 10
85.41465938809671
 20
159.69750210057134
 30
125.4832390260631
 10
85.63161398284734
 20
159.91445669532195
 30
125.25068587105625
 10
85.31705634302553
 20
159.59989905550015
 30
124.00390089163237
 10
85.26560256383038
 20
159.548445276305
 30
124.46169302983539
 10
85.11124122624497
 20
159.39408393871958
 30
124.79533179012346
 10
84.85901161792242
 20
159.14185433039702
 30
124.99956597222223
 10
84.51289212385203
 20
158.79573483632666
 30
125.0676440329218
 10
84.2842675997994
 20
158.56711031227402
 30
125.0676440329218
 10
84.2842675997994
 20
158.56711031227402
 30
122.93190586419753
 10
84.51289212385203
 20
158.79573483632666
 30
122.93190586419753
 10
84.85768548959264
 20
159.14052820206726
 30
123.00054655349794
 10
85.11018032358115
 20
159.39302303605578
 30
123.20646862139918
 10
85.26533733816443
 20
159.54818005063905
 30
123.5431080675583
 10
86.06603316341486
 20
159.78319045094022
 30
124.99544002914952
 10
86.17278649396147
 20
159.88994378148683
 30
124.70381087105625
 10
86.2364406537905
 20
159.95359794131588
 30
124.37429805384087
 10
86.25765870706684
 20
159.97481599459223
 30
124.00390089163237
 10
86.2364406537905
 20
159.95359794131588
 30
123.6286276148834
 10
86.17278649396147
 20
159.88994378148683
 30
123.29648919753086
 10
86.06603316341486
 20
159.78319045094022
 30
123.00448495370371
 10
85.91445669532196
 20
159.63161398284734
 30
122.74961419753086
 10
85.69564552090965
 20
159.41280280843503
 30
122.51687349965707
 10
85.43705049660419
 20
159.15420778412957
 30
122.36327589163237
 10
85.08894181003915
 20
158.80609909756453
 30
122.2783189729081
 10
84.60158964884809
 20
158.3187469363735
 30
122.25
 10
83.92897735998794
 20
157.64613464751332
 30
122.25
 10
83.92897735998794
 20
157.64613464751332
 30
125.75030006858711
 10
84.60158964884809
 20
158.3187469363735
 30
125.75030006858711
 10
85.09345064636037
 20
158.81060793388576
 30
125.72179355281207
 10
85.44129410725947
 20
159.15845139478483
 30
125.63627400548697
 10
85.69750210057133
 20
159.4146593880967
 30
125.4832390260631
 10
85.91445669532196
 20
159.63161398284734
 30
125.25068587105625
 10
85.59989905550015
 20
159.3170563430255
 30
124.00390089163237
 10
85.548445276305
 20
159.26560256383038
 30
124.46169302983539
 10
85.39408393871959
 20
159.11124122624497
 30
124.79533179012346
 10
85.14185433039704
 20
158.85901161792242
 30
124.99956597222223
 10
84.79573483632666
 20
158.51289212385203
 30
125.0676440329218
 10
84.56711031227402
 20
158.28426759979942
 30
125.0676440329218
 10
84.56711031227402
 20
158.28426759979942
 30
122.93190586419753
 10
84.79573483632666
 20
158.51289212385203
 30
122.93190586419753
 10
85.14052820206726
 20
158.85768548959265
 30
123.00054655349794
 10
85.39302303605578
 20
159.11018032358115
 30
123.20646862139918
 10
85.54818005063905
 20
159.26533733816444
 30
123.5431080675583
 10
88.12208298615838
 20
162.40492569863298
 30
124.41649519890261
 10
88.12208298615838
 20
162.40492569863298
 30
123.7338391632373
 10
87.10255552622998
 20
161.3853982387046
 30
123.7338391632373
 10
87.10255552622998
 20
161.3853982387046
 30
122.93190586419753
 10
88.22286873922101
 20
162.50571145169562
 30
122.93190586419753
 10
88.22286873922101
 20
162.50571145169562
 30
122.25
 10
86.46442257394389
 20
160.74726528641852
 30
122.25
 10
86.46442257394389
 20
160.74726528641852
 30
125.75030006858711
 10
88.18626759731931
 20
162.46911030979393
 30
125.75030006858711
 10
88.18626759731931
 20
162.46911030979393
 30
125.0676440329218
 10
87.10255552622998
 20
161.3853982387046
 30
125.0676440329218
 10
87.10255552622998
 20
161.3853982387046
 30
124.41649519890261
 10
88.404925698633
 20
162.12208298615838
 30
124.41649519890261
 10
88.404925698633
 20
162.12208298615838
 30
123.7338391632373
 10
87.3853982387046
 20
161.10255552623
 30
123.7338391632373
 10
87.3853982387046
 20
161.10255552623
 30
122.93190586419753
 10
88.50571145169563
 20
162.222868739221
 30
122.93190586419753
 10
88.50571145169563
 20
162.222868739221
 30
122.25
 10
86.74726528641851
 20
160.4644225739439
 30
122.25
 10
86.74726528641851
 20
160.4644225739439
 30
125.75030006858711
 10
88.46911030979393
 20
162.18626759731933
 30
125.75030006858711
 10
88.46911030979393
 20
162.18626759731933
 30
125.0676440329218
 10
87.3853982387046
 20
161.10255552623
 30
125.0676440329218
 10
87.3853982387046
 20
161.10255552623
 30
124.41649519890261
 10
90.18169289512662
 20
164.46453560760122
 30
125.69216177983539
 10
90.47463464317316
 20
164.75747735564778
 30
125.51774691358025
 10
90.6457051977137
 20
164.9285479101883
 30
125.21842849794238
 10
90.70272871589387
 20
164.9855714283685
 30
124.784079218107
 10
90.67302344130698
 20
164.9558661537816
 30
124.46844457304526
 10
90.58390761754634
 20
164.86675033002095
 30
124.21469907407408
 10
90.43551385744489
 20
164.7183565699195
 30
124.02115483539094
 10
90.22691387117183
 20
164.50975658364644
 30
123.88612397119341
 10
90.35103948283844
 20
164.63388219531308
 30
123.81729573902606
 10
90.46137335987544
 20
164.74421607235007
 30
123.69483024691358
 10
90.56587227226144
 20
164.84871498473606
 30
123.50785000857339
 10
90.67143208731126
 20
164.95427479978588
 30
123.24397719478738
 10
91.0178168070476
 20
165.3006595195222
 30
122.25
 10
90.33830865087265
 20
164.62115136334725
 30
122.25
 10
90.03648184301663
 20
164.31932455549125
 30
123.11944873113855
 10
89.94458114976345
 20
164.22742386223808
 30
123.34037422839506
 10
89.85135432818052
 20
164.13419704065512
 30
123.47803069272976
 10
89.74234657947329
 20
164.0251892919479
 30
123.55060978223594
 10
89.60204220218345
 20
163.88488491465807
 30
123.57480281207133
 10
89.42168874933452
 20
163.70453146180913
 30
123.57480281207133
 10
89.42168874933452
 20
163.70453146180913
 30
122.25
 10
88.78355579704844
 20
163.06639850952305
 30
122.25
 10
88.78355579704844
 20
163.06639850952305
 30
125.75030006858711
 10
89.75799489376459
 20
164.04083760623922
 30
125.75030006858711
 10
90.04284725899953
 20
164.32568997147413
 30
124.85572059327846
 10
89.97760174517477
 20
164.26044445764938
 30
124.9926268861454
 10
89.86222858048464
 20
164.14507129295924
 30
125.07026963305898
 10
89.69009712328028
 20
163.97293983575491
 30
125.09615054869684
 10
89.42168874933452
 20
163.70453146180913
 30
125.09615054869684
 10
89.42168874933452
 20
163.70453146180913
 30
124.19819530178326
 10
89.69009712328028
 20
163.97293983575491
 30
124.19819530178326
 10
89.86222858048464
 20
164.14507129295924
 30
124.224451303155
 10
89.97760174517477
 20
164.26044445764938
 30
124.30321930727024
 10
90.04284725899953
 20
164.32568997147413
 30
124.44293874314128
 10
90.06459576360778
 20
164.3474384760824
 30
124.650548696845
 10
90.46453560760123
 20
164.18169289512662
 30
125.69216177983539
 10
90.75747735564778
 20
164.47463464317315
 30
125.51774691358025
 10
90.92854791018831
 20
164.64570519771368
 30
125.21842849794238
 10
90.98557142836849
 20
164.70272871589387
 30
124.784079218107
 10
90.9558661537816
 20
164.67302344130698
 30
124.46844457304526
 10
90.86675033002095
 20
164.58390761754634
 30
124.21469907407408
 10
90.71835656991951
 20
164.4355138574449
 30
124.02115483539094
 10
90.50975658364645
 20
164.22691387117183
 30
123.88612397119341
 10
90.63388219531306
 20
164.35103948283844
 30
123.81729573902606
 10
90.74421607235006
 20
164.46137335987544
 30
123.69483024691358
 10
90.84871498473606
 20
164.56587227226143
 30
123.50785000857339
 10
90.95427479978588
 20
164.67143208731125
 30
123.24397719478738
 10
91.30065951952221
 20
165.0178168070476
 30
122.25
 10
90.62115136334725
 20
164.33830865087265
 30
122.25
 10
90.31932455549125
 20
164.03648184301662
 30
123.11944873113855
 10
90.22742386223807
 20
163.94458114976345
 30
123.34037422839506
 10
90.13419704065514
 20
163.85135432818052
 30
123.47803069272976
 10
90.02518929194791
 20
163.7423465794733
 30
123.55060978223594
 10
89.88488491465807
 20
163.60204220218347
 30
123.57480281207133
 10
89.70453146180914
 20
163.42168874933452
 30
123.57480281207133
 10
89.70453146180914
 20
163.42168874933452
 30
122.25
 10
89.06639850952305
 20
162.78355579704845
 30
122.25
 10
89.06639850952305
 20
162.78355579704845
 30
125.75030006858711
 10
90.04083760623921
 20
163.7579948937646
 30
125.75030006858711
 10
90.32568997147415
 20
164.04284725899953
 30
124.85572059327846
 10
90.26044445764938
 20
163.97760174517478
 30
124.9926268861454
 10
90.14507129295926
 20
163.86222858048464
 30
125.07026963305898
 10
89.97293983575491
 20
163.69009712328028
 30
125.09615054869684
 10
89.70453146180914
 20
163.42168874933452
 30
125.09615054869684
 10
89.70453146180914
 20
163.42168874933452
 30
124.19819530178326
 10
89.97293983575491
 20
163.69009712328028
 30
124.19819530178326
 10
90.14507129295926
 20
163.86222858048464
 30
124.224451303155
 10
90.26044445764938
 20
163.97760174517478
 30
124.30321930727024
 10
90.32568997147415
 20
164.04284725899953
 30
124.44293874314128
 10
90.3474384760824
 20
164.06459576360777
 30
124.650548696845
 10
94.58815210929163
 20
168.87099482176623
 30
123.55811149691358
 10
94.61639864271577
 20
168.89924135519038
 30
123.25372942386831
 10
94.55592719087818
 20
168.83876990335278
 30
122.81169088648834
 10
94.37451283536542
 20
168.65735554784004
 30
122.4983067558299
 10
94.06950331951796
 20
168.35234603199257
 30
122.31207668895748
 10
93.63824638667624
 20
167.92108909915086
 30
122.25
 10
92.57946552818662
 20
166.86230824066124
 30
122.25
 10
92.57946552818662
 20
166.86230824066124
 30
125.75030006858711
 10
93.5374606336136
 20
167.82030334608822
 30
125.75030006858711
 10
93.98197884975303
 20
168.26482156222767
 30
125.69516246570645
 10
94.28433610894096
 20
168.56717882141558
 30
125.52974965706447
 10
94.45779369447507
 20
168.7406364069497
 30
125.24299661351166
 10
94.51561288965311
 20
168.79845560212775
 30
124.82383830589849
 10
94.49439483637678
 20
168.7772375488514
 30
124.58772183641976
 10
94.43074067654774
 20
168.71358338902235
 30
124.3894890260631
 10
94.32730266682556
 20
168.61014537930018
 30
124.23326581790124
 10
94.18567216120596
 20
168.46851487368056
 30
124.12317815500685
 10
94.36774958088358
 20
168.65059229335822
 30
124.00277563443073
 10
94.50341250901923
 20
168.78625522149383
 30
123.81110682441701
 10
93.79897314024456
 20
168.0818158527192
 30
124.48851165980795
 10
93.85745539958748
 20
168.1402981120621
 30
124.60460069444444
 10
93.87694948603513
 20
168.15979219850973
 30
124.76532493141289
 10
93.85745539958748
 20
168.1402981120621
 30
124.92454882544581
 10
93.79897314024456
 20
168.0818158527192
 30
125.0406378600823
 10
93.70309406200207
 20
167.9859367744767
 30
125.11209169238683
 10
93.57034861619194
 20
167.85319132866655
 30
125.13590963648834
 10
93.2175984804727
 20
167.5004411929473
 30
125.13590963648834
 10
93.2175984804727
 20
167.5004411929473
 30
124.39474022633745
 10
93.57034861619194
 20
167.85319132866655
 30
124.39474022633745
 10
93.70309406200207
 20
167.9859367744767
 30
124.41818308470508
 10
93.8811930966904
 20
168.164035809165
 30
122.97916666666667
 10
93.95399754199485
 20
168.23684025446948
 30
123.12319958847736
 10
93.97826569042968
 20
168.26110840290428
 30
123.32574588477367
 10
93.95426276766081
 20
168.23710548013543
 30
123.52510395233196
 10
93.88225399935422
 20
168.16509671182882
 30
123.6670739026063
 10
93.76170893417797
 20
168.0445516466526
 30
123.75259344993141
 10
93.59209712080019
 20
167.87493983327482
 30
123.78109996570645
 10
93.2175984804727
 20
167.5004411929473
 30
123.78109996570645
 10
93.2175984804727
 20
167.5004411929473
 30
122.86439043209876
 10
93.59209712080019
 20
167.87493983327482
 30
122.86439043209876
 10
93.76038280584821
 20
168.04322551832283
 30
122.89308449074075
 10
94.87099482176625
 20
168.58815210929163
 30
123.55811149691358
 10
94.89924135519038
 20
168.61639864271575
 30
123.25372942386831
 10
94.8387699033528
 20
168.55592719087818
 30
122.81169088648834
 10
94.65735554784004
 20
168.3745128353654
 30
122.4983067558299
 10
94.35234603199258
 20
168.06950331951796
 30
122.31207668895748
 10
93.92108909915086
 20
167.63824638667626
 30
122.25
 10
92.86230824066124
 20
166.5794655281866
 30
122.25
 10
92.86230824066124
 20
166.5794655281866
 30
125.75030006858711
 10
93.82030334608822
 20
167.5374606336136
 30
125.75030006858711
 10
94.26482156222765
 20
167.98197884975303
 30
125.69516246570645
 10
94.56717882141558
 20
168.28433610894095
 30
125.52974965706447
 10
94.7406364069497
 20
168.45779369447507
 30
125.24299661351166
 10
94.79845560212775
 20
168.5156128896531
 30
124.82383830589849
 10
94.77723754885139
 20
168.49439483637678
 30
124.58772183641976
 10
94.71358338902236
 20
168.43074067654774
 30
124.3894890260631
 10
94.61014537930018
 20
168.32730266682555
 30
124.23326581790124
 10
94.46851487368056
 20
168.18567216120596
 30
124.12317815500685
 10
94.6505922933582
 20
168.36774958088358
 30
124.00277563443073
 10
94.78625522149383
 20
168.50341250901923
 30
123.81110682441701
 10
94.08181585271917
 20
167.79897314024456
 30
124.48851165980795
 10
94.14029811206211
 20
167.85745539958748
 30
124.60460069444444
 10
94.15979219850975
 20
167.87694948603513
 30
124.76532493141289
 10
94.14029811206211
 20
167.85745539958748
 30
124.92454882544581
 10
94.08181585271917
 20
167.79897314024456
 30
125.0406378600823
 10
93.9859367744767
 20
167.70309406200207
 30
125.11209169238683
 10
93.85319132866655
 20
167.57034861619195
 30
125.13590963648834
 10
93.5004411929473
 20
167.2175984804727
 30
125.13590963648834
 10
93.5004411929473
 20
167.2175984804727
 30
124.39474022633745
 10
93.85319132866655
 20
167.57034861619195
 30
124.39474022633745
 10
93.9859367744767
 20
167.70309406200207
 30
124.41818308470508
 10
94.16403580916501
 20
167.8811930966904
 30
122.97916666666667
 10
94.23684025446948
 20
167.95399754199485
 30
123.12319958847736
 10
94.2611084029043
 20
167.97826569042968
 30
123.32574588477367
 10
94.23710548013543
 20
167.95426276766082
 30
123.52510395233196
 10
94.16509671182882
 20
167.88225399935422
 30
123.6670739026063
 10
94.0445516466526
 20
167.761708934178
 30
123.75259344993141
 10
93.87493983327481
 20
167.5920971208002
 30
123.78109996570645
 10
93.5004411929473
 20
167.2175984804727
 30
123.78109996570645
 10
93.5004411929473
 20
167.2175984804727
 30
122.86439043209876
 10
93.87493983327481
 20
167.5920971208002
 30
122.86439043209876
 10
94.04322551832283
 20
167.7603828058482
 30
122.89308449074075
 10
96.88885214861234
 20
171.17169486108696
 30
125.0676440329218
 10
95.805140077523
 20
170.08798278999762
 30
125.0676440329218
 10
95.805140077523
 20
170.08798278999762
 30
124.41649519890261
 10
96.8246675374514
 20
171.107510249926
 30
124.41649519890261
 10
96.8246675374514
 20
171.107510249926
 30
123.7338391632373
 10
95.805140077523
 20
170.08798278999762
 30
123.7338391632373
 10
95.805140077523
 20
170.08798278999762
 30
122.93190586419753
 10
96.92545329051404
 20
171.20829600298865
 30
122.93190586419753
 10
96.92545329051404
 20
171.20829600298865
 30
122.25
 10
95.16700712523692
 20
169.44984983771155
 30
122.25
 10
95.16700712523692
 20
169.44984983771155
 30
125.75030006858711
 10
96.88885214861234
 20
171.17169486108696
 30
125.75030006858711
 10
97.17169486108696
 20
170.88885214861233
 30
125.0676440329218
 10
96.08798278999762
 20
169.80514007752302
 30
125.0676440329218
 10
96.08798278999762
 20
169.80514007752302
 30
124.41649519890261
 10
97.10751024992601
 20
170.8246675374514
 30
124.41649519890261
 10
97.10751024992601
 20
170.8246675374514
 30
123.7338391632373
 10
96.08798278999762
 20
169.80514007752302
 30
123.7338391632373
 10
96.08798278999762
 20
169.80514007752302
 30
122.93190586419753
 10
97.20829600298866
 20
170.92545329051404
 30
122.93190586419753
 10
97.20829600298866
 20
170.92545329051404
 30
122.25
 10
95.44984983771154
 20
169.16700712523692
 30
122.25
 10
95.44984983771154
 20
169.16700712523692
 30
125.75030006858711
 10
97.17169486108696
 20
170.88885214861233
 30
125.75030006858711
 10
97.8325250680778
 20
172.11536778055242
 30
122.25
 10
97.19067895646836
 20
171.47352166894296
 30
122.25
 10
98.10729885800647
 20
172.3901415704811
 30
125.75030006858711
 10
98.86849651929536
 20
173.15133923176998
 30
125.75030006858711
 10
99.78511642083348
 20
174.0679591333081
 30
122.25
 10
99.14380076055595
 20
173.42664347303057
 30
122.25
 10
98.9878480689748
 20
173.27069078144942
 30
122.88764574759945
 10
97.99006911365467
 20
172.27291182612927
 30
122.88764574759945
 10
98.48869336564877
 20
172.7715360781234
 30
124.92961248285323
 10
98.14920451322726
 20
172.43204722570187
 30
123.53729423868313
 10
98.82712131540649
 20
173.10996402788112
 30
123.53729423868313
 10
98.11536778055242
 20
171.8325250680778
 30
122.25
 10
97.47352166894298
 20
171.19067895646836
 30
122.25
 10
98.39014157048109
 20
172.10729885800646
 30
125.75030006858711
 10
99.15133923176998
 20
172.86849651929538
 30
125.75030006858711
 10
100.0679591333081
 20
173.78511642083348
 30
122.25
 10
99.42664347303057
 20
173.14380076055593
 30
122.25
 10
99.27069078144942
 20
172.9878480689748
 30
122.88764574759945
 10
98.27291182612929
 20
171.99006911365467
 30
122.88764574759945
 10
98.7715360781234
 20
172.48869336564877
 30
124.92961248285323
 10
98.43204722570188
 20
172.14920451322726
 30
123.53729423868313
 10
99.1099640278811
 20
172.8271213154065
 30
123.53729423868313
 10
100.92558678443704
 20
175.20842949691166
 30
125.75030006858711
 10
101.488926098924
 20
175.77176881139863
 30
123.87712191358025
 10
102.05597857273433
 20
176.33882128520895
 30
125.75030006858711
 10
102.86650820789072
 20
177.14935092036535
 30
125.75030006858711
 10
102.86650820789072
 20
177.14935092036535
 30
122.25
 10
102.26338504351061
 20
176.54622775598523
 30
122.25
 10
102.26338504351061
 20
176.54622775598523
 30
124.81033521947874
 10
101.69314986170883
 20
175.97599257418346
 30
122.92290380658436
 10
101.28841549546254
 20
175.57125820793718
 30
122.92290380658436
 10
100.71818031366077
 20
175.00102302613539
 30
124.81033521947874
 10
100.71818031366077
 20
175.00102302613539
 30
122.25
 10
100.11346579528492
 20
174.39630850775953
 30
122.25
 10
100.11346579528492
 20
174.39630850775953
 30
125.75030006858711
 10
101.20842949691166
 20
174.92558678443703
 30
125.75030006858711
 10
101.77176881139863
 20
175.488926098924
 30
123.87712191358025
 10
102.33882128520895
 20
176.05597857273435
 30
125.75030006858711
 10
103.14935092036535
 20
176.86650820789072
 30
125.75030006858711
 10
103.14935092036535
 20
176.86650820789072
 30
122.25
 10
102.54622775598523
 20
176.2633850435106
 30
122.25
 10
102.54622775598523
 20
176.2633850435106
 30
124.81033521947874
 10
101.97599257418345
 20
175.69314986170883
 30
122.92290380658436
 10
101.57125820793716
 20
175.28841549546254
 30
122.92290380658436
 10
101.00102302613539
 20
174.71818031366075
 30
124.81033521947874
 10
101.00102302613539
 20
174.71818031366075
 30
122.25
 10
100.39630850775954
 20
174.11346579528492
 30
122.25
 10
100.39630850775954
 20
174.11346579528492
 30
125.75030006858711
 10
74.23223304703363
 20
148.23223304703365
 30
124.0
 10
74.0468750150281
 20
148.37332369663804
 30
123.81096077506176
 10
75.81464196799448
 20
105.1410906496044
 30
89.81096077506174
 10
75.99999999999999
 20
105.0
 30
90.0
 10
74.26782274100881
 20
148.4172749521524
 30
123.76656292703865
 10
76.03558969397518
 20
105.18504190511877
 30
89.76656292703863
 10
74.46792250693957
 20
148.35283116925558
 30
123.85890935039562
 10
76.23568945990594
 20
105.12059812222194
 30
89.8589093503956
 10
74.5299585837658
 20
148.21774264195787
 30
124.03390476276681
 10
76.29772553673217
 20
104.98550959492422
 30
90.03390476276681
 10
74.41759107903914
 20
148.09114239742925
 30
124.18903922493826
 10
76.18535803200551
 20
104.8589093503956
 30
90.18903922493824
 10
74.19664335305843
 20
148.04719114191488
 30
124.23343707296137
 10
75.9644103060248
 20
104.81495809488123
 30
90.23343707296135
 10
73.99654358712768
 20
148.1116349248117
 30
124.1410906496044
 10
75.76431054009404
 20
104.87940187777806
 30
90.14109064960438
 10
73.93450751030144
 20
148.24672345210942
 30
123.96609523723319
 10
75.70227446326781
 20
105.01449040507578
 30
89.96609523723319
 10
75.36912266545704
 20
106.02078097002244
 30
90.0
 10
76.63087733454296
 20
106.02078097002244
 30
90.0
 10
75.36912266545704
 20
103.97921902997756
 30
90.0
 10
76.63087733454296
 20
103.97921902997756
 30
90.0
 10
76.0
 20
104.36912266545704
 30
91.02078097002244
 10
76.0
 20
105.63087733454296
 30
91.02078097002244
 10
76.0
 20
104.36912266545704
 30
88.97921902997756
 10
76.0
 20
105.63087733454296
 30
88.97921902997756
 10
77.02078097002244
 20
105.0
 30
89.36912266545704
 10
77.02078097002244
 20
105.0
 30
90.63087733454296
 10
74.97921902997756
 20
105.0
 30
89.36912266545704
 10
74.97921902997756
 20
105.0
 30
90.63087733454296
 10
76.0
 20
106.2
 30
90.0
 10
76.0
 20
103.8
 30
90.0
 10
75.62917960675006
 20
104.02917960675006
 30
90.6
 10
76.37082039324994
 20
104.02917960675006
 30
90.6
 10
75.62917960675006
 20
105.97082039324994
 30
90.6
 10
76.37082039324994
 20
105.97082039324994
 30
90.6
 10
76.0
 20
105.0
 30
91.2
 10
75.62917960675006
 20
104.02917960675006
 30
89.4
 10
76.37082039324994
 20
104.02917960675006
 30
89.4
 10
75.62917960675006
 20
105.97082039324994
 30
89.4
 10
76.37082039324994
 20
105.97082039324994
 30
89.4
 10
76.0
 20
105.0
 30
88.8
 10
76.97082039324994
 20
105.6
 30
89.62917960675006
 10
76.97082039324994
 20
104.4
 30
89.62917960675006
 10
76.6
 20
104.62917960675006
 30
89.02917960675006
 10
76.6
 20
105.37082039324994
 30
89.02917960675006
 10
76.97082039324994
 20
105.6
 30
90.37082039324994
 10
76.97082039324994
 20
104.4
 30
90.37082039324994
 10
76.6
 20
104.62917960675006
 30
90.97082039324994
 10
76.6
 20
105.37082039324994
 30
90.97082039324994
 10
77.2
 20
105.0
 30
90.0
 10
75.02917960675006
 20
105.6
 30
89.62917960675006
 10
75.02917960675006
 20
104.4
 30
89.62917960675006
 10
75.4
 20
104.62917960675006
 30
89.02917960675006
 10
75.4
 20
105.37082039324994
 30
89.02917960675006
 10
75.02917960675006
 20
105.6
 30
90.37082039324994
 10
75.02917960675006
 20
104.4
 30
90.37082039324994
 10
75.4
 20
104.62917960675006
 30
90.97082039324994
 10
75.4
 20
105.37082039324994
 30
90.97082039324994
 10
74.8
 20
105.0
 30
90.0
 93
3408
 90
3
 90
10
 90
11
 90
0
 90
3
 90
8
 90
9
 90
10
 90
3
 90
5
 90
6
 90
7
 90
3
 90
4
 90
5
 90
7
 90
3
 90
2
 90
3
 90
4
 90
3
 90
10
 90
0
 90
1
 90
3
 90
8
 90
10
 90
1
 90
3
 90
7
 90
8
 90
1
 90
3
 90
2
 90
4
 90
7
 90
3
 90
1
 90
2
 90
7
 90
3
 90
12
 90
23
 90
22
 90
3
 90
22
 90
21
 90
20
 90
3
 90
19
 90
18
 90
17
 90
3
 90
19
 90
17
 90
16
 90
3
 90
16
 90
15
 90
14
 90
3
 90
13
 90
12
 90
22
 90
3
 90
13
 90
22
 90
20
 90
3
 90
13
 90
20
 90
19
 90
3
 90
19
 90
16
 90
14
 90
3
 90
19
 90
14
 90
13
 90
3
 90
12
 90
13
 90
0
 90
3
 90
0
 90
13
 90
1
 90
3
 90
13
 90
14
 90
1
 90
3
 90
1
 90
14
 90
2
 90
3
 90
14
 90
15
 90
2
 90
3
 90
2
 90
15
 90
3
 90
3
 90
15
 90
16
 90
3
 90
3
 90
3
 90
16
 90
4
 90
3
 90
16
 90
17
 90
4
 90
3
 90
4
 90
17
 90
5
 90
3
 90
17
 90
18
 90
5
 90
3
 90
5
 90
18
 90
6
 90
3
 90
18
 90
19
 90
6
 90
3
 90
6
 90
19
 90
7
 90
3
 90
19
 90
20
 90
7
 90
3
 90
7
 90
20
 90
8
 90
3
 90
20
 90
21
 90
8
 90
3
 90
8
 90
21
 90
9
 90
3
 90
21
 90
22
 90
9
 90
3
 90
9
 90
22
 90
10
 90
3
 90
23
 90
12
 90
11
 90
3
 90
11
 90
12
 90
0
 90
3
 90
22
 90
23
 90
10
 90
3
 90
10
 90
23
 90
11
 90
3
 90
34
 90
35
 90
24
 90
3
 90
33
 90
34
 90
24
 90
3
 90
30
 90
31
 90
32
 90
3
 90
29
 90
30
 90
32
 90
3
 90
28
 90
29
 90
32
 90
3
 90
26
 90
27
 90
28
 90
3
 90
25
 90
26
 90
28
 90
3
 90
24
 90
25
 90
28
 90
3
 90
33
 90
24
 90
28
 90
3
 90
32
 90
33
 90
28
 90
3
 90
36
 90
47
 90
46
 90
3
 90
36
 90
46
 90
45
 90
3
 90
44
 90
43
 90
42
 90
3
 90
44
 90
42
 90
41
 90
3
 90
44
 90
41
 90
40
 90
3
 90
40
 90
39
 90
38
 90
3
 90
40
 90
38
 90
37
 90
3
 90
40
 90
37
 90
36
 90
3
 90
40
 90
36
 90
45
 90
3
 90
40
 90
45
 90
44
 90
3
 90
36
 90
37
 90
24
 90
3
 90
24
 90
37
 90
25
 90
3
 90
37
 90
38
 90
25
 90
3
 90
25
 90
38
 90
26
 90
3
 90
38
 90
39
 90
26
 90
3
 90
26
 90
39
 90
27
 90
3
 90
39
 90
40
 90
27
 90
3
 90
27
 90
40
 90
28
 90
3
 90
40
 90
41
 90
28
 90
3
 90
28
 90
41
 90
29
 90
3
 90
41
 90
42
 90
29
 90
3
 90
29
 90
42
 90
30
 90
3
 90
42
 90
43
 90
30
 90
3
 90
30
 90
43
 90
31
 90
3
 90
43
 90
44
 90
31
 90
3
 90
31
 90
44
 90
32
 90
3
 90
44
 90
45
 90
32
 90
3
 90
32
 90
45
 90
33
 90
3
 90
45
 90
46
 90
33
 90
3
 90
33
 90
46
 90
34
 90
3
 90
47
 90
36
 90
35
 90
3
 90
35
 90
36
 90
24
 90
3
 90
46
 90
47
 90
34
 90
3
 90
34
 90
47
 90
35
 90
3
 90
57
 90
58
 90
52
 90
3
 90
51
 90
52
 90
58
 90
3
 90
50
 90
51
 90
58
 90
3
 90
49
 90
50
 90
58
 90
3
 90
55
 90
48
 90
49
 90
3
 90
54
 90
55
 90
49
 90
3
 90
52
 90
53
 90
54
 90
3
 90
57
 90
52
 90
54
 90
3
 90
56
 90
57
 90
54
 90
3
 90
49
 90
58
 90
56
 90
3
 90
54
 90
49
 90
56
 90
3
 90
63
 90
69
 90
68
 90
3
 90
69
 90
63
 90
62
 90
3
 90
69
 90
62
 90
61
 90
3
 90
69
 90
61
 90
60
 90
3
 90
60
 90
59
 90
66
 90
3
 90
60
 90
66
 90
65
 90
3
 90
65
 90
64
 90
63
 90
3
 90
65
 90
63
 90
68
 90
3
 90
65
 90
68
 90
67
 90
3
 90
67
 90
69
 90
60
 90
3
 90
67
 90
60
 90
65
 90
3
 90
59
 90
60
 90
48
 90
3
 90
48
 90
60
 90
49
 90
3
 90
60
 90
61
 90
49
 90
3
 90
49
 90
61
 90
50
 90
3
 90
61
 90
62
 90
50
 90
3
 90
50
 90
62
 90
51
 90
3
 90
62
 90
63
 90
51
 90
3
 90
51
 90
63
 90
52
 90
3
 90
63
 90
64
 90
52
 90
3
 90
52
 90
64
 90
53
 90
3
 90
64
 90
65
 90
53
 90
3
 90
53
 90
65
 90
54
 90
3
 90
66
 90
59
 90
55
 90
3
 90
55
 90
59
 90
48
 90
3
 90
65
 90
66
 90
54
 90
3
 90
54
 90
66
 90
55
 90
3
 90
67
 90
68
 90
56
 90
3
 90
56
 90
68
 90
57
 90
3
 90
69
 90
67
 90
58
 90
3
 90
58
 90
67
 90
56
 90
3
 90
68
 90
69
 90
57
 90
3
 90
57
 90
69
 90
58
 90
3
 90
94
 90
95
 90
82
 90
3
 90
82
 90
95
 90
96
 90
3
 90
81
 90
82
 90
96
 90
3
 90
80
 90
81
 90
96
 90
3
 90
79
 90
80
 90
96
 90
3
 90
78
 90
79
 90
96
 90
3
 90
77
 90
78
 90
96
 90
3
 90
76
 90
77
 90
96
 90
3
 90
74
 90
75
 90
76
 90
3
 90
73
 90
74
 90
76
 90
3
 90
72
 90
73
 90
76
 90
3
 90
71
 90
72
 90
76
 90
3
 90
70
 90
71
 90
76
 90
3
 90
88
 90
70
 90
76
 90
3
 90
87
 90
88
 90
76
 90
3
 90
86
 90
87
 90
76
 90
3
 90
84
 90
85
 90
86
 90
3
 90
83
 90
84
 90
86
 90
3
 90
94
 90
82
 90
83
 90
3
 90
93
 90
94
 90
83
 90
3
 90
92
 90
93
 90
83
 90
3
 90
76
 90
96
 90
97
 90
3
 90
92
 90
83
 90
86
 90
3
 90
91
 90
92
 90
86
 90
3
 90
90
 90
91
 90
86
 90
3
 90
89
 90
90
 90
86
 90
3
 90
76
 90
97
 90
98
 90
3
 90
89
 90
86
 90
76
 90
3
 90
99
 90
89
 90
76
 90
3
 90
98
 90
99
 90
76
 90
3
 90
112
 90
125
 90
124
 90
3
 90
126
 90
125
 90
112
 90
3
 90
126
 90
112
 90
111
 90
3
 90
126
 90
111
 90
110
 90
3
 90
126
 90
110
 90
109
 90
3
 90
126
 90
109
 90
108
 90
3
 90
126
 90
108
 90
107
 90
3
 90
126
 90
107
 90
106
 90
3
 90
106
 90
105
 90
104
 90
3
 90
106
 90
104
 90
103
 90
3
 90
106
 90
103
 90
102
 90
3
 90
106
 90
102
 90
101
 90
3
 90
106
 90
101
 90
100
 90
3
 90
106
 90
100
 90
118
 90
3
 90
106
 90
118
 90
117
 90
3
 90
106
 90
117
 90
116
 90
3
 90
116
 90
115
 90
114
 90
3
 90
116
 90
114
 90
113
 90
3
 90
113
 90
112
 90
124
 90
3
 90
113
 90
124
 90
123
 90
3
 90
113
 90
123
 90
122
 90
3
 90
127
 90
126
 90
106
 90
3
 90
116
 90
113
 90
122
 90
3
 90
116
 90
122
 90
121
 90
3
 90
116
 90
121
 90
120
 90
3
 90
116
 90
120
 90
119
 90
3
 90
128
 90
127
 90
106
 90
3
 90
106
 90
116
 90
119
 90
3
 90
106
 90
119
 90
129
 90
3
 90
106
 90
129
 90
128
 90
3
 90
100
 90
101
 90
70
 90
3
 90
70
 90
101
 90
71
 90
3
 90
101
 90
102
 90
71
 90
3
 90
71
 90
102
 90
72
 90
3
 90
102
 90
103
 90
72
 90
3
 90
72
 90
103
 90
73
 90
3
 90
103
 90
104
 90
73
 90
3
 90
73
 90
104
 90
74
 90
3
 90
104
 90
105
 90
74
 90
3
 90
74
 90
105
 90
75
 90
3
 90
105
 90
106
 90
75
 90
3
 90
75
 90
106
 90
76
 90
3
 90
106
 90
107
 90
76
 90
3
 90
76
 90
107
 90
77
 90
3
 90
107
 90
108
 90
77
 90
3
 90
77
 90
108
 90
78
 90
3
 90
108
 90
109
 90
78
 90
3
 90
78
 90
109
 90
79
 90
3
 90
109
 90
110
 90
79
 90
3
 90
79
 90
110
 90
80
 90
3
 90
110
 90
111
 90
80
 90
3
 90
80
 90
111
 90
81
 90
3
 90
111
 90
112
 90
81
 90
3
 90
81
 90
112
 90
82
 90
3
 90
112
 90
113
 90
82
 90
3
 90
82
 90
113
 90
83
 90
3
 90
113
 90
114
 90
83
 90
3
 90
83
 90
114
 90
84
 90
3
 90
114
 90
115
 90
84
 90
3
 90
84
 90
115
 90
85
 90
3
 90
115
 90
116
 90
85
 90
3
 90
85
 90
116
 90
86
 90
3
 90
116
 90
117
 90
86
 90
3
 90
86
 90
117
 90
87
 90
3
 90
118
 90
100
 90
88
 90
3
 90
88
 90
100
 90
70
 90
3
 90
117
 90
118
 90
87
 90
3
 90
87
 90
118
 90
88
 90
3
 90
119
 90
120
 90
89
 90
3
 90
89
 90
120
 90
90
 90
3
 90
120
 90
121
 90
90
 90
3
 90
90
 90
121
 90
91
 90
3
 90
121
 90
122
 90
91
 90
3
 90
91
 90
122
 90
92
 90
3
 90
122
 90
123
 90
92
 90
3
 90
92
 90
123
 90
93
 90
3
 90
123
 90
124
 90
93
 90
3
 90
93
 90
124
 90
94
 90
3
 90
124
 90
125
 90
94
 90
3
 90
94
 90
125
 90
95
 90
3
 90
125
 90
126
 90
95
 90
3
 90
95
 90
126
 90
96
 90
3
 90
126
 90
127
 90
96
 90
3
 90
96
 90
127
 90
97
 90
3
 90
127
 90
128
 90
97
 90
3
 90
97
 90
128
 90
98
 90
3
 90
129
 90
119
 90
99
 90
3
 90
99
 90
119
 90
89
 90
3
 90
128
 90
129
 90
98
 90
3
 90
98
 90
129
 90
99
 90
3
 90
138
 90
139
 90
140
 90
3
 90
137
 90
138
 90
140
 90
3
 90
136
 90
137
 90
140
 90
3
 90
134
 90
135
 90
136
 90
3
 90
133
 90
134
 90
136
 90
3
 90
132
 90
133
 90
136
 90
3
 90
130
 90
131
 90
132
 90
3
 90
141
 90
130
 90
132
 90
3
 90
136
 90
140
 90
141
 90
3
 90
132
 90
136
 90
141
 90
3
 90
152
 90
151
 90
150
 90
3
 90
152
 90
150
 90
149
 90
3
 90
152
 90
149
 90
148
 90
3
 90
148
 90
147
 90
146
 90
3
 90
148
 90
146
 90
145
 90
3
 90
148
 90
145
 90
144
 90
3
 90
144
 90
143
 90
142
 90
3
 90
144
 90
142
 90
153
 90
3
 90
153
 90
152
 90
148
 90
3
 90
153
 90
148
 90
144
 90
3
 90
142
 90
143
 90
130
 90
3
 90
130
 90
143
 90
131
 90
3
 90
143
 90
144
 90
131
 90
3
 90
131
 90
144
 90
132
 90
3
 90
144
 90
145
 90
132
 90
3
 90
132
 90
145
 90
133
 90
3
 90
145
 90
146
 90
133
 90
3
 90
133
 90
146
 90
134
 90
3
 90
146
 90
147
 90
134
 90
3
 90
134
 90
147
 90
135
 90
3
 90
147
 90
148
 90
135
 90
3
 90
135
 90
148
 90
136
 90
3
 90
148
 90
149
 90
136
 90
3
 90
136
 90
149
 90
137
 90
3
 90
149
 90
150
 90
137
 90
3
 90
137
 90
150
 90
138
 90
3
 90
150
 90
151
 90
138
 90
3
 90
138
 90
151
 90
139
 90
3
 90
151
 90
152
 90
139
 90
3
 90
139
 90
152
 90
140
 90
3
 90
153
 90
142
 90
141
 90
3
 90
141
 90
142
 90
130
 90
3
 90
152
 90
153
 90
140
 90
3
 90
140
 90
153
 90
141
 90
3
 90
182
 90
183
 90
175
 90
3
 90
175
 90
183
 90
184
 90
3
 90
173
 90
174
 90
175
 90
3
 90
166
 90
167
 90
168
 90
3
 90
165
 90
166
 90
168
 90
3
 90
164
 90
165
 90
168
 90
3
 90
163
 90
164
 90
168
 90
3
 90
162
 90
163
 90
168
 90
3
 90
161
 90
162
 90
168
 90
3
 90
159
 90
160
 90
161
 90
3
 90
158
 90
159
 90
161
 90
3
 90
157
 90
158
 90
161
 90
3
 90
156
 90
157
 90
161
 90
3
 90
155
 90
156
 90
161
 90
3
 90
154
 90
155
 90
161
 90
3
 90
176
 90
177
 90
154
 90
3
 90
182
 90
175
 90
176
 90
3
 90
181
 90
182
 90
176
 90
3
 90
180
 90
181
 90
176
 90
3
 90
173
 90
175
 90
184
 90
3
 90
172
 90
173
 90
184
 90
3
 90
171
 90
172
 90
184
 90
3
 90
170
 90
171
 90
184
 90
3
 90
169
 90
170
 90
184
 90
3
 90
168
 90
169
 90
184
 90
3
 90
161
 90
168
 90
184
 90
3
 90
180
 90
176
 90
154
 90
3
 90
179
 90
180
 90
154
 90
3
 90
178
 90
179
 90
154
 90
3
 90
188
 90
178
 90
154
 90
3
 90
187
 90
188
 90
154
 90
3
 90
161
 90
184
 90
185
 90
3
 90
187
 90
154
 90
161
 90
3
 90
186
 90
187
 90
161
 90
3
 90
185
 90
186
 90
161
 90
3
 90
210
 90
218
 90
217
 90
3
 90
219
 90
218
 90
210
 90
3
 90
210
 90
209
 90
208
 90
3
 90
203
 90
202
 90
201
 90
3
 90
203
 90
201
 90
200
 90
3
 90
203
 90
200
 90
199
 90
3
 90
203
 90
199
 90
198
 90
3
 90
203
 90
198
 90
197
 90
3
 90
203
 90
197
 90
196
 90
3
 90
196
 90
195
 90
194
 90
3
 90
196
 90
194
 90
193
 90
3
 90
196
 90
193
 90
192
 90
3
 90
196
 90
192
 90
191
 90
3
 90
196
 90
191
 90
190
 90
3
 90
196
 90
190
 90
189
 90
3
 90
189
 90
212
 90
211
 90
3
 90
211
 90
210
 90
217
 90
3
 90
211
 90
217
 90
216
 90
3
 90
211
 90
216
 90
215
 90
3
 90
219
 90
210
 90
208
 90
3
 90
219
 90
208
 90
207
 90
3
 90
219
 90
207
 90
206
 90
3
 90
219
 90
206
 90
205
 90
3
 90
219
 90
205
 90
204
 90
3
 90
219
 90
204
 90
203
 90
3
 90
219
 90
203
 90
196
 90
3
 90
189
 90
211
 90
215
 90
3
 90
189
 90
215
 90
214
 90
3
 90
189
 90
214
 90
213
 90
3
 90
189
 90
213
 90
223
 90
3
 90
189
 90
223
 90
222
 90
3
 90
220
 90
219
 90
196
 90
3
 90
196
 90
189
 90
222
 90
3
 90
196
 90
222
 90
221
 90
3
 90
196
 90
221
 90
220
 90
3
 90
189
 90
190
 90
154
 90
3
 90
154
 90
190
 90
155
 90
3
 90
190
 90
191
 90
155
 90
3
 90
155
 90
191
 90
156
 90
3
 90
191
 90
192
 90
156
 90
3
 90
156
 90
192
 90
157
 90
3
 90
192
 90
193
 90
157
 90
3
 90
157
 90
193
 90
158
 90
3
 90
193
 90
194
 90
158
 90
3
 90
158
 90
194
 90
159
 90
3
 90
194
 90
195
 90
159
 90
3
 90
159
 90
195
 90
160
 90
3
 90
195
 90
196
 90
160
 90
3
 90
160
 90
196
 90
161
 90
3
 90
196
 90
197
 90
161
 90
3
 90
161
 90
197
 90
162
 90
3
 90
197
 90
198
 90
162
 90
3
 90
162
 90
198
 90
163
 90
3
 90
198
 90
199
 90
163
 90
3
 90
163
 90
199
 90
164
 90
3
 90
199
 90
200
 90
164
 90
3
 90
164
 90
200
 90
165
 90
3
 90
200
 90
201
 90
165
 90
3
 90
165
 90
201
 90
166
 90
3
 90
201
 90
202
 90
166
 90
3
 90
166
 90
202
 90
167
 90
3
 90
202
 90
203
 90
167
 90
3
 90
167
 90
203
 90
168
 90
3
 90
203
 90
204
 90
168
 90
3
 90
168
 90
204
 90
169
 90
3
 90
204
 90
205
 90
169
 90
3
 90
169
 90
205
 90
170
 90
3
 90
205
 90
206
 90
170
 90
3
 90
170
 90
206
 90
171
 90
3
 90
206
 90
207
 90
171
 90
3
 90
171
 90
207
 90
172
 90
3
 90
207
 90
208
 90
172
 90
3
 90
172
 90
208
 90
173
 90
3
 90
208
 90
209
 90
173
 90
3
 90
173
 90
209
 90
174
 90
3
 90
209
 90
210
 90
174
 90
3
 90
174
 90
210
 90
175
 90
3
 90
210
 90
211
 90
175
 90
3
 90
175
 90
211
 90
176
 90
3
 90
212
 90
189
 90
177
 90
3
 90
177
 90
189
 90
154
 90
3
 90
211
 90
212
 90
176
 90
3
 90
176
 90
212
 90
177
 90
3
 90
213
 90
214
 90
178
 90
3
 90
178
 90
214
 90
179
 90
3
 90
214
 90
215
 90
179
 90
3
 90
179
 90
215
 90
180
 90
3
 90
215
 90
216
 90
180
 90
3
 90
180
 90
216
 90
181
 90
3
 90
216
 90
217
 90
181
 90
3
 90
181
 90
217
 90
182
 90
3
 90
217
 90
218
 90
182
 90
3
 90
182
 90
218
 90
183
 90
3
 90
218
 90
219
 90
183
 90
3
 90
183
 90
219
 90
184
 90
3
 90
219
 90
220
 90
184
 90
3
 90
184
 90
220
 90
185
 90
3
 90
220
 90
221
 90
185
 90
3
 90
185
 90
221
 90
186
 90
3
 90
221
 90
222
 90
186
 90
3
 90
186
 90
222
 90
187
 90
3
 90
223
 90
213
 90
188
 90
3
 90
188
 90
213
 90
178
 90
3
 90
222
 90
223
 90
187
 90
3
 90
187
 90
223
 90
188
 90
3
 90
250
 90
251
 90
230
 90
3
 90
261
 90
262
 90
230
 90
3
 90
230
 90
262
 90
263
 90
3
 90
229
 90
230
 90
263
 90
3
 90
228
 90
229
 90
263
 90
3
 90
227
 90
228
 90
263
 90
3
 90
226
 90
227
 90
263
 90
3
 90
224
 90
225
 90
226
 90
3
 90
242
 90
224
 90
226
 90
3
 90
241
 90
242
 90
226
 90
3
 90
240
 90
241
 90
226
 90
3
 90
238
 90
239
 90
240
 90
3
 90
237
 90
238
 90
240
 90
3
 90
236
 90
237
 90
240
 90
3
 90
235
 90
236
 90
240
 90
3
 90
234
 90
235
 90
240
 90
3
 90
233
 90
234
 90
240
 90
3
 90
232
 90
233
 90
240
 90
3
 90
250
 90
230
 90
231
 90
3
 90
249
 90
250
 90
231
 90
3
 90
248
 90
249
 90
231
 90
3
 90
261
 90
230
 90
251
 90
3
 90
260
 90
261
 90
251
 90
3
 90
259
 90
260
 90
251
 90
3
 90
258
 90
259
 90
251
 90
3
 90
226
 90
263
 90
264
 90
3
 90
248
 90
231
 90
232
 90
3
 90
247
 90
248
 90
232
 90
3
 90
246
 90
247
 90
232
 90
3
 90
258
 90
251
 90
252
 90
3
 90
257
 90
258
 90
252
 90
3
 90
226
 90
264
 90
254
 90
3
 90
246
 90
232
 90
240
 90
3
 90
245
 90
246
 90
240
 90
3
 90
244
 90
245
 90
240
 90
3
 90
243
 90
244
 90
240
 90
3
 90
253
 90
243
 90
240
 90
3
 90
252
 90
253
 90
240
 90
3
 90
257
 90
252
 90
240
 90
3
 90
256
 90
257
 90
240
 90
3
 90
255
 90
256
 90
240
 90
3
 90
226
 90
254
 90
255
 90
3
 90
240
 90
226
 90
255
 90
3
 90
271
 90
292
 90
291
 90
3
 90
271
 90
303
 90
302
 90
3
 90
304
 90
303
 90
271
 90
3
 90
304
 90
271
 90
270
 90
3
 90
304
 90
270
 90
269
 90
3
 90
304
 90
269
 90
268
 90
3
 90
304
 90
268
 90
267
 90
3
 90
267
 90
266
 90
265
 90
3
 90
267
 90
265
 90
283
 90
3
 90
267
 90
283
 90
282
 90
3
 90
267
 90
282
 90
281
 90
3
 90
281
 90
280
 90
279
 90
3
 90
281
 90
279
 90
278
 90
3
 90
281
 90
278
 90
277
 90
3
 90
281
 90
277
 90
276
 90
3
 90
281
 90
276
 90
275
 90
3
 90
281
 90
275
 90
274
 90
3
 90
281
 90
274
 90
273
 90
3
 90
272
 90
271
 90
291
 90
3
 90
272
 90
291
 90
290
 90
3
 90
272
 90
290
 90
289
 90
3
 90
292
 90
271
 90
302
 90
3
 90
292
 90
302
 90
301
 90
3
 90
292
 90
301
 90
300
 90
3
 90
292
 90
300
 90
299
 90
3
 90
305
 90
304
 90
267
 90
3
 90
273
 90
272
 90
289
 90
3
 90
273
 90
289
 90
288
 90
3
 90
273
 90
288
 90
287
 90
3
 90
293
 90
292
 90
299
 90
3
 90
293
 90
299
 90
298
 90
3
 90
295
 90
305
 90
267
 90
3
 90
281
 90
273
 90
287
 90
3
 90
281
 90
287
 90
286
 90
3
 90
281
 90
286
 90
285
 90
3
 90
281
 90
285
 90
284
 90
3
 90
281
 90
284
 90
294
 90
3
 90
281
 90
294
 90
293
 90
3
 90
281
 90
293
 90
298
 90
3
 90
281
 90
298
 90
297
 90
3
 90
281
 90
297
 90
296
 90
3
 90
296
 90
295
 90
267
 90
3
 90
296
 90
267
 90
281
 90
3
 90
265
 90
266
 90
224
 90
3
 90
224
 90
266
 90
225
 90
3
 90
266
 90
267
 90
225
 90
3
 90
225
 90
267
 90
226
 90
3
 90
267
 90
268
 90
226
 90
3
 90
226
 90
268
 90
227
 90
3
 90
268
 90
269
 90
227
 90
3
 90
227
 90
269
 90
228
 90
3
 90
269
 90
270
 90
228
 90
3
 90
228
 90
270
 90
229
 90
3
 90
270
 90
271
 90
229
 90
3
 90
229
 90
271
 90
230
 90
3
 90
271
 90
272
 90
230
 90
3
 90
230
 90
272
 90
231
 90
3
 90
272
 90
273
 90
231
 90
3
 90
231
 90
273
 90
232
 90
3
 90
273
 90
274
 90
232
 90
3
 90
232
 90
274
 90
233
 90
3
 90
274
 90
275
 90
233
 90
3
 90
233
 90
275
 90
234
 90
3
 90
275
 90
276
 90
234
 90
3
 90
234
 90
276
 90
235
 90
3
 90
276
 90
277
 90
235
 90
3
 90
235
 90
277
 90
236
 90
3
 90
277
 90
278
 90
236
 90
3
 90
236
 90
278
 90
237
 90
3
 90
278
 90
279
 90
237
 90
3
 90
237
 90
279
 90
238
 90
3
 90
279
 90
280
 90
238
 90
3
 90
238
 90
280
 90
239
 90
3
 90
280
 90
281
 90
239
 90
3
 90
239
 90
281
 90
240
 90
3
 90
281
 90
282
 90
240
 90
3
 90
240
 90
282
 90
241
 90
3
 90
283
 90
265
 90
242
 90
3
 90
242
 90
265
 90
224
 90
3
 90
282
 90
283
 90
241
 90
3
 90
241
 90
283
 90
242
 90
3
 90
284
 90
285
 90
243
 90
3
 90
243
 90
285
 90
244
 90
3
 90
285
 90
286
 90
244
 90
3
 90
244
 90
286
 90
245
 90
3
 90
286
 90
287
 90
245
 90
3
 90
245
 90
287
 90
246
 90
3
 90
287
 90
288
 90
246
 90
3
 90
246
 90
288
 90
247
 90
3
 90
288
 90
289
 90
247
 90
3
 90
247
 90
289
 90
248
 90
3
 90
289
 90
290
 90
248
 90
3
 90
248
 90
290
 90
249
 90
3
 90
290
 90
291
 90
249
 90
3
 90
249
 90
291
 90
250
 90
3
 90
291
 90
292
 90
250
 90
3
 90
250
 90
292
 90
251
 90
3
 90
292
 90
293
 90
251
 90
3
 90
251
 90
293
 90
252
 90
3
 90
294
 90
284
 90
253
 90
3
 90
253
 90
284
 90
243
 90
3
 90
293
 90
294
 90
252
 90
3
 90
252
 90
294
 90
253
 90
3
 90
295
 90
296
 90
254
 90
3
 90
254
 90
296
 90
255
 90
3
 90
296
 90
297
 90
255
 90
3
 90
255
 90
297
 90
256
 90
3
 90
297
 90
298
 90
256
 90
3
 90
256
 90
298
 90
257
 90
3
 90
298
 90
299
 90
257
 90
3
 90
257
 90
299
 90
258
 90
3
 90
299
 90
300
 90
258
 90
3
 90
258
 90
300
 90
259
 90
3
 90
300
 90
301
 90
259
 90
3
 90
259
 90
301
 90
260
 90
3
 90
301
 90
302
 90
260
 90
3
 90
260
 90
302
 90
261
 90
3
 90
302
 90
303
 90
261
 90
3
 90
261
 90
303
 90
262
 90
3
 90
303
 90
304
 90
262
 90
3
 90
262
 90
304
 90
263
 90
3
 90
305
 90
295
 90
264
 90
3
 90
264
 90
295
 90
254
 90
3
 90
304
 90
305
 90
263
 90
3
 90
263
 90
305
 90
264
 90
3
 90
316
 90
317
 90
306
 90
3
 90
313
 90
314
 90
315
 90
3
 90
312
 90
313
 90
315
 90
3
 90
311
 90
312
 90
315
 90
3
 90
309
 90
310
 90
311
 90
3
 90
308
 90
309
 90
311
 90
3
 90
316
 90
306
 90
307
 90
3
 90
315
 90
316
 90
307
 90
3
 90
308
 90
311
 90
315
 90
3
 90
307
 90
308
 90
315
 90
3
 90
318
 90
329
 90
328
 90
3
 90
327
 90
326
 90
325
 90
3
 90
327
 90
325
 90
324
 90
3
 90
327
 90
324
 90
323
 90
3
 90
323
 90
322
 90
321
 90
3
 90
323
 90
321
 90
320
 90
3
 90
319
 90
318
 90
328
 90
3
 90
319
 90
328
 90
327
 90
3
 90
327
 90
323
 90
320
 90
3
 90
327
 90
320
 90
319
 90
3
 90
318
 90
319
 90
306
 90
3
 90
306
 90
319
 90
307
 90
3
 90
319
 90
320
 90
307
 90
3
 90
307
 90
320
 90
308
 90
3
 90
320
 90
321
 90
308
 90
3
 90
308
 90
321
 90
309
 90
3
 90
321
 90
322
 90
309
 90
3
 90
309
 90
322
 90
310
 90
3
 90
322
 90
323
 90
310
 90
3
 90
310
 90
323
 90
311
 90
3
 90
323
 90
324
 90
311
 90
3
 90
311
 90
324
 90
312
 90
3
 90
324
 90
325
 90
312
 90
3
 90
312
 90
325
 90
313
 90
3
 90
325
 90
326
 90
313
 90
3
 90
313
 90
326
 90
314
 90
3
 90
326
 90
327
 90
314
 90
3
 90
314
 90
327
 90
315
 90
3
 90
327
 90
328
 90
315
 90
3
 90
315
 90
328
 90
316
 90
3
 90
329
 90
318
 90
317
 90
3
 90
317
 90
318
 90
306
 90
3
 90
328
 90
329
 90
316
 90
3
 90
316
 90
329
 90
317
 90
3
 90
338
 90
339
 90
331
 90
3
 90
330
 90
331
 90
339
 90
3
 90
337
 90
330
 90
339
 90
3
 90
336
 90
337
 90
339
 90
3
 90
334
 90
335
 90
336
 90
3
 90
333
 90
334
 90
336
 90
3
 90
331
 90
332
 90
333
 90
3
 90
338
 90
331
 90
333
 90
3
 90
340
 90
338
 90
333
 90
3
 90
336
 90
339
 90
340
 90
3
 90
333
 90
336
 90
340
 90
3
 90
342
 90
350
 90
349
 90
3
 90
350
 90
342
 90
341
 90
3
 90
350
 90
341
 90
348
 90
3
 90
350
 90
348
 90
347
 90
3
 90
347
 90
346
 90
345
 90
3
 90
347
 90
345
 90
344
 90
3
 90
344
 90
343
 90
342
 90
3
 90
344
 90
342
 90
349
 90
3
 90
344
 90
349
 90
351
 90
3
 90
351
 90
350
 90
347
 90
3
 90
351
 90
347
 90
344
 90
3
 90
341
 90
342
 90
330
 90
3
 90
330
 90
342
 90
331
 90
3
 90
342
 90
343
 90
331
 90
3
 90
331
 90
343
 90
332
 90
3
 90
343
 90
344
 90
332
 90
3
 90
332
 90
344
 90
333
 90
3
 90
344
 90
345
 90
333
 90
3
 90
333
 90
345
 90
334
 90
3
 90
345
 90
346
 90
334
 90
3
 90
334
 90
346
 90
335
 90
3
 90
346
 90
347
 90
335
 90
3
 90
335
 90
347
 90
336
 90
3
 90
348
 90
341
 90
337
 90
3
 90
337
 90
341
 90
330
 90
3
 90
347
 90
348
 90
336
 90
3
 90
336
 90
348
 90
337
 90
3
 90
349
 90
350
 90
338
 90
3
 90
338
 90
350
 90
339
 90
3
 90
351
 90
349
 90
340
 90
3
 90
340
 90
349
 90
338
 90
3
 90
350
 90
351
 90
339
 90
3
 90
339
 90
351
 90
340
 90
3
 90
363
 90
364
 90
352
 90
3
 90
361
 90
362
 90
363
 90
3
 90
359
 90
360
 90
361
 90
3
 90
356
 90
357
 90
358
 90
3
 90
355
 90
356
 90
358
 90
3
 90
354
 90
355
 90
358
 90
3
 90
353
 90
354
 90
358
 90
3
 90
361
 90
363
 90
352
 90
3
 90
359
 90
361
 90
352
 90
3
 90
353
 90
358
 90
359
 90
3
 90
352
 90
353
 90
359
 90
3
 90
365
 90
377
 90
376
 90
3
 90
376
 90
375
 90
374
 90
3
 90
374
 90
373
 90
372
 90
3
 90
371
 90
370
 90
369
 90
3
 90
371
 90
369
 90
368
 90
3
 90
371
 90
368
 90
367
 90
3
 90
371
 90
367
 90
366
 90
3
 90
365
 90
376
 90
374
 90
3
 90
365
 90
374
 90
372
 90
3
 90
372
 90
371
 90
366
 90
3
 90
372
 90
366
 90
365
 90
3
 90
365
 90
366
 90
352
 90
3
 90
352
 90
366
 90
353
 90
3
 90
366
 90
367
 90
353
 90
3
 90
353
 90
367
 90
354
 90
3
 90
367
 90
368
 90
354
 90
3
 90
354
 90
368
 90
355
 90
3
 90
368
 90
369
 90
355
 90
3
 90
355
 90
369
 90
356
 90
3
 90
369
 90
370
 90
356
 90
3
 90
356
 90
370
 90
357
 90
3
 90
370
 90
371
 90
357
 90
3
 90
357
 90
371
 90
358
 90
3
 90
371
 90
372
 90
358
 90
3
 90
358
 90
372
 90
359
 90
3
 90
372
 90
373
 90
359
 90
3
 90
359
 90
373
 90
360
 90
3
 90
373
 90
374
 90
360
 90
3
 90
360
 90
374
 90
361
 90
3
 90
374
 90
375
 90
361
 90
3
 90
361
 90
375
 90
362
 90
3
 90
375
 90
376
 90
362
 90
3
 90
362
 90
376
 90
363
 90
3
 90
377
 90
365
 90
364
 90
3
 90
364
 90
365
 90
352
 90
3
 90
376
 90
377
 90
363
 90
3
 90
363
 90
377
 90
364
 90
3
 90
379
 90
378
 90
382
 90
3
 90
379
 90
382
 90
380
 90
3
 90
380
 90
382
 90
383
 90
3
 90
380
 90
383
 90
381
 90
3
 90
382
 90
378
 90
384
 90
3
 90
382
 90
384
 90
383
 90
3
 90
383
 90
384
 90
385
 90
3
 90
383
 90
385
 90
381
 90
3
 90
384
 90
378
 90
386
 90
3
 90
384
 90
386
 90
385
 90
3
 90
385
 90
386
 90
387
 90
3
 90
385
 90
387
 90
381
 90
3
 90
386
 90
378
 90
388
 90
3
 90
386
 90
388
 90
387
 90
3
 90
387
 90
388
 90
389
 90
3
 90
387
 90
389
 90
381
 90
3
 90
388
 90
378
 90
390
 90
3
 90
388
 90
390
 90
389
 90
3
 90
389
 90
390
 90
391
 90
3
 90
389
 90
391
 90
381
 90
3
 90
390
 90
378
 90
392
 90
3
 90
390
 90
392
 90
391
 90
3
 90
391
 90
392
 90
393
 90
3
 90
391
 90
393
 90
381
 90
3
 90
392
 90
378
 90
394
 90
3
 90
392
 90
394
 90
393
 90
3
 90
393
 90
394
 90
395
 90
3
 90
393
 90
395
 90
381
 90
3
 90
394
 90
378
 90
379
 90
3
 90
394
 90
379
 90
395
 90
3
 90
395
 90
379
 90
380
 90
3
 90
395
 90
380
 90
381
 90
3
 90
396
 90
433
 90
412
 90
3
 90
433
 90
407
 90
436
 90
3
 90
412
 90
436
 90
401
 90
3
 90
433
 90
436
 90
412
 90
3
 90
396
 90
412
 90
408
 90
3
 90
412
 90
401
 90
413
 90
3
 90
408
 90
413
 90
397
 90
3
 90
412
 90
413
 90
408
 90
3
 90
396
 90
408
 90
417
 90
3
 90
408
 90
397
 90
418
 90
3
 90
417
 90
418
 90
403
 90
3
 90
408
 90
418
 90
417
 90
3
 90
396
 90
417
 90
429
 90
3
 90
417
 90
403
 90
432
 90
3
 90
429
 90
432
 90
406
 90
3
 90
417
 90
432
 90
429
 90
3
 90
396
 90
429
 90
433
 90
3
 90
429
 90
406
 90
437
 90
3
 90
433
 90
437
 90
407
 90
3
 90
429
 90
437
 90
433
 90
3
 90
397
 90
413
 90
424
 90
3
 90
413
 90
401
 90
427
 90
3
 90
424
 90
427
 90
405
 90
3
 90
413
 90
427
 90
424
 90
3
 90
401
 90
436
 90
414
 90
3
 90
436
 90
407
 90
435
 90
3
 90
414
 90
435
 90
400
 90
3
 90
436
 90
435
 90
414
 90
3
 90
407
 90
437
 90
434
 90
3
 90
437
 90
406
 90
430
 90
3
 90
434
 90
430
 90
398
 90
3
 90
437
 90
430
 90
434
 90
3
 90
406
 90
432
 90
431
 90
3
 90
432
 90
403
 90
419
 90
3
 90
431
 90
419
 90
402
 90
3
 90
432
 90
419
 90
431
 90
3
 90
403
 90
418
 90
423
 90
3
 90
418
 90
397
 90
420
 90
3
 90
423
 90
420
 90
404
 90
3
 90
418
 90
420
 90
423
 90
3
 90
399
 90
425
 90
411
 90
3
 90
425
 90
405
 90
426
 90
3
 90
411
 90
426
 90
400
 90
3
 90
425
 90
426
 90
411
 90
3
 90
399
 90
411
 90
409
 90
3
 90
411
 90
400
 90
410
 90
3
 90
409
 90
410
 90
398
 90
3
 90
411
 90
410
 90
409
 90
3
 90
399
 90
409
 90
416
 90
3
 90
409
 90
398
 90
415
 90
3
 90
416
 90
415
 90
402
 90
3
 90
409
 90
415
 90
416
 90
3
 90
399
 90
416
 90
421
 90
3
 90
416
 90
402
 90
422
 90
3
 90
421
 90
422
 90
404
 90
3
 90
416
 90
422
 90
421
 90
3
 90
399
 90
421
 90
425
 90
3
 90
421
 90
404
 90
428
 90
3
 90
425
 90
428
 90
405
 90
3
 90
421
 90
428
 90
425
 90
3
 90
400
 90
426
 90
414
 90
3
 90
426
 90
405
 90
427
 90
3
 90
414
 90
427
 90
401
 90
3
 90
426
 90
427
 90
414
 90
3
 90
398
 90
410
 90
434
 90
3
 90
410
 90
400
 90
435
 90
3
 90
434
 90
435
 90
407
 90
3
 90
410
 90
435
 90
434
 90
3
 90
402
 90
415
 90
431
 90
3
 90
415
 90
398
 90
430
 90
3
 90
431
 90
430
 90
406
 90
3
 90
415
 90
430
 90
431
 90
3
 90
404
 90
422
 90
423
 90
3
 90
422
 90
402
 90
419
 90
3
 90
423
 90
419
 90
403
 90
3
 90
422
 90
419
 90
423
 90
3
 90
405
 90
428
 90
424
 90
3
 90
428
 90
404
 90
420
 90
3
 90
424
 90
420
 90
397
 90
3
 90
428
 90
420
 90
424
 94
0
 95
0
 90
0
  0
MESH
  5
A3
330
17
100
AcDbEntity
  8
3D-LABEL
100
AcDbSubDMesh
 71
2
 72
0
 91
0
 92
1576
 10
-75.52093384054739
 20
-55.23809112807277
 30
32.670846193415635
 10
-75.79186185831972
 20
-55.509019145845095
 30
33.246790337791495
 10
-75.88217119757716
 20
-55.599328485102546
 30
33.99639917695473
 10
-75.79186185831972
 20
-55.509019145845095
 30
34.74807098765432
 10
-75.52093384054739
 20
-55.23809112807277
 30
35.32420267489712
 10
-75.09537925952368
 20
-54.81253654704906
 30
35.691036522633745
 10
-74.54119023051214
 20
-54.25834751803752
 30
35.81331447187929
 10
-74.33802737039113
 20
-54.05518465791652
 30
35.79681069958848
 10
-74.14335173158067
 20
-53.86050901910605
 30
35.74729938271605
 10
-73.95650024991585
 20
-53.67365753744124
 30
35.66609332133059
 10
-73.77680986123181
 20
-53.493967148757186
 30
35.553004972565155
 10
-73.77680986123181
 20
-53.493967148757186
 30
34.82908950617284
 10
-73.95318492909144
 20
-53.67034221661681
 30
34.97724837105624
 10
-74.1269077402915
 20
-53.84406502781688
 30
35.07964677640604
 10
-74.30381325948304
 20
-54.02097054700841
 30
35.13928540809328
 10
-74.489736451317
 20
-54.20689373884238
 30
35.15916495198903
 10
-74.79487857999744
 20
-54.512035867522826
 30
35.081709747942384
 10
-75.02708365054045
 20
-54.744240938065836
 30
34.84934413580247
 10
-75.17348821814724
 20
-54.890645505672616
 30
34.481572573731135
 10
-75.22228974068283
 20
-54.93944702820821
 30
33.99639917695473
 10
-75.17348821814724
 20
-54.890645505672616
 30
33.51272612311386
 10
-75.02708365054045
 20
-54.744240938065836
 30
33.144954561042525
 10
-74.79487857999744
 20
-54.512035867522826
 30
32.91315157750343
 10
-74.489736451317
 20
-54.20689373884238
 30
32.83588391632373
 10
-74.30381325948304
 20
-54.02097054700841
 30
32.85576346021948
 10
-74.1269077402915
 20
-53.84406502781688
 30
32.91540209190672
 10
-73.95318492909144
 20
-53.67034221661681
 30
33.01836312585734
 10
-73.77680986123181
 20
-53.493967148757186
 30
33.16670953360768
 10
-73.77680986123181
 20
-53.493967148757186
 30
32.4420438957476
 10
-73.95650024991585
 20
-53.67365753744124
 30
32.328955546982165
 10
-74.14335173158067
 20
-53.86050901910605
 30
32.24774948559671
 10
-74.33802737039113
 20
-54.05518465791652
 30
32.19823816872428
 10
-74.54119023051214
 20
-54.25834751803752
 30
32.18173439643347
 10
-75.09537925952368
 20
-54.81253654704906
 30
32.30401234567901
 10
-75.23809112807277
 20
-55.520933840547386
 30
32.670846193415635
 10
-75.50901914584509
 20
-55.79186185831971
 30
33.246790337791495
 10
-75.59932848510255
 20
-55.882171197577165
 30
33.99639917695473
 10
-75.50901914584509
 20
-55.79186185831971
 30
34.74807098765432
 10
-75.23809112807277
 20
-55.520933840547386
 30
35.32420267489712
 10
-74.81253654704906
 20
-55.09537925952368
 30
35.691036522633745
 10
-74.25834751803751
 20
-54.541190230512136
 30
35.81331447187929
 10
-74.05518465791653
 20
-54.33802737039114
 30
35.79681069958848
 10
-73.86050901910605
 20
-54.143351731580665
 30
35.74729938271605
 10
-73.67365753744124
 20
-53.956500249915855
 30
35.66609332133059
 10
-73.49396714875718
 20
-53.776809861231804
 30
35.553004972565155
 10
-73.49396714875718
 20
-53.776809861231804
 30
34.82908950617284
 10
-73.6703422166168
 20
-53.95318492909143
 30
34.97724837105624
 10
-73.84406502781688
 20
-54.1269077402915
 30
35.07964677640604
 10
-74.0209705470084
 20
-54.30381325948303
 30
35.13928540809328
 10
-74.20689373884238
 20
-54.489736451317
 30
35.15916495198903
 10
-74.51203586752283
 20
-54.794878579997444
 30
35.081709747942384
 10
-74.74424093806584
 20
-55.027083650540455
 30
34.84934413580247
 10
-74.89064550567261
 20
-55.173488218147234
 30
34.481572573731135
 10
-74.9394470282082
 20
-55.222289740682825
 30
33.99639917695473
 10
-74.89064550567261
 20
-55.173488218147234
 30
33.51272612311386
 10
-74.74424093806584
 20
-55.027083650540455
 30
33.144954561042525
 10
-74.51203586752283
 20
-54.794878579997444
 30
32.91315157750343
 10
-74.20689373884238
 20
-54.489736451317
 30
32.83588391632373
 10
-74.0209705470084
 20
-54.30381325948303
 30
32.85576346021948
 10
-73.84406502781688
 20
-54.1269077402915
 30
32.91540209190672
 10
-73.6703422166168
 20
-53.95318492909143
 30
33.01836312585734
 10
-73.49396714875718
 20
-53.776809861231804
 30
33.16670953360768
 10
-73.49396714875718
 20
-53.776809861231804
 30
32.4420438957476
 10
-73.67365753744124
 20
-53.956500249915855
 30
32.328955546982165
 10
-73.86050901910605
 20
-54.143351731580665
 30
32.24774948559671
 10
-74.05518465791653
 20
-54.33802737039114
 30
32.19823816872428
 10
-74.25834751803751
 20
-54.541190230512136
 30
32.18173439643347
 10
-74.81253654704906
 20
-55.09537925952368
 30
32.30401234567901
 10
-70.94897381082689
 20
-50.66613109835226
 30
32.25
 10
-71.59028947110441
 20
-51.307446758629794
 30
32.25
 10
-71.74624216268555
 20
-51.463399450210936
 30
32.88764574759945
 10
-72.74402111800569
 20
-52.46117840553107
 30
32.88764574759945
 10
-72.90156516358256
 20
-52.61872245110794
 30
32.25
 10
-73.543411275192
 20
-53.26056856271739
 30
32.25
 10
-72.62679137365389
 20
-52.34394866117927
 30
35.75030006858711
 10
-71.865593712365
 20
-51.58275099989038
 30
35.75030006858711
 10
-72.5848857184331
 20
-52.30204300595849
 30
33.537294238683124
 10
-71.90696891625387
 20
-51.624126203779255
 30
33.537294238683124
 10
-72.24539686601159
 20
-51.96255415353696
 30
34.92961248285322
 10
-70.66613109835225
 20
-50.94897381082688
 30
32.25
 10
-71.3074467586298
 20
-51.59028947110441
 30
32.25
 10
-71.46339945021094
 20
-51.746242162685554
 30
32.88764574759945
 10
-72.46117840553107
 20
-52.74402111800569
 30
32.88764574759945
 10
-72.61872245110794
 20
-52.90156516358256
 30
32.25
 10
-73.2605685627174
 20
-53.54341127519201
 30
32.25
 10
-72.34394866117927
 20
-52.62679137365389
 30
35.75030006858711
 10
-71.58275099989038
 20
-51.865593712365
 30
35.75030006858711
 10
-72.3020430059585
 20
-52.58488571843311
 30
33.537294238683124
 10
-71.62412620377926
 20
-51.906968916253874
 30
33.537294238683124
 10
-71.96255415353696
 20
-52.24539686601158
 30
34.92961248285322
 10
-68.40280741766544
 20
-48.119964705190824
 30
32.25
 10
-69.11573400775065
 20
-48.83289129527603
 30
32.25
 10
-70.01590991799961
 20
-49.73306720552498
 30
34.65054869684499
 10
-70.01590991799961
 20
-49.73306720552498
 30
32.25
 10
-70.62062443637544
 20
-50.33778172390082
 30
32.25
 10
-70.62062443637544
 20
-50.33778172390082
 30
35.75030006858711
 10
-69.90822829762214
 20
-49.62538558514753
 30
35.75030006858711
 10
-69.0080523873732
 20
-48.72520967489858
 30
33.349751371742116
 10
-69.0080523873732
 20
-48.72520967489858
 30
35.75030006858711
 10
-68.40280741766544
 20
-48.119964705190824
 30
35.75030006858711
 10
-68.11996470519082
 20
-48.40280741766544
 30
32.25
 10
-68.83289129527603
 20
-49.115734007750646
 30
32.25
 10
-69.73306720552497
 20
-50.0159099179996
 30
34.65054869684499
 10
-69.73306720552497
 20
-50.0159099179996
 30
32.25
 10
-70.33778172390082
 20
-50.62062443637544
 30
32.25
 10
-70.33778172390082
 20
-50.62062443637544
 30
35.75030006858711
 10
-69.62538558514753
 20
-49.908228297622145
 30
35.75030006858711
 10
-68.72520967489858
 20
-49.0080523873732
 30
33.349751371742116
 10
-68.72520967489858
 20
-49.0080523873732
 30
35.75030006858711
 10
-68.11996470519082
 20
-48.40280741766544
 30
35.75030006858711
 10
-65.46065910523421
 20
-45.177816392759595
 30
33.23928862311386
 10
-65.71448006755249
 20
-45.43163735507787
 30
32.664844821673526
 10
-66.11709262847114
 20
-45.83424991599653
 30
32.302512002743484
 10
-66.6491353143755
 20
-46.36629260190088
 30
32.18173439643347
 10
-67.18024971044902
 20
-46.8974069979744
 30
32.302512002743484
 10
-67.5832601098666
 20
-47.30041739739198
 30
32.664844821673526
 10
-67.83747891068381
 20
-47.5546361982092
 30
33.23928862311386
 10
-67.92221851095621
 20
-47.6393757984816
 30
33.99639917695473
 10
-67.83747891068381
 20
-47.5546361982092
 30
34.75557270233196
 10
-67.5832601098666
 20
-47.30041739739198
 30
35.33020404663923
 10
-67.18024971044902
 20
-46.8974069979744
 30
35.692536865569274
 10
-66.6491353143755
 20
-46.36629260190088
 30
35.81331447187929
 10
-66.11709262847114
 20
-45.83424991599653
 30
35.692536865569274
 10
-65.71448006755249
 20
-45.43163735507787
 30
35.33020404663923
 10
-65.46065910523421
 20
-45.177816392759595
 30
34.75557270233196
 10
-65.37605211779479
 20
-45.09320940532017
 30
33.99639917695473
 10
-67.2221553656698
 20
-46.93931265319519
 30
33.50709983710563
 10
-67.10161030049356
 20
-46.81876758801894
 30
33.14045353223594
 10
-66.90812817717989
 20
-46.62528546470527
 30
32.912026320301784
 10
-66.6491353143755
 20
-46.36629260190088
 30
32.83588391632373
 10
-66.38894893607431
 20
-46.1061062235997
 30
32.912026320301784
 10
-66.19506897426172
 20
-45.9122262617871
 30
33.14045353223594
 10
-66.07452390908549
 20
-45.79168119661086
 30
33.50709983710563
 10
-66.03434222069339
 20
-45.75149950821878
 30
33.99639917695473
 10
-66.07452390908549
 20
-45.79168119661086
 30
34.48776148834019
 10
-66.19506897426172
 20
-45.9122262617871
 30
34.85459533607682
 10
-66.38894893607431
 20
-46.1061062235997
 30
35.08302254801097
 10
-66.6491353143755
 20
-46.36629260190088
 30
35.15916495198903
 10
-66.90812817717989
 20
-46.62528546470527
 30
35.08302254801097
 10
-67.10161030049356
 20
-46.81876758801894
 30
34.85459533607682
 10
-67.2221553656698
 20
-46.93931265319519
 30
34.48776148834019
 10
-67.26233705406187
 20
-46.97949434158726
 30
33.99639917695473
 10
-65.1778163927596
 20
-45.460659105234214
 30
33.23928862311386
 10
-65.43163735507787
 20
-45.714480067552486
 30
32.664844821673526
 10
-65.83424991599654
 20
-46.11709262847115
 30
32.302512002743484
 10
-66.36629260190088
 20
-46.6491353143755
 30
32.18173439643347
 10
-66.8974069979744
 20
-47.18024971044902
 30
32.302512002743484
 10
-67.30041739739198
 20
-47.5832601098666
 30
32.664844821673526
 10
-67.55463619820921
 20
-47.83747891068382
 30
33.23928862311386
 10
-67.63937579848161
 20
-47.92221851095622
 30
33.99639917695473
 10
-67.55463619820921
 20
-47.83747891068382
 30
34.75557270233196
 10
-67.30041739739198
 20
-47.5832601098666
 30
35.33020404663923
 10
-66.8974069979744
 20
-47.18024971044902
 30
35.692536865569274
 10
-66.36629260190088
 20
-46.6491353143755
 30
35.81331447187929
 10
-65.83424991599654
 20
-46.11709262847115
 30
35.692536865569274
 10
-65.43163735507787
 20
-45.714480067552486
 30
35.33020404663923
 10
-65.1778163927596
 20
-45.460659105234214
 30
34.75557270233196
 10
-65.09320940532017
 20
-45.376052117794785
 30
33.99639917695473
 10
-66.93931265319519
 20
-47.222155365669806
 30
33.50709983710563
 10
-66.81876758801894
 20
-47.10161030049356
 30
33.14045353223594
 10
-66.62528546470527
 20
-46.90812817717989
 30
32.912026320301784
 10
-66.36629260190088
 20
-46.6491353143755
 30
32.83588391632373
 10
-66.10610622359971
 20
-46.38894893607432
 30
32.912026320301784
 10
-65.9122262617871
 20
-46.195068974261716
 30
33.14045353223594
 10
-65.79168119661085
 20
-46.07452390908548
 30
33.50709983710563
 10
-65.75149950821879
 20
-46.0343422206934
 30
33.99639917695473
 10
-65.79168119661085
 20
-46.07452390908548
 30
34.48776148834019
 10
-65.9122262617871
 20
-46.195068974261716
 30
34.85459533607682
 10
-66.10610622359971
 20
-46.38894893607432
 30
35.08302254801097
 10
-66.36629260190088
 20
-46.6491353143755
 30
35.15916495198903
 10
-66.62528546470527
 20
-46.90812817717989
 30
35.08302254801097
 10
-66.81876758801894
 20
-47.10161030049356
 30
34.85459533607682
 10
-66.93931265319519
 20
-47.222155365669806
 30
34.48776148834019
 10
-66.97949434158727
 20
-47.26233705406188
 30
33.99639917695473
 10
-62.91966461255889
 20
-42.63682190008427
 30
35.093900034293554
 10
-62.856408291228774
 20
-42.573565578754156
 30
34.608539094650205
 10
-62.91966461255889
 20
-42.63682190008427
 30
34.12092764060357
 10
-63.10943357654919
 20
-42.826590864074575
 30
33.76084533607682
 10
-63.416962736223226
 20
-43.13412002374861
 30
33.538607038751714
 10
-63.834560547268296
 20
-43.55171783479368
 30
33.464527606310014
 10
-64.25520845347185
 20
-43.972365740997226
 30
33.464527606310014
 10
-64.25520845347185
 20
-43.972365740997226
 30
32.25
 10
-64.89334140575792
 20
-44.610498693283304
 30
32.25
 10
-64.89334140575792
 20
-44.610498693283304
 30
35.75030006858711
 10
-63.834560547268296
 20
-43.55171783479368
 30
35.75030006858711
 10
-63.416962736223226
 20
-43.13412002374861
 30
35.67603309327846
 10
-63.10943357654919
 20
-42.826590864074575
 30
35.45323216735254
 10
-63.61548414719003
 20
-43.33264143471541
 30
34.24620627572016
 10
-63.53949699389412
 20
-43.2566542814195
 30
34.40055405521262
 10
-63.51416794279548
 20
-43.23132523032086
 30
34.608539094650205
 10
-63.53949699389412
 20
-43.2566542814195
 30
34.81577396262003
 10
-63.61548414719003
 20
-43.33264143471541
 30
34.96937157064472
 10
-63.73788579202795
 20
-43.455043079553334
 30
35.064455804183815
 10
-63.902458317752604
 20
-43.619615605277986
 30
35.09615054869685
 10
-64.25520845347185
 20
-43.972365740997226
 30
35.09615054869685
 10
-64.25520845347185
 20
-43.972365740997226
 30
34.118677126200275
 10
-63.902458317752604
 20
-43.619615605277986
 30
34.118677126200275
 10
-63.73788579202795
 20
-43.455043079553334
 30
34.15055941358025
 10
-62.63682190008427
 20
-42.91966461255889
 30
35.093900034293554
 10
-62.573565578754156
 20
-42.856408291228774
 30
34.608539094650205
 10
-62.63682190008427
 20
-42.91966461255889
 30
34.12092764060357
 10
-62.826590864074575
 20
-43.10943357654919
 30
33.76084533607682
 10
-63.13412002374861
 20
-43.416962736223226
 30
33.538607038751714
 10
-63.55171783479368
 20
-43.834560547268296
 30
33.464527606310014
 10
-63.972365740997226
 20
-44.255208453471845
 30
33.464527606310014
 10
-63.972365740997226
 20
-44.255208453471845
 30
32.25
 10
-64.6104986932833
 20
-44.89334140575792
 30
32.25
 10
-64.6104986932833
 20
-44.89334140575792
 30
35.75030006858711
 10
-63.55171783479368
 20
-43.834560547268296
 30
35.75030006858711
 10
-63.13412002374861
 20
-43.416962736223226
 30
35.67603309327846
 10
-62.826590864074575
 20
-43.10943357654919
 30
35.45323216735254
 10
-63.33264143471541
 20
-43.61548414719003
 30
34.24620627572016
 10
-63.2566542814195
 20
-43.53949699389412
 30
34.40055405521262
 10
-63.23132523032086
 20
-43.51416794279548
 30
34.608539094650205
 10
-63.2566542814195
 20
-43.53949699389412
 30
34.81577396262003
 10
-63.33264143471541
 20
-43.61548414719003
 30
34.96937157064472
 10
-63.455043079553334
 20
-43.73788579202795
 30
35.064455804183815
 10
-63.619615605277986
 20
-43.902458317752604
 30
35.09615054869685
 10
-63.972365740997226
 20
-44.255208453471845
 30
35.09615054869685
 10
-63.972365740997226
 20
-44.255208453471845
 30
34.118677126200275
 10
-63.619615605277986
 20
-43.902458317752604
 30
34.118677126200275
 10
-63.455043079553334
 20
-43.73788579202795
 30
34.15055941358025
 10
-60.92503499174945
 20
-40.64219227927483
 30
35.75030006858711
 10
-60.22536968496196
 20
-39.94252697248734
 30
35.75030006858711
 10
-61.16851215309551
 20
-40.885669440620894
 30
33.72483710562414
 10
-61.16851215309551
 20
-40.885669440620894
 30
32.25
 10
-61.80664510538159
 20
-41.52380239290697
 30
32.25
 10
-61.80664510538159
 20
-41.52380239290697
 30
33.72483710562414
 10
-62.750318024847054
 20
-42.467475312372436
 30
35.75030006858711
 10
-62.05224407205529
 20
-41.76940135958067
 30
35.75030006858711
 10
-61.488374306236416
 20
-41.2055315937618
 30
34.50276491769547
 10
-60.64219227927483
 20
-40.92503499174945
 30
35.75030006858711
 10
-59.94252697248734
 20
-40.22536968496196
 30
35.75030006858711
 10
-60.885669440620894
 20
-41.16851215309551
 30
33.72483710562414
 10
-60.885669440620894
 20
-41.16851215309551
 30
32.25
 10
-61.52380239290697
 20
-41.80664510538159
 30
32.25
 10
-61.52380239290697
 20
-41.80664510538159
 30
33.72483710562414
 10
-62.467475312372436
 20
-42.750318024847054
 30
35.75030006858711
 10
-61.76940135958067
 20
-42.05224407205529
 30
35.75030006858711
 10
-61.2055315937618
 20
-41.488374306236416
 30
34.50276491769547
 10
-56.98112933900877
 20
-36.69828662653415
 30
35.45323216735254
 10
-56.791360375018456
 20
-36.50851766254384
 30
35.093900034293554
 10
-56.72810405368834
 20
-36.44526134121372
 30
34.608539094650205
 10
-56.791360375018456
 20
-36.50851766254384
 30
34.12092764060357
 10
-56.98112933900877
 20
-36.69828662653415
 30
33.76084533607682
 10
-57.28865849868279
 20
-37.005815786208174
 30
33.538607038751714
 10
-57.70625630972786
 20
-37.423413597253244
 30
33.464527606310014
 10
-58.12690421593141
 20
-37.84406150345679
 30
33.464527606310014
 10
-58.12690421593141
 20
-37.84406150345679
 30
32.25
 10
-58.765037168217496
 20
-38.48219445574288
 30
32.25
 10
-58.765037168217496
 20
-38.48219445574288
 30
35.75030006858711
 10
-57.70625630972786
 20
-37.423413597253244
 30
35.75030006858711
 10
-57.28865849868279
 20
-37.005815786208174
 30
35.67603309327846
 10
-57.60958155448752
 20
-37.3267388420129
 30
34.15055941358025
 10
-57.4871799096496
 20
-37.20433719717498
 30
34.24620627572016
 10
-57.411192756353685
 20
-37.12835004387907
 30
34.40055405521262
 10
-57.38586370525505
 20
-37.10302099278043
 30
34.608539094650205
 10
-57.411192756353685
 20
-37.12835004387907
 30
34.81577396262003
 10
-57.4871799096496
 20
-37.20433719717498
 30
34.96937157064472
 10
-57.60958155448752
 20
-37.3267388420129
 30
35.064455804183815
 10
-57.77415408021217
 20
-37.49131136773755
 30
35.09615054869685
 10
-58.12690421593141
 20
-37.84406150345679
 30
35.09615054869685
 10
-58.12690421593141
 20
-37.84406150345679
 30
34.118677126200275
 10
-57.77415408021217
 20
-37.49131136773755
 30
34.118677126200275
 10
-56.69828662653415
 20
-36.98112933900877
 30
35.45323216735254
 10
-56.50851766254384
 20
-36.791360375018456
 30
35.093900034293554
 10
-56.44526134121372
 20
-36.72810405368834
 30
34.608539094650205
 10
-56.50851766254384
 20
-36.791360375018456
 30
34.12092764060357
 10
-56.69828662653415
 20
-36.98112933900877
 30
33.76084533607682
 10
-57.005815786208174
 20
-37.28865849868279
 30
33.538607038751714
 10
-57.423413597253244
 20
-37.70625630972786
 30
33.464527606310014
 10
-57.84406150345679
 20
-38.12690421593141
 30
33.464527606310014
 10
-57.84406150345679
 20
-38.12690421593141
 30
32.25
 10
-58.48219445574288
 20
-38.765037168217496
 30
32.25
 10
-58.48219445574288
 20
-38.765037168217496
 30
35.75030006858711
 10
-57.423413597253244
 20
-37.70625630972786
 30
35.75030006858711
 10
-57.005815786208174
 20
-37.28865849868279
 30
35.67603309327846
 10
-57.3267388420129
 20
-37.60958155448752
 30
34.15055941358025
 10
-57.20433719717498
 20
-37.4871799096496
 30
34.24620627572016
 10
-57.12835004387907
 20
-37.411192756353685
 30
34.40055405521262
 10
-57.10302099278043
 20
-37.38586370525505
 30
34.608539094650205
 10
-57.12835004387907
 20
-37.411192756353685
 30
34.81577396262003
 10
-57.20433719717498
 20
-37.4871799096496
 30
34.96937157064472
 10
-57.3267388420129
 20
-37.60958155448752
 30
35.064455804183815
 10
-57.49131136773755
 20
-37.77415408021217
 30
35.09615054869685
 10
-57.84406150345679
 20
-38.12690421593141
 30
35.09615054869685
 10
-57.84406150345679
 20
-38.12690421593141
 30
34.118677126200275
 10
-57.49131136773755
 20
-37.77415408021217
 30
34.118677126200275
 10
-54.211642935113794
 20
-33.928800222639175
 30
35.33020404663923
 10
-53.957821972795514
 20
-33.674979260320896
 30
34.75557270233196
 10
-53.873214985356086
 20
-33.59037227288147
 30
33.99639917695473
 10
-53.957821972795514
 20
-33.674979260320896
 30
33.23928862311386
 10
-54.211642935113794
 20
-33.928800222639175
 30
32.664844821673526
 10
-54.61425549603244
 20
-34.33141278355782
 30
32.302512002743484
 10
-55.1462981819368
 20
-34.86345546946218
 30
32.18173439643347
 10
-55.677412578010326
 20
-35.39456986553571
 30
32.302512002743484
 10
-56.08042297742791
 20
-35.79758026495329
 30
32.664844821673526
 10
-56.334641778245114
 20
-36.051799065770496
 30
33.23928862311386
 10
-56.41938137851752
 20
-36.1365386660429
 30
33.99639917695473
 10
-56.334641778245114
 20
-36.051799065770496
 30
34.75557270233196
 10
-56.08042297742791
 20
-35.79758026495329
 30
35.33020404663923
 10
-55.677412578010326
 20
-35.39456986553571
 30
35.692536865569274
 10
-55.1462981819368
 20
-34.86345546946218
 30
35.81331447187929
 10
-54.61425549603244
 20
-34.33141278355782
 30
35.692536865569274
 10
-55.59877316805487
 20
-35.31593045558025
 30
34.85459533607682
 10
-55.71931823323111
 20
-35.43647552075649
 30
34.48776148834019
 10
-55.75949992162318
 20
-35.47665720914856
 30
33.99639917695473
 10
-55.71931823323111
 20
-35.43647552075649
 30
33.50709983710563
 10
-55.59877316805487
 20
-35.31593045558025
 30
33.14045353223594
 10
-55.40529104474119
 20
-35.12244833226657
 30
32.912026320301784
 10
-55.1462981819368
 20
-34.86345546946218
 30
32.83588391632373
 10
-54.88611180363562
 20
-34.603269091161
 30
32.912026320301784
 10
-54.692231841823016
 20
-34.4093891293484
 30
33.14045353223594
 10
-54.57168677664678
 20
-34.28884406417216
 30
33.50709983710563
 10
-54.5315050882547
 20
-34.24866237578008
 30
33.99639917695473
 10
-54.57168677664678
 20
-34.28884406417216
 30
34.48776148834019
 10
-54.692231841823016
 20
-34.4093891293484
 30
34.85459533607682
 10
-54.88611180363562
 20
-34.603269091161
 30
35.08302254801097
 10
-55.1462981819368
 20
-34.86345546946218
 30
35.15916495198903
 10
-55.40529104474119
 20
-35.12244833226657
 30
35.08302254801097
 10
-53.928800222639175
 20
-34.211642935113794
 30
35.33020404663923
 10
-53.674979260320896
 20
-33.957821972795514
 30
34.75557270233196
 10
-53.59037227288147
 20
-33.873214985356086
 30
33.99639917695473
 10
-53.674979260320896
 20
-33.957821972795514
 30
33.23928862311386
 10
-53.928800222639175
 20
-34.211642935113794
 30
32.664844821673526
 10
-54.33141278355782
 20
-34.61425549603244
 30
32.302512002743484
 10
-54.86345546946218
 20
-35.1462981819368
 30
32.18173439643347
 10
-55.39456986553571
 20
-35.677412578010326
 30
32.302512002743484
 10
-55.79758026495329
 20
-36.08042297742791
 30
32.664844821673526
 10
-56.051799065770496
 20
-36.334641778245114
 30
33.23928862311386
 10
-56.1365386660429
 20
-36.41938137851752
 30
33.99639917695473
 10
-56.051799065770496
 20
-36.334641778245114
 30
34.75557270233196
 10
-55.79758026495329
 20
-36.08042297742791
 30
35.33020404663923
 10
-55.39456986553571
 20
-35.677412578010326
 30
35.692536865569274
 10
-54.86345546946218
 20
-35.1462981819368
 30
35.81331447187929
 10
-54.33141278355782
 20
-34.61425549603244
 30
35.692536865569274
 10
-55.31593045558025
 20
-35.59877316805487
 30
34.85459533607682
 10
-55.43647552075649
 20
-35.71931823323111
 30
34.48776148834019
 10
-55.47665720914856
 20
-35.75949992162318
 30
33.99639917695473
 10
-55.43647552075649
 20
-35.71931823323111
 30
33.50709983710563
 10
-55.31593045558025
 20
-35.59877316805487
 30
33.14045353223594
 10
-55.12244833226657
 20
-35.40529104474119
 30
32.912026320301784
 10
-54.86345546946218
 20
-35.1462981819368
 30
32.83588391632373
 10
-54.603269091161
 20
-34.88611180363562
 30
32.912026320301784
 10
-54.4093891293484
 20
-34.692231841823016
 30
33.14045353223594
 10
-54.28884406417216
 20
-34.57168677664678
 30
33.50709983710563
 10
-54.24866237578008
 20
-34.5315050882547
 30
33.99639917695473
 10
-54.28884406417216
 20
-34.57168677664678
 30
34.48776148834019
 10
-54.4093891293484
 20
-34.692231841823016
 30
34.85459533607682
 10
-54.603269091161
 20
-34.88611180363562
 30
35.08302254801097
 10
-54.86345546946218
 20
-35.1462981819368
 30
35.15916495198903
 10
-55.12244833226657
 20
-35.40529104474119
 30
35.08302254801097
 10
-51.66865924994381
 20
-31.38581653746919
 30
34.898855452674894
 10
-51.869965530403135
 20
-31.587122817928517
 30
35.01194380144033
 10
-52.06649774887528
 20
-31.783655036400663
 30
35.09314986282579
 10
-52.254807971702846
 20
-31.971965259228227
 30
35.142661179698216
 10
-52.43250916789224
 20
-32.14966645541762
 30
35.15916495198903
 10
-52.63142841735798
 20
-32.34858570488336
 30
35.13684735082305
 10
-52.77093711764995
 20
-32.48809440517533
 30
35.069894547325106
 10
-52.85289184842983
 20
-32.57004913595521
 30
34.95661865569273
 10
-52.88021009202313
 20
-32.59736737954851
 30
34.79383144718793
 10
-52.8617769082393
 20
-32.57893419576468
 30
34.668365269204386
 10
-52.806477356887825
 20
-32.52363464441321
 30
34.57403120713306
 10
-52.70264150866671
 20
-32.41979879619209
 30
34.50145211762688
 10
-52.53859943427396
 20
-32.255756721799344
 30
34.43975051440329
 10
-52.267008352336745
 20
-31.984165639862127
 30
34.3624828532236
 10
-51.913992990951556
 20
-31.631150278476934
 30
34.21432398834019
 10
-51.680329179245796
 20
-31.397486466771177
 30
34.0054012345679
 10
-51.54944031309734
 20
-31.266597600622724
 30
33.71621013374486
 10
-51.505810691047856
 20
-31.222967978573237
 30
33.32574588477366
 10
-51.5665473685514
 20
-31.28370465607678
 30
32.821255572702334
 10
-51.74875740106201
 20
-31.46591468858739
 30
32.46454903978052
 10
-52.05575610940413
 20
-31.772913396929514
 30
32.25243805727023
 10
-52.49085881440219
 20
-32.20801610192757
 30
32.18173439643347
 10
-52.72637920576962
 20
-32.443536493295
 30
32.197675540123456
 10
-52.96296049980087
 20
-32.68011778732625
 30
32.24549897119341
 10
-53.20007224516404
 20
-32.91722953268942
 30
32.32389188957476
 10
-53.43718399052719
 20
-33.15434127805257
 30
32.43304183813443
 10
-53.43718399052719
 20
-33.15434127805257
 30
33.19446587791495
 10
-53.20405063015335
 20
-32.92120791767873
 30
33.03843021262003
 10
-52.978874039758125
 20
-32.69603132728351
 30
32.925904492455416
 10
-52.761521606508566
 20
-32.47867889403395
 30
32.85838906035665
 10
-52.551860717571685
 20
-32.26901800509707
 30
32.83588391632373
 10
-52.36739626690046
 20
-32.08455355442584
 30
32.860452031893004
 10
-52.231998564430775
 20
-31.949155851956156
 30
32.934156378600825
 10
-52.148850318154096
 20
-31.866007605679478
 30
33.054183813443075
 10
-52.12113423606187
 20
-31.83829152358725
 30
33.21622085048011
 10
-52.13996525834463
 20
-31.857122545870013
 30
33.361191486625515
 10
-52.19645832519289
 20
-31.913615612718278
 30
33.4690286351166
 10
-52.30931184605646
 20
-32.02646913358184
 30
33.553610468106996
 10
-52.49722423038509
 20
-32.214381517910475
 30
33.628815157750346
 10
-52.74441455105452
 20
-32.4615718385799
 30
33.70608281893004
 10
-53.06586805819115
 20
-32.78302534571653
 30
33.85199116941015
 10
-53.28759671492895
 20
-33.004754002454334
 30
34.06466478052126
 10
-53.416098550083824
 20
-33.133255837609205
 30
34.35348079561042
 10
-53.45893249513544
 20
-33.176089782660824
 30
34.72781635802469
 10
-53.399256720295725
 20
-33.116414007821106
 30
35.190297067901234
 10
-53.220229395776556
 20
-32.93738668330194
 30
35.532000171467764
 10
-52.929276840224674
 20
-32.646434127750055
 30
35.7429858967764
 10
-52.533825372286785
 20
-32.250982659812166
 30
35.81331447187929
 10
-52.32681674000945
 20
-32.04397402753483
 30
35.80243698559671
 10
-52.11423836874706
 20
-31.83139565627244
 30
35.76980452674897
 10
-51.895161968668795
 20
-31.612319256194176
 30
35.71560463820302
 10
-51.66865924994381
 20
-31.38581653746919
 30
35.64002486282579
 10
-51.38581653746919
 20
-31.668659249943808
 30
34.898855452674894
 10
-51.58712281792852
 20
-31.869965530403135
 30
35.01194380144033
 10
-51.78365503640066
 20
-32.06649774887528
 30
35.09314986282579
 10
-51.97196525922823
 20
-32.254807971702846
 30
35.142661179698216
 10
-52.14966645541762
 20
-32.43250916789224
 30
35.15916495198903
 10
-52.34858570488336
 20
-32.63142841735798
 30
35.13684735082305
 10
-52.48809440517533
 20
-32.77093711764995
 30
35.069894547325106
 10
-52.57004913595521
 20
-32.85289184842983
 30
34.95661865569273
 10
-52.59736737954851
 20
-32.88021009202313
 30
34.79383144718793
 10
-52.57893419576468
 20
-32.8617769082393
 30
34.668365269204386
 10
-52.52363464441321
 20
-32.806477356887825
 30
34.57403120713306
 10
-52.41979879619209
 20
-32.70264150866671
 30
34.50145211762688
 10
-52.255756721799344
 20
-32.53859943427396
 30
34.43975051440329
 10
-51.98416563986213
 20
-32.267008352336745
 30
34.3624828532236
 10
-51.63115027847694
 20
-31.913992990951552
 30
34.21432398834019
 10
-51.39748646677118
 20
-31.680329179245796
 30
34.0054012345679
 10
-51.266597600622724
 20
-31.549440313097342
 30
33.71621013374486
 10
-51.22296797857324
 20
-31.505810691047856
 30
33.32574588477366
 10
-51.28370465607678
 20
-31.566547368551397
 30
32.821255572702334
 10
-51.46591468858739
 20
-31.748757401062008
 30
32.46454903978052
 10
-51.77291339692951
 20
-32.05575610940413
 30
32.25243805727023
 10
-52.20801610192757
 20
-32.49085881440219
 30
32.18173439643347
 10
-52.443536493295
 20
-32.72637920576962
 30
32.197675540123456
 10
-52.68011778732625
 20
-32.96296049980087
 30
32.24549897119341
 10
-52.91722953268942
 20
-33.20007224516404
 30
32.32389188957476
 10
-53.15434127805257
 20
-33.43718399052719
 30
32.43304183813443
 10
-53.15434127805257
 20
-33.43718399052719
 30
33.19446587791495
 10
-52.92120791767873
 20
-33.20405063015335
 30
33.03843021262003
 10
-52.69603132728351
 20
-32.978874039758125
 30
32.925904492455416
 10
-52.47867889403395
 20
-32.761521606508566
 30
32.85838906035665
 10
-52.26901800509707
 20
-32.551860717571685
 30
32.83588391632373
 10
-52.08455355442584
 20
-32.36739626690046
 30
32.860452031893004
 10
-51.94915585195616
 20
-32.231998564430775
 30
32.934156378600825
 10
-51.86600760567948
 20
-32.148850318154096
 30
33.054183813443075
 10
-51.83829152358725
 20
-32.12113423606187
 30
33.21622085048011
 10
-51.85712254587001
 20
-32.13996525834463
 30
33.361191486625515
 10
-51.913615612718274
 20
-32.19645832519289
 30
33.4690286351166
 10
-52.02646913358184
 20
-32.30931184605646
 30
33.553610468106996
 10
-52.214381517910475
 20
-32.49722423038509
 30
33.628815157750346
 10
-52.4615718385799
 20
-32.74441455105452
 30
33.70608281893004
 10
-52.78302534571653
 20
-33.06586805819115
 30
33.85199116941015
 10
-53.004754002454334
 20
-33.28759671492895
 30
34.06466478052126
 10
-53.133255837609205
 20
-33.416098550083824
 30
34.35348079561042
 10
-53.176089782660824
 20
-33.45893249513544
 30
34.72781635802469
 10
-53.116414007821106
 20
-33.399256720295725
 30
35.190297067901234
 10
-52.93738668330194
 20
-33.220229395776556
 30
35.532000171467764
 10
-52.646434127750055
 20
-32.929276840224674
 30
35.7429858967764
 10
-52.250982659812166
 20
-32.533825372286785
 30
35.81331447187929
 10
-52.04397402753483
 20
-32.32681674000945
 30
35.80243698559671
 10
-51.83139565627244
 20
-32.11423836874706
 30
35.76980452674897
 10
-51.612319256194176
 20
-31.895161968668795
 30
35.71560463820302
 10
-51.38581653746919
 20
-31.668659249943808
 30
35.64002486282579
 10
-48.960174749218325
 20
-28.67733203674371
 30
35.75030006858711
 10
-48.960174749218325
 20
-28.67733203674371
 30
35.06764403292181
 10
-49.780782959680984
 20
-29.497940247206365
 30
35.06764403292181
 10
-49.780782959680984
 20
-29.497940247206365
 30
32.25
 10
-50.41891591196707
 20
-30.13607319949245
 30
32.25
 10
-50.41891591196707
 20
-30.13607319949245
 30
35.06764403292181
 10
-51.24111547642545
 20
-30.95827276395083
 30
35.06764403292181
 10
-51.24111547642545
 20
-30.95827276395083
 30
35.75030006858711
 10
-48.67733203674371
 20
-28.96017474921833
 30
35.75030006858711
 10
-48.67733203674371
 20
-28.96017474921833
 30
35.06764403292181
 10
-49.497940247206365
 20
-29.780782959680984
 30
35.06764403292181
 10
-49.497940247206365
 20
-29.780782959680984
 30
32.25
 10
-50.13607319949245
 20
-30.41891591196707
 30
32.25
 10
-50.13607319949245
 20
-30.41891591196707
 30
35.06764403292181
 10
-50.95827276395083
 20
-31.24111547642545
 30
35.06764403292181
 10
-50.95827276395083
 20
-31.24111547642545
 30
35.75030006858711
 10
-46.90785854606383
 20
-26.625015833589213
 30
34.898855452674894
 10
-47.109164826523156
 20
-26.826322114048537
 30
35.01194380144033
 10
-47.305697044995306
 20
-27.022854332520687
 30
35.09314986282579
 10
-47.494007267822866
 20
-27.211164555348248
 30
35.142661179698216
 10
-47.67170846401226
 20
-27.388865751537644
 30
35.15916495198903
 10
-47.870627713478
 20
-27.58778500100338
 30
35.13684735082305
 10
-48.01013641376997
 20
-27.727293701295352
 30
35.069894547325106
 10
-48.09209114454985
 20
-27.80924843207523
 30
34.95661865569273
 10
-48.11940938814314
 20
-27.836566675668525
 30
34.79383144718793
 10
-48.10097620435932
 20
-27.8181334918847
 30
34.668365269204386
 10
-48.045676653007845
 20
-27.762833940533227
 30
34.57403120713306
 10
-47.94184080478673
 20
-27.65899809231211
 30
34.50145211762688
 10
-47.77779873039399
 20
-27.49495601791937
 30
34.43975051440329
 10
-47.506207648456765
 20
-27.22336493598215
 30
34.3624828532236
 10
-47.153192287071576
 20
-26.870349574596954
 30
34.21432398834019
 10
-46.919528475365816
 20
-26.636685762891197
 30
34.0054012345679
 10
-46.78863960921736
 20
-26.505796896742744
 30
33.71621013374486
 10
-46.745009987167876
 20
-26.462167274693257
 30
33.32574588477366
 10
-46.80574666467142
 20
-26.5229039521968
 30
32.821255572702334
 10
-46.987956697182035
 20
-26.705113984707417
 30
32.46454903978052
 10
-47.294955405524156
 20
-27.012112693049538
 30
32.25243805727023
 10
-47.730058110522215
 20
-27.447215398047593
 30
32.18173439643347
 10
-47.96557850188964
 20
-27.682735789415023
 30
32.197675540123456
 10
-48.20215979592089
 20
-27.919317083446273
 30
32.24549897119341
 10
-48.43927154128406
 20
-28.156428828809435
 30
32.32389188957476
 10
-48.67638328664721
 20
-28.39354057417259
 30
32.43304183813443
 10
-48.67638328664721
 20
-28.39354057417259
 30
33.19446587791495
 10
-48.44324992627337
 20
-28.16040721379875
 30
33.03843021262003
 10
-48.21807333587815
 20
-27.935230623403534
 30
32.925904492455416
 10
-48.000720902628586
 20
-27.71787819015397
 30
32.85838906035665
 10
-47.791060013691705
 20
-27.508217301217087
 30
32.83588391632373
 10
-47.60659556302048
 20
-27.32375285054586
 30
32.860452031893004
 10
-47.4711978605508
 20
-27.18835514807618
 30
32.934156378600825
 10
-47.38804961427412
 20
-27.105206901799498
 30
33.054183813443075
 10
-47.36033353218189
 20
-27.077490819707275
 30
33.21622085048011
 10
-47.379164554464644
 20
-27.096321841990026
 30
33.361191486625515
 10
-47.43565762131292
 20
-27.152814908838298
 30
33.4690286351166
 10
-47.54851114217648
 20
-27.26566842970186
 30
33.553610468106996
 10
-47.736423526505114
 20
-27.453580814030495
 30
33.628815157750346
 10
-47.98361384717454
 20
-27.70077113469992
 30
33.70608281893004
 10
-48.30506735431117
 20
-28.02222464183655
 30
33.85199116941015
 10
-48.52679601104898
 20
-28.24395329857436
 30
34.06466478052126
 10
-48.655297846203844
 20
-28.372455133729225
 30
34.35348079561042
 10
-48.69813179125546
 20
-28.415289078780848
 30
34.72781635802469
 10
-48.638456016415745
 20
-28.355613303941126
 30
35.190297067901234
 10
-48.45942869189658
 20
-28.176585979421965
 30
35.532000171467764
 10
-48.168476136344694
 20
-27.885633423870075
 30
35.7429858967764
 10
-47.773024668406805
 20
-27.49018195593219
 30
35.81331447187929
 10
-47.56601603612946
 20
-27.283173323654843
 30
35.80243698559671
 10
-47.35343766486708
 20
-27.07059495239246
 30
35.76980452674897
 10
-47.134361264788815
 20
-26.851518552314197
 30
35.71560463820302
 10
-46.90785854606383
 20
-26.625015833589213
 30
35.64002486282579
 10
-46.62501583358921
 20
-26.90785854606383
 30
34.898855452674894
 10
-46.82632211404854
 20
-27.109164826523156
 30
35.01194380144033
 10
-47.02285433252069
 20
-27.305697044995306
 30
35.09314986282579
 10
-47.21116455534825
 20
-27.494007267822866
 30
35.142661179698216
 10
-47.388865751537644
 20
-27.671708464012262
 30
35.15916495198903
 10
-47.58778500100338
 20
-27.870627713477997
 30
35.13684735082305
 10
-47.72729370129535
 20
-28.01013641376997
 30
35.069894547325106
 10
-47.80924843207523
 20
-28.092091144549848
 30
34.95661865569273
 10
-47.83656667566852
 20
-28.119409388143144
 30
34.79383144718793
 10
-47.8181334918847
 20
-28.10097620435932
 30
34.668365269204386
 10
-47.76283394053323
 20
-28.045676653007845
 30
34.57403120713306
 10
-47.65899809231211
 20
-27.94184080478673
 30
34.50145211762688
 10
-47.49495601791937
 20
-27.77779873039399
 30
34.43975051440329
 10
-47.22336493598215
 20
-27.50620764845677
 30
34.3624828532236
 10
-46.87034957459696
 20
-27.153192287071573
 30
34.21432398834019
 10
-46.6366857628912
 20
-26.919528475365816
 30
34.0054012345679
 10
-46.505796896742744
 20
-26.788639609217363
 30
33.71621013374486
 10
-46.46216727469326
 20
-26.745009987167876
 30
33.32574588477366
 10
-46.5229039521968
 20
-26.805746664671418
 30
32.821255572702334
 10
-46.70511398470742
 20
-26.987956697182035
 30
32.46454903978052
 10
-47.01211269304954
 20
-27.294955405524156
 30
32.25243805727023
 10
-47.4472153980476
 20
-27.73005811052221
 30
32.18173439643347
 10
-47.68273578941502
 20
-27.96557850188964
 30
32.197675540123456
 10
-47.91931708344627
 20
-28.202159795920892
 30
32.24549897119341
 10
-48.15642882880944
 20
-28.439271541284054
 30
32.32389188957476
 10
-48.39354057417259
 20
-28.67638328664721
 30
32.43304183813443
 10
-48.39354057417259
 20
-28.67638328664721
 30
33.19446587791495
 10
-48.16040721379875
 20
-28.443249926273367
 30
33.03843021262003
 10
-47.935230623403534
 20
-28.218073335878152
 30
32.925904492455416
 10
-47.71787819015397
 20
-28.00072090262859
 30
32.85838906035665
 10
-47.50821730121709
 20
-27.791060013691705
 30
32.83588391632373
 10
-47.32375285054586
 20
-27.606595563020477
 30
32.860452031893004
 10
-47.188355148076184
 20
-27.4711978605508
 30
32.934156378600825
 10
-47.1052069017995
 20
-27.388049614274117
 30
33.054183813443075
 10
-47.07749081970727
 20
-27.360333532181894
 30
33.21622085048011
 10
-47.096321841990026
 20
-27.379164554464644
 30
33.361191486625515
 10
-47.1528149088383
 20
-27.435657621312917
 30
33.4690286351166
 10
-47.26566842970186
 20
-27.54851114217648
 30
33.553610468106996
 10
-47.453580814030495
 20
-27.736423526505114
 30
33.628815157750346
 10
-47.70077113469992
 20
-27.98361384717454
 30
33.70608281893004
 10
-48.02222464183655
 20
-28.30506735431117
 30
33.85199116941015
 10
-48.24395329857436
 20
-28.52679601104898
 30
34.06466478052126
 10
-48.372455133729225
 20
-28.655297846203844
 30
34.35348079561042
 10
-48.415289078780845
 20
-28.698131791255467
 30
34.72781635802469
 10
-48.355613303941126
 20
-28.638456016415745
 30
35.190297067901234
 10
-48.176585979421965
 20
-28.459428691896584
 30
35.532000171467764
 10
-47.885633423870075
 20
-28.168476136344694
 30
35.7429858967764
 10
-47.49018195593219
 20
-27.77302466840681
 30
35.81331447187929
 10
-47.28317332365484
 20
-27.56601603612946
 30
35.80243698559671
 10
-47.07059495239246
 20
-27.35343766486708
 30
35.76980452674897
 10
-46.8515185523142
 20
-27.134361264788815
 30
35.71560463820302
 10
-46.62501583358921
 20
-26.90785854606383
 30
35.64002486282579
 10
-44.527723419789794
 20
-24.244880707315176
 30
31.616855281207133
 10
-44.74812594819783
 20
-24.465283235723213
 30
32.18154685356653
 10
-44.90222206011729
 20
-24.61937934764267
 30
32.71735682441701
 10
-44.99292923787367
 20
-24.71008652539905
 30
33.2372256515775
 10
-45.02316496379245
 20
-24.740322251317835
 30
33.75259344993141
 10
-44.99279662504068
 20
-24.709953912566068
 30
34.26946159122085
 10
-44.90169160878538
 20
-24.618848896310762
 30
34.7923311042524
 10
-44.74719765836699
 20
-24.464354945892378
 30
35.330766675240056
 10
-44.527723419789794
 20
-24.244880707315176
 30
35.89283264746228
 10
-44.03493413244667
 20
-23.752091419972054
 30
35.89283264746228
 10
-44.220592098614695
 20
-23.937749386140077
 30
35.343707133058984
 10
-44.353204931591854
 20
-24.070362219117232
 30
34.806584362139915
 10
-44.43277263137815
 20
-24.149929918903528
 30
34.27865119170096
 10
-44.459295197973574
 20
-24.17645248549896
 30
33.757094478738
 10
-44.4330378570441
 20
-24.15019514456948
 30
33.235725308641975
 10
-44.35426583425567
 20
-24.07142312178105
 30
32.706854423868315
 10
-44.22191822694447
 20
-23.939075514469852
 30
32.168418852880656
 10
-44.03493413244667
 20
-23.752091419972054
 30
31.616855281207133
 10
-44.244880707315176
 20
-24.527723419789794
 30
31.616855281207133
 10
-44.46528323572321
 20
-24.74812594819783
 30
32.18154685356653
 10
-44.61937934764267
 20
-24.90222206011729
 30
32.71735682441701
 10
-44.71008652539905
 20
-24.992929237873668
 30
33.2372256515775
 10
-44.740322251317835
 20
-25.023164963792453
 30
33.75259344993141
 10
-44.709953912566064
 20
-24.992796625040686
 30
34.26946159122085
 10
-44.61884889631076
 20
-24.90169160878538
 30
34.7923311042524
 10
-44.464354945892374
 20
-24.747197658366996
 30
35.330766675240056
 10
-44.244880707315176
 20
-24.527723419789794
 30
35.89283264746228
 10
-43.752091419972054
 20
-24.034934132446672
 30
35.89283264746228
 10
-43.93774938614008
 20
-24.220592098614695
 30
35.343707133058984
 10
-44.070362219117236
 20
-24.35320493159185
 30
34.806584362139915
 10
-44.14992991890353
 20
-24.432772631378146
 30
34.27865119170096
 10
-44.176452485498956
 20
-24.459295197973578
 30
33.757094478738
 10
-44.15019514456948
 20
-24.4330378570441
 30
33.235725308641975
 10
-44.07142312178105
 20
-24.354265834255667
 30
32.706854423868315
 10
-43.93907551446985
 20
-24.22191822694447
 30
32.168418852880656
 10
-43.752091419972054
 20
-24.034934132446672
 30
31.616855281207133
 10
-41.961797714514766
 20
-21.678955002040148
 30
34.01215277777778
 10
-41.80173402511134
 20
-21.518891312636715
 30
33.81935871056241
 10
-41.70386575437419
 20
-21.42102304189957
 30
33.56261252572016
 10
-41.67124299746181
 20
-21.38840028498719
 30
33.24397719478738
 10
-41.741793024605656
 20
-21.45895031213104
 30
32.78580997085048
 10
-41.9534431060372
 20
-21.670600393562577
 30
32.4525462962963
 10
-42.299695212940556
 20
-22.01685250046594
 30
32.249437371399175
 10
-42.77511221916367
 20
-22.492269506689052
 30
32.18173439643347
 10
-42.96620731148376
 20
-22.68336459900914
 30
32.19261188271605
 10
-43.157567629469796
 20
-22.874724916995177
 30
32.22524434156379
 10
-43.347999657624996
 20
-23.065156945150378
 30
32.27963177297668
 10
-43.536309880452556
 20
-23.253467167977938
 30
32.35577417695473
 10
-43.536309880452556
 20
-23.253467167977938
 30
33.05193329903978
 10
-43.35781300726531
 20
-23.074970294790685
 30
32.94072037894376
 10
-43.18090748807378
 20
-22.89806477559916
 30
32.860639574759944
 10
-43.00572593571095
 20
-22.722883223236327
 30
32.81225351508916
 10
-42.83346186567362
 20
-22.550619153199
 30
32.796124828532236
 10
-42.6094787907752
 20
-22.326636078300577
 30
32.8270694015775
 10
-42.44464103938459
 20
-22.16179832690997
 30
32.91990312071331
 10
-42.343192222157064
 20
-22.060349509682446
 30
33.07143775720164
 10
-42.30937594974789
 20
-22.026533237273274
 30
33.276984739369
 10
-42.34398789915493
 20
-22.061145186680314
 30
33.48722029320987
 10
-42.44782374737605
 20
-22.164981034901427
 30
33.63931755829904
 10
-42.61929214041552
 20
-22.336449427940895
 30
33.73158864883402
 10
-42.8568017242776
 20
-22.573959011802984
 30
33.76234567901235
 10
-43.111948814925654
 20
-22.829106102451036
 30
33.76234567901235
 10
-43.111948814925654
 20
-22.829106102451036
 30
34.34372856652949
 10
-42.843540440979886
 20
-22.560697728505268
 30
34.34372856652949
 10
-42.63361432637705
 20
-22.350771613902428
 30
34.37035965363512
 10
-42.485485791941564
 20
-22.20264307946694
 30
34.45025291495199
 10
-42.397165645178774
 20
-22.114322932704155
 30
34.584721150548695
 10
-42.36772559625784
 20
-22.084882883783223
 30
34.77507716049383
 10
-42.396369968180906
 20
-22.113527255706288
 30
34.95343042695473
 10
-42.48230308395011
 20
-22.199460371475485
 30
35.08639831961591
 10
-42.62008781741337
 20
-22.337245104938752
 30
35.1691047239369
 10
-42.80534794508247
 20
-22.522505232607845
 30
35.19667352537723
 10
-42.96010712116681
 20
-22.67726440869219
 30
35.184295696159126
 10
-43.11672287691283
 20
-22.833880164438213
 30
35.1471622085048
 10
-43.27386908399076
 20
-22.991026371516142
 30
35.086585862482856
 10
-43.430219614070836
 20
-23.147376901596214
 30
35.00237911522634
 10
-43.430219614070836
 20
-23.147376901596214
 30
35.663280178326474
 10
-43.242174616909224
 20
-22.959331904434606
 30
35.72892018175583
 10
-43.05572097374334
 20
-22.772878261268723
 30
35.775805898491086
 10
-42.871654361571046
 20
-22.588811649096424
 30
35.803937328532236
 10
-42.6907704573902
 20
-22.407927744915582
 30
35.81331447187929
 10
-42.26932687418879
 20
-21.98648416171417
 30
35.75723915466392
 10
-41.96935664599446
 20
-21.68651393351984
 30
35.589013203017835
 10
-41.78953364447744
 20
-21.506690932002815
 30
35.308824159807955
 10
-41.729592643971756
 20
-21.44674993149714
 30
34.915359224965705
 10
-41.75823701589482
 20
-21.475394303420202
 30
34.636295438957475
 10
-41.84417013166402
 20
-21.561327419189404
 30
34.41274434156379
 10
-41.985668024450646
 20
-21.702825311976024
 30
34.24601873285322
 10
-42.18206763008982
 20
-21.899224917615204
 30
34.13743141289438
 10
-41.67895500204015
 20
-21.961797714514766
 30
34.01215277777778
 10
-41.51889131263671
 20
-21.801734025111333
 30
33.81935871056241
 10
-41.42102304189957
 20
-21.70386575437419
 30
33.56261252572016
 10
-41.38840028498719
 20
-21.671242997461807
 30
33.24397719478738
 10
-41.45895031213104
 20
-21.74179302460566
 30
32.78580997085048
 10
-41.67060039356258
 20
-21.9534431060372
 30
32.4525462962963
 10
-42.01685250046594
 20
-22.29969521294056
 30
32.249437371399175
 10
-42.49226950668905
 20
-22.77511221916367
 30
32.18173439643347
 10
-42.68336459900914
 20
-22.96620731148376
 30
32.19261188271605
 10
-42.87472491699518
 20
-23.157567629469796
 30
32.22524434156379
 10
-43.06515694515038
 20
-23.347999657624996
 30
32.27963177297668
 10
-43.25346716797794
 20
-23.53630988045256
 30
32.35577417695473
 10
-43.25346716797794
 20
-23.53630988045256
 30
33.05193329903978
 10
-43.07497029479069
 20
-23.357813007265303
 30
32.94072037894376
 10
-42.89806477559916
 20
-23.180907488073778
 30
32.860639574759944
 10
-42.72288322323632
 20
-23.005725935710945
 30
32.81225351508916
 10
-42.550619153199
 20
-22.83346186567362
 30
32.796124828532236
 10
-42.326636078300574
 20
-22.609478790775196
 30
32.8270694015775
 10
-42.161798326909974
 20
-22.444641039384592
 30
32.91990312071331
 10
-42.060349509682446
 20
-22.343192222157064
 30
33.07143775720164
 10
-42.02653323727327
 20
-22.309375949747892
 30
33.276984739369
 10
-42.061145186680314
 20
-22.343987899154932
 30
33.48722029320987
 10
-42.16498103490142
 20
-22.447823747376045
 30
33.63931755829904
 10
-42.3364494279409
 20
-22.619292140415514
 30
33.73158864883402
 10
-42.573959011802984
 20
-22.856801724277602
 30
33.76234567901235
 10
-42.829106102451036
 20
-23.111948814925654
 30
33.76234567901235
 10
-42.829106102451036
 20
-23.111948814925654
 30
34.34372856652949
 10
-42.56069772850527
 20
-22.843540440979886
 30
34.34372856652949
 10
-42.350771613902424
 20
-22.633614326377046
 30
34.37035965363512
 10
-42.20264307946694
 20
-22.48548579194156
 30
34.45025291495199
 10
-42.114322932704155
 20
-22.397165645178774
 30
34.584721150548695
 10
-42.08488288378322
 20
-22.36772559625784
 30
34.77507716049383
 10
-42.11352725570629
 20
-22.396369968180906
 30
34.95343042695473
 10
-42.19946037147549
 20
-22.482303083950107
 30
35.08639831961591
 10
-42.33724510493875
 20
-22.62008781741337
 30
35.1691047239369
 10
-42.52250523260785
 20
-22.805347945082463
 30
35.19667352537723
 10
-42.67726440869219
 20
-22.96010712116681
 30
35.184295696159126
 10
-42.83388016443821
 20
-23.11672287691283
 30
35.1471622085048
 10
-42.99102637151614
 20
-23.273869083990764
 30
35.086585862482856
 10
-43.14737690159621
 20
-23.430219614070833
 30
35.00237911522634
 10
-43.14737690159621
 20
-23.430219614070833
 30
35.663280178326474
 10
-42.959331904434606
 20
-23.242174616909224
 30
35.72892018175583
 10
-42.77287826126872
 20
-23.05572097374334
 30
35.775805898491086
 10
-42.58881164909643
 20
-22.871654361571043
 30
35.803937328532236
 10
-42.40792774491558
 20
-22.6907704573902
 30
35.81331447187929
 10
-41.98648416171417
 20
-22.269326874188792
 30
35.75723915466392
 10
-41.68651393351984
 20
-21.96935664599446
 30
35.589013203017835
 10
-41.50669093200281
 20
-21.789533644477434
 30
35.308824159807955
 10
-41.44674993149714
 20
-21.72959264397176
 30
34.915359224965705
 10
-41.4753943034202
 20
-21.758237015894824
 30
34.636295438957475
 10
-41.5613274191894
 20
-21.844170131664022
 30
34.41274434156379
 10
-41.70282531197603
 20
-21.985668024450643
 30
34.24601873285322
 10
-41.8992249176152
 20
-22.182067630089822
 30
34.13743141289438
 10
-40.94346377008316
 20
-20.660621057608545
 30
32.168418852880656
 10
-40.810850937106004
 20
-20.528008224631385
 30
32.706854423868315
 10
-40.73128323731971
 20
-20.44844052484509
 30
33.235725308641975
 10
-40.704760670724276
 20
-20.421917958249658
 30
33.757094478738
 10
-40.73128323731971
 20
-20.44844052484509
 30
34.27865119170096
 10
-40.810850937106004
 20
-20.528008224631385
 30
34.806584362139915
 10
-40.94346377008316
 20
-20.660621057608545
 30
35.343707133058984
 10
-41.129121736251186
 20
-20.846279023776564
 30
35.89283264746228
 10
-40.636862900239976
 20
-20.354020187765354
 30
35.89283264746228
 10
-40.417521274495755
 20
-20.134678562021136
 30
35.330766675240056
 10
-40.2634251625763
 20
-19.98058245010168
 30
34.7923311042524
 10
-40.17192230782206
 20
-19.88907959534744
 30
34.26946159122085
 10
-40.14142135623731
 20
-19.85857864376269
 30
33.75259344993141
 10
-40.171657082156095
 20
-19.88881436968148
 30
33.2372256515775
 10
-40.262364259912474
 20
-19.97952154743786
 30
32.71735682441701
 10
-40.41646037183194
 20
-20.13361765935732
 30
32.18154685356653
 10
-40.636862900239976
 20
-20.354020187765354
 30
31.616855281207133
 10
-41.129121736251186
 20
-20.846279023776564
 30
31.616855281207133
 10
-40.660621057608545
 20
-20.943463770083163
 30
32.168418852880656
 10
-40.528008224631385
 20
-20.810850937106004
 30
32.706854423868315
 10
-40.44844052484509
 20
-20.73128323731971
 30
33.235725308641975
 10
-40.42191795824966
 20
-20.704760670724276
 30
33.757094478738
 10
-40.44844052484509
 20
-20.73128323731971
 30
34.27865119170096
 10
-40.528008224631385
 20
-20.810850937106004
 30
34.806584362139915
 10
-40.660621057608545
 20
-20.943463770083163
 30
35.343707133058984
 10
-40.84627902377657
 20
-21.129121736251182
 30
35.89283264746228
 10
-40.35402018776536
 20
-20.636862900239976
 30
35.89283264746228
 10
-40.134678562021136
 20
-20.417521274495755
 30
35.330766675240056
 10
-39.98058245010168
 20
-20.263425162576297
 30
34.7923311042524
 10
-39.88907959534744
 20
-20.171922307822058
 30
34.26946159122085
 10
-39.85857864376269
 20
-20.14142135623731
 30
33.75259344993141
 10
-39.88881436968148
 20
-20.1716570821561
 30
33.2372256515775
 10
-39.979521547437855
 20
-20.262364259912477
 30
32.71735682441701
 10
-40.13361765935732
 20
-20.41646037183194
 30
32.18154685356653
 10
-40.35402018776536
 20
-20.636862900239976
 30
31.616855281207133
 10
-40.84627902377657
 20
-21.129121736251182
 30
31.616855281207133
 10
-79.9668586338064
 20
-59.684015921331785
 30
29.058230452674895
 10
-79.64498076560423
 20
-59.36213805312962
 30
28.994165809327846
 10
-79.40330713878667
 20
-59.120464426312054
 30
28.801971879286693
 10
-79.25212850919272
 20
-58.9692857967181
 30
28.495451817558298
 10
-79.20173563266138
 20
-58.91889292018677
 30
28.088408779149518
 10
-79.25658430038074
 20
-58.97374158790612
 30
27.683766289437585
 10
-79.4211303035388
 20
-59.138287591064184
 30
27.37724622770919
 10
-79.68317326150166
 20
-59.400330549027046
 30
27.18460219478738
 10
-80.03051279363544
 20
-59.74767008116082
 30
27.120387517146774
 10
-80.19813541451856
 20
-59.91529270204394
 30
27.131940157750343
 10
-80.36406059113959
 20
-60.08121787866497
 30
27.16659807956104
 10
-80.52860659429764
 20
-60.245763881823024
 30
27.22466135116598
 10
-80.69209169479188
 20
-60.409248982317266
 30
27.30643004115226
 10
-80.69209169479188
 20
-60.409248982317266
 30
27.874759945130315
 10
-80.53454764921503
 20
-60.2517049367404
 30
27.759683641975307
 10
-80.38527864441593
 20
-60.10243593194131
 30
27.677314814814814
 10
-80.24417859012823
 20
-59.96133587765362
 30
27.628253600823044
 10
-80.11114139608554
 20
-59.82829868361093
 30
27.611899862825787
 10
-79.9454283999973
 20
-59.66258568752267
 30
27.64400720164609
 10
-79.81918098300304
 20
-59.53633827052842
 30
27.740329218106996
 10
-79.73897674161844
 20
-59.45613402914383
 30
27.89156378600823
 10
-79.71224199449026
 20
-59.42939928201564
 30
28.088408779149518
 10
-79.73897674161844
 20
-59.45613402914383
 30
28.286304012345678
 10
-79.81918098300304
 20
-59.53633827052842
 30
28.437088477366256
 10
-79.9454283999973
 20
-59.66258568752267
 30
28.532960390946503
 10
-80.11114139608554
 20
-59.82829868361093
 30
28.56491769547325
 10
-80.22508234217952
 20
-59.94223962970491
 30
28.554715363511658
 10
-80.34623742638746
 20
-60.063394713912835
 30
28.524108367626887
 10
-80.47534928057402
 20
-60.1925065680994
 30
28.472946673525378
 10
-80.61400925873494
 20
-60.33116654626031
 30
28.399879972565156
 10
-80.61400925873494
 20
-60.33116654626031
 30
29.975240054869683
 10
-79.34474531174395
 20
-59.06190259926933
 30
29.975240054869683
 10
-79.34474531174395
 20
-59.06190259926933
 30
29.44411865569273
 10
-80.2066226358291
 20
-59.92377992335449
 30
29.44411865569273
 10
-80.2066226358291
 20
-59.92377992335449
 30
29.010819615912208
 10
-80.14827298931915
 20
-59.865430276844535
 30
29.030924211248283
 10
-80.08949898174367
 20
-59.806656269269055
 30
29.04562757201646
 10
-80.02934580070524
 20
-59.74650308823062
 30
29.055079732510286
 10
-79.68401592133179
 20
-59.9668586338064
 30
29.058230452674895
 10
-79.36213805312963
 20
-59.64498076560424
 30
28.994165809327846
 10
-79.12046442631205
 20
-59.40330713878667
 30
28.801971879286693
 10
-78.9692857967181
 20
-59.252128509192715
 30
28.495451817558298
 10
-78.91889292018678
 20
-59.20173563266139
 30
28.088408779149518
 10
-78.97374158790612
 20
-59.25658430038074
 30
27.683766289437585
 10
-79.13828759106418
 20
-59.4211303035388
 30
27.37724622770919
 10
-79.40033054902705
 20
-59.683173261501665
 30
27.18460219478738
 10
-79.74767008116082
 20
-60.03051279363544
 30
27.120387517146774
 10
-79.91529270204394
 20
-60.19813541451856
 30
27.131940157750343
 10
-80.08121787866497
 20
-60.36406059113959
 30
27.16659807956104
 10
-80.24576388182302
 20
-60.52860659429764
 30
27.22466135116598
 10
-80.40924898231727
 20
-60.692091694791884
 30
27.30643004115226
 10
-80.40924898231727
 20
-60.692091694791884
 30
27.874759945130315
 10
-80.2517049367404
 20
-60.53454764921502
 30
27.759683641975307
 10
-80.1024359319413
 20
-60.385278644415926
 30
27.677314814814814
 10
-79.96133587765362
 20
-60.244178590128236
 30
27.628253600823044
 10
-79.82829868361094
 20
-60.11114139608555
 30
27.611899862825787
 10
-79.66258568752266
 20
-59.94542839999729
 30
27.64400720164609
 10
-79.53633827052842
 20
-59.81918098300304
 30
27.740329218106996
 10
-79.45613402914384
 20
-59.73897674161845
 30
27.89156378600823
 10
-79.42939928201564
 20
-59.712241994490256
 30
28.088408779149518
 10
-79.45613402914384
 20
-59.73897674161845
 30
28.286304012345678
 10
-79.53633827052842
 20
-59.81918098300304
 30
28.437088477366256
 10
-79.66258568752266
 20
-59.94542839999729
 30
28.532960390946503
 10
-79.82829868361094
 20
-60.11114139608555
 30
28.56491769547325
 10
-79.94223962970491
 20
-60.225082342179526
 30
28.554715363511658
 10
-80.06339471391283
 20
-60.346237426387454
 30
28.524108367626887
 10
-80.19250656809939
 20
-60.475349280574015
 30
28.472946673525378
 10
-80.3311665462603
 20
-60.61400925873493
 30
28.399879972565156
 10
-80.3311665462603
 20
-60.61400925873493
 30
29.975240054869683
 10
-79.06190259926933
 20
-59.34474531174395
 30
29.975240054869683
 10
-79.06190259926933
 20
-59.34474531174395
 30
29.44411865569273
 10
-79.92377992335449
 20
-60.206622635829106
 30
29.44411865569273
 10
-79.92377992335449
 20
-60.206622635829106
 30
29.010819615912208
 10
-79.86543027684453
 20
-60.14827298931915
 30
29.030924211248283
 10
-79.80665626926906
 20
-60.089498981743674
 30
29.04562757201646
 10
-79.74650308823061
 20
-60.02934580070524
 30
29.055079732510286
 10
-77.85566233281004
 20
-57.57281962033542
 30
29.975240054869683
 10
-77.85566233281004
 20
-57.57281962033542
 30
28.934002057613167
 10
-78.17011388236548
 20
-57.88727116989086
 30
28.934002057613167
 10
-78.17011388236548
 20
-57.88727116989086
 30
29.975240054869683
 10
-77.57281962033542
 20
-57.85566233281004
 30
29.975240054869683
 10
-77.57281962033542
 20
-57.85566233281004
 30
28.934002057613167
 10
-77.88727116989085
 20
-58.17011388236548
 30
28.934002057613167
 10
-77.88727116989085
 20
-58.17011388236548
 30
29.975240054869683
 10
-78.43915879790953
 20
-58.156316085434916
 30
29.975240054869683
 10
-78.43915879790953
 20
-58.156316085434916
 30
28.934002057613167
 10
-78.75361034746498
 20
-58.47076763499036
 30
28.934002057613167
 10
-78.75361034746498
 20
-58.47076763499036
 30
29.975240054869683
 10
-78.15631608543492
 20
-58.439158797909535
 30
29.975240054869683
 10
-78.15631608543492
 20
-58.439158797909535
 30
28.934002057613167
 10
-78.47076763499035
 20
-58.75361034746498
 30
28.934002057613167
 10
-78.47076763499035
 20
-58.75361034746498
 30
29.975240054869683
 10
-75.90657195884496
 20
-55.623729246370345
 30
29.430915637860082
 10
-75.97213574346887
 20
-55.68929303099426
 30
29.340294924554183
 10
-75.99399033834351
 20
-55.71114762586889
 30
29.210065157750343
 10
-75.97924379131645
 20
-55.69640107884183
 30
29.10969221536351
 10
-75.93500415023527
 20
-55.65216143776065
 30
29.034224965706446
 10
-75.85193547165838
 20
-55.569092759183754
 30
28.97616169410151
 10
-75.72070181214417
 20
-55.43785909966956
 30
28.926800411522635
 10
-75.5034289465944
 20
-55.22058623411978
 30
28.864986282578876
 10
-75.22101665748625
 20
-54.93817394501163
 30
28.74645919067215
 10
-75.03408560812164
 20
-54.751242895647025
 30
28.57932098765432
 10
-74.92937451520288
 20
-54.64653180272826
 30
28.347968106995886
 10
-74.8944708175633
 20
-54.61162810508868
 30
28.03559670781893
 10
-74.94306015956613
 20
-54.660217447091505
 30
27.632004458161866
 10
-75.08882818557461
 20
-54.805985473099994
 30
27.346639231824415
 10
-75.33442715224831
 20
-55.05158443977369
 30
27.176950445816185
 10
-75.68250931624675
 20
-55.39966660377214
 30
27.120387517146774
 10
-75.8709256293407
 20
-55.588082916866085
 30
27.133140432098763
 10
-76.06019066456571
 20
-55.777347952091084
 30
27.171399176954733
 10
-76.24988006085623
 20
-55.96703734838161
 30
27.234113511659807
 10
-76.43956945714676
 20
-56.15672674467214
 30
27.321433470507543
 10
-76.43956945714676
 20
-56.15672674467214
 30
27.93057270233196
 10
-76.25306276884768
 20
-55.97022005637306
 30
27.80574417009602
 10
-76.0729214965315
 20
-55.790078784056895
 30
27.715723593964334
 10
-75.89903954993186
 20
-55.61619683745724
 30
27.66171124828532
 10
-75.73131083878235
 20
-55.44846812630773
 30
27.643707133058985
 10
-75.58373927824536
 20
-55.30089656577075
 30
27.6633616255144
 10
-75.47542111626962
 20
-55.192578403795004
 30
27.722325102880657
 10
-75.40890251924829
 20
-55.12605980677367
 30
27.818347050754458
 10
-75.38672965357449
 20
-55.10388694109988
 30
27.947976680384087
 10
-75.4017944714007
 20
-55.11895175892609
 30
28.06395318930041
 10
-75.44698892487932
 20
-55.1641462124047
 30
28.150222908093276
 10
-75.53727174157018
 20
-55.254429029095554
 30
28.217888374485597
 10
-75.68760164903307
 20
-55.40475893655846
 30
28.278052126200272
 10
-75.88535390556862
 20
-55.602511193093996
 30
28.33986625514403
 10
-76.14251671127792
 20
-55.8596739988033
 30
28.45659293552812
 10
-76.31989963666817
 20
-56.03705692419355
 30
28.62673182441701
 10
-76.42270110479205
 20
-56.13985839231744
 30
28.85778463648834
 10
-76.45696826083335
 20
-56.17412554835874
 30
29.157253086419754
 10
-76.40922764096157
 20
-56.126384928486964
 30
29.527237654320988
 10
-76.26600578134625
 20
-55.98316306887163
 30
29.80060013717421
 10
-76.03324373690475
 20
-55.750401024430126
 30
29.969388717421126
 10
-75.71688256255443
 20
-55.43403985007981
 30
30.025651577503428
 10
-75.55127565673257
 20
-55.268432944257945
 30
30.016949588477367
 10
-75.38121295972266
 20
-55.098370247248035
 30
29.990843621399176
 10
-75.20595183966003
 20
-54.92310912718542
 30
29.947483710562413
 10
-75.02474966468006
 20
-54.74190695220543
 30
29.887019890260632
 10
-75.02474966468006
 20
-54.74190695220543
 30
29.294084362139916
 10
-75.18579468904753
 20
-54.9029519765729
 30
29.384555041152264
 10
-75.34302046382524
 20
-55.060177751350615
 30
29.449519890260632
 10
-75.49366864208727
 20
-55.21082592961266
 30
29.489128943758573
 10
-75.6358295990388
 20
-55.352986886564175
 30
29.50233196159122
 10
-75.79496499861139
 20
-55.512122286136766
 30
29.484477880658435
 10
-75.62372924637035
 20
-55.906571958844964
 30
29.430915637860082
 10
-75.68929303099426
 20
-55.972135743468876
 30
29.340294924554183
 10
-75.71114762586889
 20
-55.99399033834351
 30
29.210065157750343
 10
-75.69640107884183
 20
-55.97924379131645
 30
29.10969221536351
 10
-75.65216143776064
 20
-55.935004150235265
 30
29.034224965706446
 10
-75.56909275918375
 20
-55.85193547165837
 30
28.97616169410151
 10
-75.43785909966957
 20
-55.72070181214418
 30
28.926800411522635
 10
-75.22058623411978
 20
-55.5034289465944
 30
28.864986282578876
 10
-74.93817394501163
 20
-55.221016657486246
 30
28.74645919067215
 10
-74.75124289564702
 20
-55.03408560812164
 30
28.57932098765432
 10
-74.64653180272826
 20
-54.92937451520288
 30
28.347968106995886
 10
-74.61162810508867
 20
-54.894470817563295
 30
28.03559670781893
 10
-74.6602174470915
 20
-54.94306015956612
 30
27.632004458161866
 10
-74.8059854731
 20
-55.08882818557461
 30
27.346639231824415
 10
-75.05158443977369
 20
-55.33442715224831
 30
27.176950445816185
 10
-75.39966660377215
 20
-55.68250931624676
 30
27.120387517146774
 10
-75.58808291686609
 20
-55.870925629340704
 30
27.133140432098763
 10
-75.77734795209108
 20
-56.0601906645657
 30
27.171399176954733
 10
-75.96703734838161
 20
-56.24988006085623
 30
27.234113511659807
 10
-76.15672674467214
 20
-56.43956945714676
 30
27.321433470507543
 10
-76.15672674467214
 20
-56.43956945714676
 30
27.93057270233196
 10
-75.97022005637305
 20
-56.25306276884768
 30
27.80574417009602
 10
-75.7900787840569
 20
-56.072921496531514
 30
27.715723593964334
 10
-75.61619683745724
 20
-55.89903954993186
 30
27.66171124828532
 10
-75.44846812630773
 20
-55.73131083878235
 30
27.643707133058985
 10
-75.30089656577076
 20
-55.58373927824537
 30
27.6633616255144
 10
-75.19257840379501
 20
-55.47542111626962
 30
27.722325102880657
 10
-75.12605980677367
 20
-55.40890251924829
 30
27.818347050754458
 10
-75.10388694109989
 20
-55.3867296535745
 30
27.947976680384087
 10
-75.11895175892609
 20
-55.401794471400706
 30
28.06395318930041
 10
-75.1641462124047
 20
-55.44698892487932
 30
28.150222908093276
 10
-75.25442902909555
 20
-55.53727174157017
 30
28.217888374485597
 10
-75.40475893655847
 20
-55.68760164903308
 30
28.278052126200272
 10
-75.60251119309399
 20
-55.885353905568614
 30
28.33986625514403
 10
-75.8596739988033
 20
-56.14251671127792
 30
28.45659293552812
 10
-76.03705692419355
 20
-56.31989963666817
 30
28.62673182441701
 10
-76.13985839231745
 20
-56.42270110479206
 30
28.85778463648834
 10
-76.17412554835875
 20
-56.45696826083336
 30
29.157253086419754
 10
-76.12638492848697
 20
-56.40922764096158
 30
29.527237654320988
 10
-75.98316306887163
 20
-56.26600578134625
 30
29.80060013717421
 10
-75.75040102443012
 20
-56.033243736904744
 30
29.969388717421126
 10
-75.43403985007981
 20
-55.71688256255443
 30
30.025651577503428
 10
-75.26843294425794
 20
-55.551275656732564
 30
30.016949588477367
 10
-75.09837024724803
 20
-55.38121295972265
 30
29.990843621399176
 10
-74.92310912718543
 20
-55.20595183966004
 30
29.947483710562413
 10
-74.74190695220543
 20
-55.02474966468005
 30
29.887019890260632
 10
-74.74190695220543
 20
-55.02474966468005
 30
29.294084362139916
 10
-74.9029519765729
 20
-55.18579468904752
 30
29.384555041152264
 10
-75.06017775135061
 20
-55.34302046382523
 30
29.449519890260632
 10
-75.21082592961267
 20
-55.49366864208728
 30
29.489128943758573
 10
-75.35298688656417
 20
-55.63582959903879
 30
29.50233196159122
 10
-75.51212228613676
 20
-55.794964998611384
 30
29.484477880658435
 10
-74.28933193812193
 20
-54.00648922564731
 30
29.639163237311386
 10
-73.96692361858786
 20
-53.68408090611324
 30
29.929029492455417
 10
-73.54203210172903
 20
-53.25918938925442
 30
30.025651577503428
 10
-73.11395787687877
 20
-52.83111516440415
 30
29.929929698216736
 10
-72.792186098943
 20
-52.50934338646838
 30
29.64276406035665
 10
-72.5907206830841
 20
-52.30787797060948
 30
29.18395919067215
 10
-72.52356554446447
 20
-52.24072283198985
 30
28.572119341563784
 10
-72.55921187396874
 20
-52.27636916149411
 30
28.132518861454045
 10
-72.66615086248152
 20
-52.38330815000689
 30
27.758333333333333
 10
-72.84003280908115
 20
-52.55719009660654
 30
27.459164951989024
 10
-73.07650801284603
 20
-52.79366530037141
 30
27.244615912208502
 10
-72.67760861125073
 20
-52.394765898776114
 30
26.614471879286693
 10
-73.16435075341009
 20
-52.88150804093547
 30
26.614471879286693
 10
-73.4877138853416
 20
-53.20487117286698
 30
27.124588477366252
 10
-73.52760382550113
 20
-53.244761113026506
 30
27.124588477366252
 10
-73.9625739176662
 20
-53.67973120519159
 30
27.220160322359394
 10
-74.28890757705639
 20
-54.00606486458178
 30
27.50687585733882
 10
-74.49260088850932
 20
-54.2097581760347
 30
27.96463048696845
 10
-74.56049865899362
 20
-54.277655946519
 30
28.572119341563784
 10
-74.49270697877569
 20
-54.209864266301075
 30
29.17945816186557
 10
-73.75272737076315
 20
-53.46988465828853
 30
27.703420781893005
 10
-73.54203210172903
 20
-53.25918938925442
 30
27.643707133058985
 10
-73.33388299908809
 20
-53.05104028661347
 30
27.704621056241425
 10
-73.17877902963801
 20
-52.89593631716339
 30
27.887362825788752
 10
-73.082342977497
 20
-52.799500265022395
 30
28.1806798696845
 10
-73.05019762678336
 20
-52.76735491430874
 30
28.572119341563784
 10
-73.082342977497
 20
-52.799500265022395
 30
28.96520919067215
 10
-73.17877902963801
 20
-52.89593631716339
 30
29.258676268861453
 10
-73.33388299908809
 20
-53.05104028661347
 30
29.441418038408777
 10
-73.54203210172903
 20
-53.25918938925442
 30
29.50233196159122
 10
-73.74922639197256
 20
-53.46638367949794
 30
29.441418038408777
 10
-73.9040120906235
 20
-53.62116937814888
 30
29.258676268861453
 10
-74.00044814276447
 20
-53.71760543028986
 30
28.96520919067215
 10
-74.03259349347815
 20
-53.74975078100353
 30
28.572119341563784
 10
-74.00119077462915
 20
-53.71834806215453
 30
28.174678497942384
 10
-73.90698261808217
 20
-53.62413990560756
 30
27.88256172839506
 10
-74.0064892256473
 20
-54.289331938121926
 30
29.639163237311386
 10
-73.68408090611324
 20
-53.966923618587856
 30
29.929029492455417
 10
-73.25918938925443
 20
-53.54203210172904
 30
30.025651577503428
 10
-72.83111516440415
 20
-53.11395787687877
 30
29.929929698216736
 10
-72.50934338646837
 20
-52.792186098943
 30
29.64276406035665
 10
-72.30787797060948
 20
-52.5907206830841
 30
29.18395919067215
 10
-72.24072283198984
 20
-52.52356554446447
 30
28.572119341563784
 10
-72.2763691614941
 20
-52.55921187396873
 30
28.132518861454045
 10
-72.38330815000688
 20
-52.66615086248151
 30
27.758333333333333
 10
-72.55719009660655
 20
-52.84003280908116
 30
27.459164951989024
 10
-72.7936653003714
 20
-53.07650801284603
 30
27.244615912208502
 10
-72.39476589877611
 20
-52.67760861125073
 30
26.614471879286693
 10
-72.88150804093547
 20
-53.16435075341009
 30
26.614471879286693
 10
-73.20487117286697
 20
-53.4877138853416
 30
27.124588477366252
 10
-73.2447611130265
 20
-53.527603825501124
 30
27.124588477366252
 10
-73.67973120519159
 20
-53.962573917666205
 30
27.220160322359394
 10
-74.00606486458179
 20
-54.2889075770564
 30
27.50687585733882
 10
-74.2097581760347
 20
-54.492600888509315
 30
27.96463048696845
 10
-74.27765594651899
 20
-54.560498658993616
 30
28.572119341563784
 10
-74.20986426630108
 20
-54.49270697877569
 30
29.17945816186557
 10
-73.46988465828852
 20
-53.75272737076315
 30
27.703420781893005
 10
-73.25918938925443
 20
-53.54203210172904
 30
27.643707133058985
 10
-73.05104028661347
 20
-53.33388299908809
 30
27.704621056241425
 10
-72.89593631716339
 20
-53.17877902963801
 30
27.887362825788752
 10
-72.7995002650224
 20
-53.082342977497014
 30
28.1806798696845
 10
-72.76735491430874
 20
-53.05019762678336
 30
28.572119341563784
 10
-72.7995002650224
 20
-53.082342977497014
 30
28.96520919067215
 10
-72.89593631716339
 20
-53.17877902963801
 30
29.258676268861453
 10
-73.05104028661347
 20
-53.33388299908809
 30
29.441418038408777
 10
-73.25918938925443
 20
-53.54203210172904
 30
29.50233196159122
 10
-73.46638367949794
 20
-53.749226391972556
 30
29.441418038408777
 10
-73.62116937814888
 20
-53.904012090623496
 30
29.258676268861453
 10
-73.71760543028986
 20
-54.000448142764476
 30
28.96520919067215
 10
-73.74975078100353
 20
-54.032593493478146
 30
28.572119341563784
 10
-73.71834806215453
 20
-54.00119077462915
 30
28.174678497942384
 10
-73.62413990560756
 20
-53.906982618082175
 30
27.88256172839506
 10
-71.63240730685796
 20
-51.34956459438334
 30
27.175
 10
-72.10981350557573
 20
-51.82697079310111
 30
27.175
 10
-72.10981350557573
 20
-51.82697079310111
 30
27.900565843621397
 10
-71.63240730685796
 20
-51.34956459438334
 30
27.900565843621397
 10
-71.34956459438334
 20
-51.63240730685796
 30
27.175
 10
-71.82697079310111
 20
-52.10981350557573
 30
27.175
 10
-71.82697079310111
 20
-52.10981350557573
 30
27.900565843621397
 10
-71.34956459438334
 20
-51.63240730685796
 30
27.900565843621397
 10
-71.07819175527982
 20
-50.7953490428052
 30
27.900565843621397
 10
-70.60078555656206
 20
-50.31794284408744
 30
27.900565843621397
 10
-70.60078555656206
 20
-50.31794284408744
 30
27.32863511659808
 10
-70.92839229914883
 20
-50.64554958667421
 30
26.629475308641975
 10
-71.21059240772422
 20
-50.9277496952496
 30
26.629475308641975
 10
-71.07819175527982
 20
-50.7953490428052
 30
27.32863511659808
 10
-70.7953490428052
 20
-51.07819175527982
 30
27.900565843621397
 10
-70.31794284408744
 20
-50.60078555656206
 30
27.900565843621397
 10
-70.31794284408744
 20
-50.60078555656206
 30
27.32863511659808
 10
-70.6455495866742
 20
-50.928392299148825
 30
26.629475308641975
 10
-70.9277496952496
 20
-51.21059240772422
 30
26.629475308641975
 10
-70.7953490428052
 20
-51.07819175527982
 30
27.32863511659808
 10
-68.95384026125214
 20
-48.67099754877752
 30
27.511676954732508
 10
-69.17058267547
 20
-48.88773996299538
 30
27.972432270233195
 10
-69.24283014687596
 20
-48.95998743440134
 30
28.572119341563784
 10
-69.17058267547
 20
-48.88773996299538
 30
29.173456790123456
 10
-68.95384026125214
 20
-48.67099754877752
 30
29.634362139917695
 10
-68.61339659643318
 20
-48.33055388395855
 30
29.927829218106996
 10
-68.17004537322393
 20
-47.88720266074932
 30
30.025651577503428
 10
-68.00751508512712
 20
-47.724672372652506
 30
30.01244855967078
 10
-67.85177457407876
 20
-47.56893186160414
 30
29.97283950617284
 10
-67.70229338874691
 20
-47.419450676272284
 30
29.907874657064472
 10
-67.55854107779966
 20
-47.27569836532504
 30
29.817403978052127
 10
-67.55854107779966
 20
-47.27569836532504
 30
29.23827160493827
 10
-67.69964113208735
 20
-47.41679841961274
 30
29.356798696844994
 10
-67.83861938104742
 20
-47.555776668572804
 30
29.438717421124828
 10
-67.98014379640065
 20
-47.69730108392603
 30
29.486428326474623
 10
-68.12888234986782
 20
-47.846039637393204
 30
29.50233196159122
 10
-68.37299605281218
 20
-48.090153340337565
 30
29.440367798353908
 10
-68.55876010924658
 20
-48.27591739677196
 30
29.254475308641975
 10
-68.67588376333201
 20
-48.39304105085739
 30
28.96025805898491
 10
-68.71492498136048
 20
-48.432082268885864
 30
28.572119341563784
 10
-68.67588376333201
 20
-48.39304105085739
 30
28.185180898491083
 10
-68.55876010924658
 20
-48.27591739677196
 30
27.890963648834017
 10
-68.37299605281218
 20
-48.090153340337565
 30
27.705521262002744
 10
-68.12888234986782
 20
-47.846039637393204
 30
27.643707133058985
 10
-67.98014379640065
 20
-47.69730108392603
 30
27.659610768175583
 10
-67.83861938104742
 20
-47.555776668572804
 30
27.707321673525378
 10
-67.69964113208735
 20
-47.41679841961274
 30
27.78969050068587
 10
-67.55854107779966
 20
-47.27569836532504
 30
27.908367626886143
 10
-67.55854107779966
 20
-47.27569836532504
 30
27.32863511659808
 10
-67.70229338874691
 20
-47.419450676272284
 30
27.238164437585734
 10
-67.85177457407876
 20
-47.56893186160414
 30
27.173199588477367
 10
-68.00751508512712
 20
-47.724672372652506
 30
27.133590534979422
 10
-68.17004537322393
 20
-47.88720266074932
 30
27.120387517146774
 10
-68.61339659643318
 20
-48.33055388395855
 30
27.21820987654321
 10
-68.67099754877752
 20
-48.95384026125214
 30
27.511676954732508
 10
-68.88773996299538
 20
-49.17058267547
 30
27.972432270233195
 10
-68.95998743440134
 20
-49.24283014687596
 30
28.572119341563784
 10
-68.88773996299538
 20
-49.17058267547
 30
29.173456790123456
 10
-68.67099754877752
 20
-48.95384026125214
 30
29.634362139917695
 10
-68.33055388395854
 20
-48.61339659643317
 30
29.927829218106996
 10
-67.88720266074932
 20
-48.170045373223935
 30
30.025651577503428
 10
-67.7246723726525
 20
-48.007515085127125
 30
30.01244855967078
 10
-67.56893186160414
 20
-47.85177457407876
 30
29.97283950617284
 10
-67.41945067627228
 20
-47.7022933887469
 30
29.907874657064472
 10
-67.27569836532504
 20
-47.55854107779966
 30
29.817403978052127
 10
-67.27569836532504
 20
-47.55854107779966
 30
29.23827160493827
 10
-67.41679841961275
 20
-47.69964113208736
 30
29.356798696844994
 10
-67.5557766685728
 20
-47.83861938104742
 30
29.438717421124828
 10
-67.69730108392602
 20
-47.98014379640065
 30
29.486428326474623
 10
-67.8460396373932
 20
-48.12888234986782
 30
29.50233196159122
 10
-68.09015334033757
 20
-48.372996052812184
 30
29.440367798353908
 10
-68.27591739677196
 20
-48.55876010924658
 30
29.254475308641975
 10
-68.39304105085739
 20
-48.67588376333201
 30
28.96025805898491
 10
-68.43208226888586
 20
-48.71492498136048
 30
28.572119341563784
 10
-68.39304105085739
 20
-48.67588376333201
 30
28.185180898491083
 10
-68.27591739677196
 20
-48.55876010924658
 30
27.890963648834017
 10
-68.09015334033757
 20
-48.372996052812184
 30
27.705521262002744
 10
-67.8460396373932
 20
-48.12888234986782
 30
27.643707133058985
 10
-67.69730108392602
 20
-47.98014379640065
 30
27.659610768175583
 10
-67.5557766685728
 20
-47.83861938104742
 30
27.707321673525378
 10
-67.41679841961275
 20
-47.69964113208736
 30
27.78969050068587
 10
-67.27569836532504
 20
-47.55854107779966
 30
27.908367626886143
 10
-67.27569836532504
 20
-47.55854107779966
 30
27.32863511659808
 10
-67.41945067627228
 20
-47.7022933887469
 30
27.238164437585734
 10
-67.56893186160414
 20
-47.85177457407876
 30
27.173199588477367
 10
-67.7246723726525
 20
-48.007515085127125
 30
27.133590534979422
 10
-67.88720266074932
 20
-48.170045373223935
 30
27.120387517146774
 10
-68.33055388395854
 20
-48.61339659643317
 30
27.21820987654321
 10
-67.13545309546933
 20
-46.85261038299471
 30
29.975240054869683
 10
-66.62494673364047
 20
-46.34210402116585
 30
29.975240054869683
 10
-66.62494673364047
 20
-46.34210402116585
 30
27.720524691358023
 10
-65.72869616324765
 20
-45.44585345077303
 30
27.720524691358023
 10
-65.72869616324765
 20
-45.44585345077303
 30
27.175
 10
-67.13545309546933
 20
-46.85261038299471
 30
27.175
 10
-66.85261038299471
 20
-47.13545309546933
 30
29.975240054869683
 10
-66.34210402116585
 20
-46.62494673364047
 30
29.975240054869683
 10
-66.34210402116585
 20
-46.62494673364047
 30
27.720524691358023
 10
-65.44585345077303
 20
-45.72869616324765
 30
27.720524691358023
 10
-65.44585345077303
 20
-45.72869616324765
 30
27.175
 10
-66.85261038299471
 20
-47.13545309546933
 30
27.175
 10
-64.07878034047903
 20
-43.79593762800441
 30
28.36207133058985
 10
-64.89440230842175
 20
-44.61155959594713
 30
28.36207133058985
 10
-64.89440230842175
 20
-44.61155959594713
 30
27.720524691358023
 10
-63.99815173802892
 20
-43.715309025554305
 30
27.720524691358023
 10
-63.99815173802892
 20
-43.715309025554305
 30
27.175
 10
-65.40490867025062
 20
-45.122065957775995
 30
27.175
 10
-65.40490867025062
 20
-45.122065957775995
 30
29.975240054869683
 10
-64.02743265155028
 20
-43.74458993907567
 30
29.975240054869683
 10
-64.02743265155028
 20
-43.74458993907567
 30
29.429115226337448
 10
-64.89440230842175
 20
-44.61155959594713
 30
29.429115226337448
 10
-64.89440230842175
 20
-44.61155959594713
 30
28.908196159122085
 10
-64.07878034047903
 20
-43.79593762800441
 30
28.908196159122085
 10
-63.79593762800441
 20
-44.07878034047903
 30
28.36207133058985
 10
-64.61155959594713
 20
-44.894402308421746
 30
28.36207133058985
 10
-64.61155959594713
 20
-44.894402308421746
 30
27.720524691358023
 10
-63.715309025554305
 20
-43.99815173802892
 30
27.720524691358023
 10
-63.715309025554305
 20
-43.99815173802892
 30
27.175
 10
-65.12206595777599
 20
-45.40490867025061
 30
27.175
 10
-65.12206595777599
 20
-45.40490867025061
 30
29.975240054869683
 10
-63.74458993907567
 20
-44.027432651550285
 30
29.975240054869683
 10
-63.74458993907567
 20
-44.027432651550285
 30
29.429115226337448
 10
-64.61155959594713
 20
-44.894402308421746
 30
29.429115226337448
 10
-64.61155959594713
 20
-44.894402308421746
 30
28.908196159122085
 10
-63.79593762800441
 20
-44.07878034047903
 30
28.908196159122085
 10
-61.710421233773374
 20
-41.427578521298756
 30
27.175
 10
-62.22347376199539
 20
-41.940631049520775
 30
27.175
 10
-62.348235915260304
 20
-42.065393202785685
 30
27.68511659807956
 10
-63.14645907951642
 20
-42.8636163670418
 30
27.68511659807956
 10
-63.27249431597791
 20
-42.98965160350329
 30
27.175
 10
-63.78597120526547
 20
-43.50312849279085
 30
27.175
 10
-63.052675284034976
 20
-42.76983257156036
 30
29.975240054869683
 10
-62.44371715500386
 20
-42.16087444252924
 30
29.975240054869683
 10
-63.01915075985834
 20
-42.73630804738372
 30
28.204835390946503
 10
-62.47681731811496
 20
-42.19397460564034
 30
28.204835390946503
 10
-62.74755967792113
 20
-42.46471696544651
 30
29.31868998628258
 10
-61.427578521298756
 20
-41.710421233773374
 30
27.175
 10
-61.940631049520775
 20
-42.22347376199539
 30
27.175
 10
-62.065393202785685
 20
-42.348235915260304
 30
27.68511659807956
 10
-62.8636163670418
 20
-43.14645907951642
 30
27.68511659807956
 10
-62.98965160350329
 20
-43.27249431597791
 30
27.175
 10
-63.50312849279085
 20
-43.78597120526547
 30
27.175
 10
-62.76983257156036
 20
-43.052675284034976
 30
29.975240054869683
 10
-62.16087444252924
 20
-42.44371715500386
 30
29.975240054869683
 10
-62.73630804738372
 20
-43.01915075985834
 30
28.204835390946503
 10
-62.19397460564034
 20
-42.47681731811496
 30
28.204835390946503
 10
-62.46471696544651
 20
-42.74755967792113
 30
29.31868998628258
 10
-60.32923205574967
 20
-40.04638934327505
 30
29.92872942386831
 10
-60.094878657312435
 20
-39.81203594483782
 30
29.789197530864197
 10
-59.95802221368001
 20
-39.67517950120539
 30
29.549742798353908
 10
-59.91240339913587
 20
-39.62956068666125
 30
29.202263374485597
 10
-59.93616761880537
 20
-39.65332490633075
 30
28.949755658436214
 10
-60.00746027781389
 20
-39.72461756533927
 30
28.74675925925926
 10
-60.126175285895044
 20
-39.843332573420426
 30
28.591923868312758
 10
-60.2930552749135
 20
-40.01021256243888
 30
28.483899176954733
 10
-60.19375478558021
 20
-39.91091207310559
 30
28.42883659122085
 10
-60.105487683950614
 20
-39.822644971475995
 30
28.330864197530865
 10
-60.02188855404181
 20
-39.73904584156719
 30
28.18128000685871
 10
-59.93744070200195
 20
-39.65459798952733
 30
27.970181755829902
 10
-59.66033292621289
 20
-39.37749021373827
 30
27.175
 10
-60.20393945115285
 20
-39.92109673867823
 30
27.175
 10
-60.445400897437665
 20
-40.162558184963046
 30
27.870558984910836
 10
-60.5189214520402
 20
-40.236078739565585
 30
28.047299382716048
 10
-60.59350290930655
 20
-40.31066019683193
 30
28.157424554183812
 10
-60.68070910827233
 20
-40.39786639579771
 30
28.215487825788752
 10
-60.792952610104194
 20
-40.510109897629576
 30
28.234842249657063
 10
-60.93723537238334
 20
-40.65439265990872
 30
28.234842249657063
 10
-60.93723537238334
 20
-40.65439265990872
 30
27.175
 10
-61.447741734212215
 20
-41.1648990217376
 30
27.175
 10
-61.447741734212215
 20
-41.1648990217376
 30
29.975240054869683
 10
-60.668190456839284
 20
-40.385347744364665
 30
29.975240054869683
 10
-60.440308564651346
 20
-40.15746585217673
 30
29.25957647462277
 10
-60.49250497571115
 20
-40.20966226323653
 30
29.369101508916323
 10
-60.58480350746325
 20
-40.30196079498863
 30
29.431215706447187
 10
-60.722508673226734
 20
-40.439665960752116
 30
29.451920438957476
 10
-60.93723537238334
 20
-40.65439265990872
 30
29.451920438957476
 10
-60.93723537238334
 20
-40.65439265990872
 30
28.733556241426612
 10
-60.722508673226734
 20
-40.439665960752116
 30
28.733556241426612
 10
-60.58480350746325
 20
-40.30196079498863
 30
28.754561042524006
 10
-60.49250497571115
 20
-40.20966226323653
 30
28.817575445816185
 10
-60.440308564651346
 20
-40.15746585217673
 30
28.92935099451303
 10
-60.42290976096474
 20
-40.140067048490124
 30
29.095438957475995
 10
-60.04638934327505
 20
-40.32923205574967
 30
29.92872942386831
 10
-59.81203594483782
 20
-40.094878657312435
 30
29.789197530864197
 10
-59.67517950120539
 20
-39.95802221368001
 30
29.549742798353908
 10
-59.62956068666125
 20
-39.91240339913587
 30
29.202263374485597
 10
-59.65332490633075
 20
-39.93616761880537
 30
28.949755658436214
 10
-59.72461756533927
 20
-40.00746027781389
 30
28.74675925925926
 10
-59.843332573420426
 20
-40.126175285895044
 30
28.591923868312758
 10
-60.01021256243888
 20
-40.2930552749135
 30
28.483899176954733
 10
-59.91091207310559
 20
-40.19375478558021
 30
28.42883659122085
 10
-59.822644971475995
 20
-40.105487683950614
 30
28.330864197530865
 10
-59.73904584156719
 20
-40.02188855404181
 30
28.18128000685871
 10
-59.65459798952733
 20
-39.93744070200195
 30
27.970181755829902
 10
-59.37749021373827
 20
-39.66033292621289
 30
27.175
 10
-59.92109673867823
 20
-40.20393945115285
 30
27.175
 10
-60.162558184963046
 20
-40.445400897437665
 30
27.870558984910836
 10
-60.236078739565585
 20
-40.5189214520402
 30
28.047299382716048
 10
-60.31066019683193
 20
-40.59350290930655
 30
28.157424554183812
 10
-60.39786639579771
 20
-40.68070910827233
 30
28.215487825788752
 10
-60.510109897629576
 20
-40.792952610104194
 30
28.234842249657063
 10
-60.65439265990872
 20
-40.93723537238334
 30
28.234842249657063
 10
-60.65439265990872
 20
-40.93723537238334
 30
27.175
 10
-61.1648990217376
 20
-41.447741734212215
 30
27.175
 10
-61.1648990217376
 20
-41.447741734212215
 30
29.975240054869683
 10
-60.385347744364665
 20
-40.668190456839284
 30
29.975240054869683
 10
-60.15746585217673
 20
-40.440308564651346
 30
29.25957647462277
 10
-60.20966226323653
 20
-40.49250497571115
 30
29.369101508916323
 10
-60.30196079498863
 20
-40.58480350746325
 30
29.431215706447187
 10
-60.439665960752116
 20
-40.722508673226734
 30
29.451920438957476
 10
-60.65439265990872
 20
-40.93723537238334
 30
29.451920438957476
 10
-60.65439265990872
 20
-40.93723537238334
 30
28.733556241426612
 10
-60.439665960752116
 20
-40.722508673226734
 30
28.733556241426612
 10
-60.30196079498863
 20
-40.58480350746325
 30
28.754561042524006
 10
-60.20966226323653
 20
-40.49250497571115
 30
28.817575445816185
 10
-60.15746585217673
 20
-40.440308564651346
 30
28.92935099451303
 10
-60.140067048490124
 20
-40.42290976096474
 30
29.095438957475995
 10
-57.820303346088224
 20
-37.537460633613605
 30
27.80034293552812
 10
-57.7147435310384
 20
-37.43190081856378
 30
27.688717421124828
 10
-57.55847256865812
 20
-37.2756298561835
 30
27.65150891632373
 10
-57.401246793880404
 20
-37.118404081405785
 30
27.688717421124828
 10
-57.29536870803144
 20
-37.01252599555682
 30
27.80034293552812
 10
-57.235215526993
 20
-36.952372814518384
 30
27.999138374485597
 10
-57.215164466646854
 20
-36.932321754172236
 30
28.296656378600822
 10
-57.215164466646854
 20
-36.932321754172236
 30
29.975240054869683
 10
-56.70465810481798
 20
-36.42181539234336
 30
29.975240054869683
 10
-56.70465810481798
 20
-36.42181539234336
 30
28.296656378600822
 10
-56.7573849672097
 20
-36.474542254735084
 30
27.777837791495198
 10
-56.915565554384855
 20
-36.63272284191024
 30
27.41085390946502
 10
-57.18153385220384
 20
-36.89869113972922
 30
27.193004115226337
 10
-57.55847256865812
 20
-37.2756298561835
 30
27.120387517146774
 10
-57.93456256298134
 20
-37.65171985050672
 30
27.193004115226337
 10
-58.20053086080033
 20
-37.91768814832571
 30
27.41085390946502
 10
-58.35839317717634
 20
-38.07555046470172
 30
27.777837791495198
 10
-58.411013949301676
 20
-38.12817123682706
 30
28.296656378600822
 10
-58.411013949301676
 20
-38.12817123682706
 30
29.975240054869683
 10
-57.9005075874728
 20
-37.617664874998184
 30
29.975240054869683
 10
-57.9005075874728
 20
-37.617664874998184
 30
28.296656378600822
 10
-57.88045652712666
 20
-37.59761381465204
 30
27.999138374485597
 10
-57.537460633613605
 20
-37.820303346088224
 30
27.80034293552812
 10
-57.43190081856378
 20
-37.7147435310384
 30
27.688717421124828
 10
-57.2756298561835
 20
-37.55847256865812
 30
27.65150891632373
 10
-57.118404081405785
 20
-37.401246793880404
 30
27.688717421124828
 10
-57.01252599555682
 20
-37.29536870803144
 30
27.80034293552812
 10
-56.952372814518384
 20
-37.235215526993
 30
27.999138374485597
 10
-56.932321754172236
 20
-37.215164466646854
 30
28.296656378600822
 10
-56.932321754172236
 20
-37.215164466646854
 30
29.975240054869683
 10
-56.42181539234336
 20
-36.70465810481798
 30
29.975240054869683
 10
-56.42181539234336
 20
-36.70465810481798
 30
28.296656378600822
 10
-56.474542254735084
 20
-36.7573849672097
 30
27.777837791495198
 10
-56.63272284191024
 20
-36.915565554384855
 30
27.41085390946502
 10
-56.89869113972922
 20
-37.18153385220384
 30
27.193004115226337
 10
-57.2756298561835
 20
-37.55847256865812
 30
27.120387517146774
 10
-57.65171985050672
 20
-37.93456256298134
 30
27.193004115226337
 10
-57.91768814832571
 20
-38.20053086080033
 30
27.41085390946502
 10
-58.07555046470172
 20
-38.35839317717634
 30
27.777837791495198
 10
-58.12817123682706
 20
-38.411013949301676
 30
28.296656378600822
 10
-58.12817123682706
 20
-38.411013949301676
 30
29.975240054869683
 10
-57.617664874998184
 20
-37.9005075874728
 30
29.975240054869683
 10
-57.617664874998184
 20
-37.9005075874728
 30
28.296656378600822
 10
-57.59761381465204
 20
-37.88045652712666
 30
27.999138374485597
 10
-54.43135587679035
 20
-34.14851316431573
 30
29.975240054869683
 10
-54.43135587679035
 20
-34.14851316431573
 30
27.175
 10
-55.00169714885851
 20
-34.71885443638389
 30
27.175
 10
-55.721837877057666
 20
-35.43899516458305
 30
29.095438957475995
 10
-55.721837877057666
 20
-35.43899516458305
 30
27.175
 10
-56.20560949175834
 20
-35.92276677928372
 30
27.175
 10
-56.20560949175834
 20
-35.92276677928372
 30
29.975240054869683
 10
-55.63569258075571
 20
-35.35284986828109
 30
29.975240054869683
 10
-54.91555185255655
 20
-34.63270914008193
 30
28.05480109739369
 10
-54.91555185255655
 20
-34.63270914008193
 30
29.975240054869683
 10
-54.14851316431573
 20
-34.43135587679035
 30
29.975240054869683
 10
-54.14851316431573
 20
-34.43135587679035
 30
27.175
 10
-54.71885443638389
 20
-35.00169714885851
 30
27.175
 10
-55.43899516458305
 20
-35.721837877057666
 30
29.095438957475995
 10
-55.43899516458305
 20
-35.721837877057666
 30
27.175
 10
-55.92276677928372
 20
-36.20560949175834
 30
27.175
 10
-55.92276677928372
 20
-36.20560949175834
 30
29.975240054869683
 10
-55.35284986828109
 20
-35.63569258075571
 30
29.975240054869683
 10
-54.63270914008193
 20
-34.91555185255655
 30
28.05480109739369
 10
-54.63270914008193
 20
-34.91555185255655
 30
29.975240054869683
 10
-52.51791183232953
 20
-32.23506911985491
 30
29.76159122085048
 10
-52.34434815652902
 20
-32.061505444054404
 30
29.575548696844994
 10
-52.2230869820547
 20
-31.940244269580084
 30
29.371352023319616
 10
-52.13768431761741
 20
-31.8548416051428
 30
29.138048696844994
 10
-52.08676098975419
 20
-31.80391827727957
 30
28.8744384430727
 10
-52.06978654713312
 20
-31.786943834658498
 30
28.578120713305896
 10
-52.08676098975419
 20
-31.80391827727957
 30
28.27790209190672
 10
-52.13768431761741
 20
-31.8548416051428
 30
28.01219135802469
 10
-52.2230869820547
 20
-31.940244269580084
 30
27.778587962962963
 10
-52.34434815652902
 20
-32.061505444054404
 30
27.57469135802469
 10
-52.51939709605887
 20
-32.23655438358425
 30
27.38849879972565
 10
-52.72627311550324
 20
-32.44343040302862
 30
27.265620713305896
 10
-53.004760064755274
 20
-32.721917352280656
 30
27.197655178326475
 10
-53.39464179370812
 20
-33.1117990812335
 30
27.175
 10
-53.93273162479623
 20
-33.649888912321614
 30
27.175
 10
-53.93273162479623
 20
-33.649888912321614
 30
29.975240054869683
 10
-53.39464179370812
 20
-33.1117990812335
 30
29.975240054869683
 10
-53.00115299569829
 20
-32.71831028322367
 30
29.952434842249655
 10
-52.72287822697902
 20
-32.4400355145044
 30
29.884019204389574
 10
-52.76149508394197
 20
-32.478652371467355
 30
27.94017489711934
 10
-52.63736947227535
 20
-32.354526759800734
 30
28.20948645404664
 10
-52.59599426838648
 20
-32.31315155591186
 30
28.578120713305896
 10
-52.63715729174259
 20
-32.35431457926797
 30
28.94435442386831
 10
-52.76064636181092
 20
-32.4778036493363
 30
29.211265432098763
 10
-52.96243004846896
 20
-32.67958733599434
 30
29.374652777777776
 10
-53.239325643725266
 20
-32.95648293125065
 30
29.429115226337448
 10
-53.42222526296736
 20
-33.13938255049274
 30
29.429115226337448
 10
-53.42222526296736
 20
-33.13938255049274
 30
27.720524691358023
 10
-53.239325643725266
 20
-32.95648293125065
 30
27.720524691358023
 10
-52.963490951132776
 20
-32.68064823865816
 30
27.775437242798354
 10
-52.23506911985491
 20
-32.51791183232953
 30
29.76159122085048
 10
-52.061505444054404
 20
-32.34434815652902
 30
29.575548696844994
 10
-51.940244269580084
 20
-32.2230869820547
 30
29.371352023319616
 10
-51.854841605142795
 20
-32.13768431761741
 30
29.138048696844994
 10
-51.80391827727957
 20
-32.08676098975419
 30
28.8744384430727
 10
-51.7869438346585
 20
-32.06978654713312
 30
28.578120713305896
 10
-51.80391827727957
 20
-32.08676098975419
 30
28.27790209190672
 10
-51.854841605142795
 20
-32.13768431761741
 30
28.01219135802469
 10
-51.940244269580084
 20
-32.2230869820547
 30
27.778587962962963
 10
-52.061505444054404
 20
-32.34434815652902
 30
27.57469135802469
 10
-52.23655438358425
 20
-32.51939709605887
 30
27.38849879972565
 10
-52.44343040302862
 20
-32.72627311550324
 30
27.265620713305896
 10
-52.721917352280656
 20
-33.004760064755274
 30
27.197655178326475
 10
-53.1117990812335
 20
-33.39464179370812
 30
27.175
 10
-53.649888912321614
 20
-33.93273162479623
 30
27.175
 10
-53.649888912321614
 20
-33.93273162479623
 30
29.975240054869683
 10
-53.1117990812335
 20
-33.39464179370812
 30
29.975240054869683
 10
-52.71831028322367
 20
-33.00115299569829
 30
29.952434842249655
 10
-52.4400355145044
 20
-32.72287822697902
 30
29.884019204389574
 10
-52.478652371467355
 20
-32.76149508394197
 30
27.94017489711934
 10
-52.354526759800734
 20
-32.63736947227535
 30
28.20948645404664
 10
-52.31315155591186
 20
-32.59599426838648
 30
28.578120713305896
 10
-52.35431457926797
 20
-32.63715729174259
 30
28.94435442386831
 10
-52.4778036493363
 20
-32.76064636181092
 30
29.211265432098763
 10
-52.67958733599434
 20
-32.96243004846896
 30
29.374652777777776
 10
-52.95648293125065
 20
-33.239325643725266
 30
29.429115226337448
 10
-53.13938255049274
 20
-33.42222526296736
 30
29.429115226337448
 10
-53.13938255049274
 20
-33.42222526296736
 30
27.720524691358023
 10
-52.95648293125065
 20
-33.239325643725266
 30
27.720524691358023
 10
-52.68064823865816
 20
-32.963490951132776
 30
27.775437242798354
 10
-51.16759492182291
 20
-30.884752209348292
 30
29.429115226337448
 10
-51.16759492182291
 20
-30.884752209348292
 30
28.908196159122085
 10
-50.3519729538802
 20
-30.06913024140558
 30
28.908196159122085
 10
-50.3519729538802
 20
-30.06913024140558
 30
28.36207133058985
 10
-51.16759492182291
 20
-30.884752209348292
 30
28.36207133058985
 10
-51.16759492182291
 20
-30.884752209348292
 30
27.720524691358023
 10
-50.27134435143008
 20
-29.988501638955462
 30
27.720524691358023
 10
-50.27134435143008
 20
-29.988501638955462
 30
27.175
 10
-51.678101283651785
 20
-31.395258571177163
 30
27.175
 10
-51.678101283651785
 20
-31.395258571177163
 30
29.975240054869683
 10
-50.30062526495144
 20
-30.017782552476824
 30
29.975240054869683
 10
-50.30062526495144
 20
-30.017782552476824
 30
29.429115226337448
 10
-50.88475220934829
 20
-31.16759492182291
 30
29.429115226337448
 10
-50.88475220934829
 20
-31.16759492182291
 30
28.908196159122085
 10
-50.06913024140558
 20
-30.3519729538802
 30
28.908196159122085
 10
-50.06913024140558
 20
-30.3519729538802
 30
28.36207133058985
 10
-50.88475220934829
 20
-31.16759492182291
 30
28.36207133058985
 10
-50.88475220934829
 20
-31.16759492182291
 30
27.720524691358023
 10
-49.98850163895546
 20
-30.27134435143008
 30
27.720524691358023
 10
-49.98850163895546
 20
-30.27134435143008
 30
27.175
 10
-51.395258571177166
 20
-31.67810128365178
 30
27.175
 10
-51.395258571177166
 20
-31.67810128365178
 30
29.975240054869683
 10
-50.017782552476824
 20
-30.300625264951442
 30
29.975240054869683
 10
-50.017782552476824
 20
-30.300625264951442
 30
29.429115226337448
 10
-49.82279470516815
 20
-29.539951992693528
 30
29.975240054869683
 10
-49.04324342779522
 20
-28.7604007153206
 30
29.975240054869683
 10
-48.704285026705605
 20
-28.421442314230987
 30
29.92872942386831
 10
-48.46993162826837
 20
-28.18708891579375
 30
29.789197530864197
 10
-48.33307518463594
 20
-28.05023247216132
 30
29.549742798353908
 10
-48.287456370091796
 20
-28.004613657617178
 30
29.202263374485597
 10
-48.311220589761305
 20
-28.028377877286687
 30
28.949755658436214
 10
-48.382513248769826
 20
-28.099670536295207
 30
28.74675925925926
 10
-48.50122825685098
 20
-28.21838554437636
 30
28.591923868312758
 10
-48.66810824586943
 20
-28.385265533394815
 30
28.483899176954733
 10
-48.56880775653613
 20
-28.285965044061516
 30
28.42883659122085
 10
-48.48054065490654
 20
-28.197697942431923
 30
28.330864197530865
 10
-48.39694152499774
 20
-28.114098812523125
 30
28.18128000685871
 10
-48.312493672957885
 20
-28.029650960483266
 30
27.970181755829902
 10
-48.035385897168815
 20
-27.752543184694197
 30
27.175
 10
-48.57899242210878
 20
-28.296149709634165
 30
27.175
 10
-48.82045386839359
 20
-28.537611155918974
 30
27.870558984910836
 10
-48.89397442299613
 20
-28.611131710521512
 30
28.047299382716048
 10
-48.968555880262485
 20
-28.685713167787867
 30
28.157424554183812
 10
-49.055762079228266
 20
-28.772919366753648
 30
28.215487825788752
 10
-49.16800558106013
 20
-28.88516286858551
 30
28.234842249657063
 10
-49.312288343339276
 20
-29.02944563086466
 30
28.234842249657063
 10
-49.312288343339276
 20
-29.02944563086466
 30
27.175
 10
-49.82279470516815
 20
-29.539951992693528
 30
27.175
 10
-48.81536153560727
 20
-28.532518823132655
 30
28.92935099451303
 10
-48.79796273192067
 20
-28.51512001944605
 30
29.095438957475995
 10
-48.81536153560727
 20
-28.532518823132655
 30
29.25957647462277
 10
-48.867557946667084
 20
-28.584715234192466
 30
29.369101508916323
 10
-48.959856478419184
 20
-28.67701376594457
 30
29.431215706447187
 10
-49.09756164418266
 20
-28.814718931708043
 30
29.451920438957476
 10
-49.312288343339276
 20
-29.02944563086466
 30
29.451920438957476
 10
-49.312288343339276
 20
-29.02944563086466
 30
28.733556241426612
 10
-49.09756164418266
 20
-28.814718931708043
 30
28.733556241426612
 10
-48.959856478419184
 20
-28.67701376594457
 30
28.754561042524006
 10
-48.867557946667084
 20
-28.584715234192466
 30
28.817575445816185
 10
-49.53995199269353
 20
-29.822794705168146
 30
29.975240054869683
 10
-48.7604007153206
 20
-29.04324342779522
 30
29.975240054869683
 10
-48.42144231423099
 20
-28.704285026705605
 30
29.92872942386831
 10
-48.18708891579375
 20
-28.46993162826837
 30
29.789197530864197
 10
-48.05023247216132
 20
-28.333075184635938
 30
29.549742798353908
 10
-48.00461365761718
 20
-28.287456370091796
 30
29.202263374485597
 10
-48.02837787728669
 20
-28.311220589761305
 30
28.949755658436214
 10
-48.09967053629521
 20
-28.382513248769826
 30
28.74675925925926
 10
-48.21838554437636
 20
-28.50122825685098
 30
28.591923868312758
 10
-48.385265533394815
 20
-28.668108245869433
 30
28.483899176954733
 10
-48.28596504406151
 20
-28.568807756536135
 30
28.42883659122085
 10
-48.19769794243192
 20
-28.48054065490654
 30
28.330864197530865
 10
-48.114098812523125
 20
-28.396941524997743
 30
28.18128000685871
 10
-48.029650960483266
 20
-28.312493672957885
 30
27.970181755829902
 10
-47.7525431846942
 20
-28.035385897168815
 30
27.175
 10
-48.296149709634165
 20
-28.578992422108783
 30
27.175
 10
-48.537611155918974
 20
-28.820453868393592
 30
27.870558984910836
 10
-48.61113171052151
 20
-28.89397442299613
 30
28.047299382716048
 10
-48.68571316778787
 20
-28.968555880262485
 30
28.157424554183812
 10
-48.77291936675365
 20
-29.055762079228266
 30
28.215487825788752
 10
-48.88516286858551
 20
-29.16800558106013
 30
28.234842249657063
 10
-49.02944563086466
 20
-29.31228834333928
 30
28.234842249657063
 10
-49.02944563086466
 20
-29.31228834333928
 30
27.175
 10
-49.53995199269353
 20
-29.822794705168146
 30
27.175
 10
-48.532518823132655
 20
-28.815361535607273
 30
28.92935099451303
 10
-48.51512001944605
 20
-28.79796273192067
 30
29.095438957475995
 10
-48.532518823132655
 20
-28.815361535607273
 30
29.25957647462277
 10
-48.584715234192466
 20
-28.867557946667084
 30
29.369101508916323
 10
-48.677013765944565
 20
-28.959856478419187
 30
29.431215706447187
 10
-48.81471893170804
 20
-29.09756164418266
 30
29.451920438957476
 10
-49.02944563086466
 20
-29.31228834333928
 30
29.451920438957476
 10
-49.02944563086466
 20
-29.31228834333928
 30
28.733556241426612
 10
-48.81471893170804
 20
-29.09756164418266
 30
28.733556241426612
 10
-48.677013765944565
 20
-28.959856478419187
 30
28.754561042524006
 10
-48.584715234192466
 20
-28.867557946667084
 30
28.817575445816185
 10
-45.36191118434931
 20
-25.07906847187469
 30
29.568347050754458
 10
-46.13382396254275
 20
-25.85098125006813
 30
27.175
 10
-46.631175131340285
 20
-26.348332418865667
 30
27.175
 10
-45.90042537650295
 20
-25.61758266402833
 30
29.44411865569273
 10
-46.85396469074191
 20
-26.571121978267293
 30
29.44411865569273
 10
-46.85396469074191
 20
-26.571121978267293
 30
29.975240054869683
 10
-45.36191118434931
 20
-25.07906847187469
 30
29.975240054869683
 10
-45.07906847187469
 20
-25.36191118434931
 30
29.568347050754458
 10
-45.85098125006813
 20
-26.13382396254275
 30
27.175
 10
-46.34833241886567
 20
-26.631175131340285
 30
27.175
 10
-45.61758266402833
 20
-25.900425376502948
 30
29.44411865569273
 10
-46.57112197826729
 20
-26.85396469074191
 30
29.44411865569273
 10
-46.57112197826729
 20
-26.85396469074191
 30
29.975240054869683
 10
-45.07906847187469
 20
-25.36191118434931
 30
29.975240054869683
 10
-44.88747551309022
 20
-24.604632800615605
 30
28.934002057613167
 10
-44.88747551309022
 20
-24.604632800615605
 30
29.975240054869683
 10
-44.57302396353479
 20
-24.29018125106017
 30
29.975240054869683
 10
-44.57302396353479
 20
-24.29018125106017
 30
28.934002057613167
 10
-44.604632800615605
 20
-24.887475513090223
 30
28.934002057613167
 10
-44.604632800615605
 20
-24.887475513090223
 30
29.975240054869683
 10
-44.29018125106017
 20
-24.573023963534787
 30
29.975240054869683
 10
-44.29018125106017
 20
-24.573023963534787
 30
28.934002057613167
 10
-43.33473837432728
 20
-23.051895661852658
 30
28.007990397805212
 10
-44.16733478489107
 20
-23.88449207241645
 30
28.007990397805212
 10
-44.16733478489107
 20
-23.88449207241645
 30
28.553515089163238
 10
-43.33473837432728
 20
-23.051895661852658
 30
28.553515089163238
 10
-43.05189566185266
 20
-23.33473837432728
 30
28.007990397805212
 10
-43.88449207241645
 20
-24.167334784891068
 30
28.007990397805212
 10
-43.88449207241645
 20
-24.167334784891068
 30
28.553515089163238
 10
-43.05189566185266
 20
-23.33473837432728
 30
28.553515089163238
 10
-41.51380504215132
 20
-21.2309623296767
 30
29.568347050754458
 10
-42.285717820344765
 20
-22.002875107870146
 30
27.175
 10
-42.7830689891423
 20
-22.500226276667682
 30
27.175
 10
-42.05231923430497
 20
-21.76947652183035
 30
29.44411865569273
 10
-43.00585854854393
 20
-22.723015836069308
 30
29.44411865569273
 10
-43.00585854854393
 20
-22.723015836069308
 30
29.975240054869683
 10
-41.51380504215132
 20
-21.2309623296767
 30
29.975240054869683
 10
-41.2309623296767
 20
-21.513805042151322
 30
29.568347050754458
 10
-42.002875107870146
 20
-22.285717820344765
 30
27.175
 10
-42.50022627666768
 20
-22.7830689891423
 30
27.175
 10
-41.76947652183035
 20
-22.052319234304967
 30
29.44411865569273
 10
-42.72301583606931
 20
-23.005858548543927
 30
29.44411865569273
 10
-42.72301583606931
 20
-23.005858548543927
 30
29.975240054869683
 10
-41.2309623296767
 20
-21.513805042151322
 30
29.975240054869683
 10
-40.455872905792745
 20
-20.173030193318127
 30
28.934002057613167
 10
-40.455872905792745
 20
-20.173030193318127
 30
29.975240054869683
 10
-40.14142135623731
 20
-19.85857864376269
 30
29.975240054869683
 10
-40.14142135623731
 20
-19.85857864376269
 30
28.934002057613167
 10
-40.17303019331813
 20
-20.455872905792745
 30
28.934002057613167
 10
-40.17303019331813
 20
-20.455872905792745
 30
29.975240054869683
 10
-39.85857864376269
 20
-20.14142135623731
 30
29.975240054869683
 10
-39.85857864376269
 20
-20.14142135623731
 30
28.934002057613167
 10
-41.03936937089224
 20
-20.756526658417624
 30
28.934002057613167
 10
-41.03936937089224
 20
-20.756526658417624
 30
29.975240054869683
 10
-40.7249178213368
 20
-20.442075108862188
 30
29.975240054869683
 10
-40.7249178213368
 20
-20.442075108862188
 30
28.934002057613167
 10
-40.75652665841762
 20
-21.039369370892242
 30
28.934002057613167
 10
-40.75652665841762
 20
-21.039369370892242
 30
29.975240054869683
 10
-40.442075108862184
 20
-20.724917821336806
 30
29.975240054869683
 10
-40.442075108862184
 20
-20.724917821336806
 30
28.934002057613167
 10
-38.232233047033645
 20
-18.232233047033645
 30
34.0
 10
-38.232233047033645
 20
-18.232233047033645
 30
33.7
 10
29.000000000000014
 20
64.00000000000001
 30
33.7
 10
29.000000000000014
 20
64.00000000000001
 30
34.0
 10
-38.396461825544115
 20
-18.0979612766984
 30
33.78786796564403
 10
28.83577122148955
 20
64.13427177033526
 30
33.78786796564403
 10
-38.464487612935116
 20
-18.042344088381697
 30
34.0
 10
28.767745434098543
 20
64.18988895865195
 30
34.0
 10
-38.396461825544115
 20
-18.0979612766984
 30
34.21213203435597
 10
28.83577122148955
 20
64.13427177033526
 30
34.21213203435597
 10
-38.232233047033645
 20
-18.232233047033645
 30
34.3
 10
29.000000000000014
 20
64.00000000000001
 30
34.3
 10
-38.06800426852318
 20
-18.366504817368885
 30
34.21213203435597
 10
29.164228778510484
 20
63.86572822966477
 30
34.21213203435597
 10
-37.999978481132175
 20
-18.422122005685587
 30
34.0
 10
29.232254565901485
 20
63.810111041348065
 30
34.0
 10
-38.06800426852318
 20
-18.366504817368885
 30
33.78786796564403
 10
29.164228778510484
 20
63.86572822966477
 30
33.78786796564403
 10
28.36912266545704
 20
65.02078097002244
 30
34.0
 10
29.63087733454296
 20
65.02078097002244
 30
34.0
 10
28.36912266545704
 20
62.97921902997755
 30
34.0
 10
29.63087733454296
 20
62.97921902997755
 30
34.0
 10
29.0
 20
63.36912266545704
 30
35.02078097002245
 10
29.0
 20
64.63087733454296
 30
35.02078097002245
 10
29.0
 20
63.36912266545704
 30
32.97921902997755
 10
29.0
 20
64.63087733454296
 30
32.97921902997755
 10
30.020780970022447
 20
64.0
 30
33.36912266545704
 10
30.020780970022447
 20
64.0
 30
34.63087733454296
 10
27.979219029977553
 20
64.0
 30
33.36912266545704
 10
27.979219029977553
 20
64.0
 30
34.63087733454296
 10
29.0
 20
65.2
 30
34.0
 10
29.0
 20
62.8
 30
34.0
 10
28.629179606750064
 20
63.02917960675006
 30
34.6
 10
29.370820393249936
 20
63.02917960675006
 30
34.6
 10
28.629179606750064
 20
64.97082039324994
 30
34.6
 10
29.370820393249936
 20
64.97082039324994
 30
34.6
 10
29.0
 20
64.0
 30
35.2
 10
28.629179606750064
 20
63.02917960675006
 30
33.4
 10
29.370820393249936
 20
63.02917960675006
 30
33.4
 10
28.629179606750064
 20
64.97082039324994
 30
33.4
 10
29.370820393249936
 20
64.97082039324994
 30
33.4
 10
29.0
 20
64.0
 30
32.8
 10
29.970820393249937
 20
64.6
 30
33.629179606750064
 10
29.970820393249937
 20
63.4
 30
33.629179606750064
 10
29.6
 20
63.629179606750064
 30
33.02917960675006
 10
29.6
 20
64.37082039324994
 30
33.02917960675006
 10
29.970820393249937
 20
64.6
 30
34.370820393249936
 10
29.970820393249937
 20
63.4
 30
34.370820393249936
 10
29.6
 20
63.629179606750064
 30
34.97082039324994
 10
29.6
 20
64.37082039324994
 30
34.97082039324994
 10
30.2
 20
64.0
 30
34.0
 10
28.029179606750063
 20
64.6
 30
33.629179606750064
 10
28.029179606750063
 20
63.4
 30
33.629179606750064
 10
28.4
 20
63.629179606750064
 30
33.02917960675006
 10
28.4
 20
64.37082039324994
 30
33.02917960675006
 10
28.029179606750063
 20
64.6
 30
34.370820393249936
 10
28.029179606750063
 20
63.4
 30
34.370820393249936
 10
28.4
 20
63.629179606750064
 30
34.97082039324994
 10
28.4
 20
64.37082039324994
 30
34.97082039324994
 10
27.8
 20
64.0
 30
34.0
 93
12144
 90
3
 90
32
 90
33
 90
0
 90
3
 90
31
 90
32
 90
0
 90
3
 90
30
 90
31
 90
0
 90
3
 90
29
 90
30
 90
0
 90
3
 90
28
 90
29
 90
0
 90
3
 90
26
 90
27
 90
28
 90
3
 90
25
 90
26
 90
28
 90
3
 90
24
 90
25
 90
28
 90
3
 90
23
 90
24
 90
28
 90
3
 90
22
 90
23
 90
28
 90
3
 90
10
 90
11
 90
12
 90
3
 90
9
 90
10
 90
12
 90
3
 90
8
 90
9
 90
12
 90
3
 90
7
 90
8
 90
12
 90
3
 90
6
 90
7
 90
12
 90
3
 90
5
 90
6
 90
12
 90
3
 90
3
 90
4
 90
5
 90
3
 90
2
 90
3
 90
5
 90
3
 90
1
 90
2
 90
5
 90
3
 90
0
 90
1
 90
5
 90
3
 90
22
 90
28
 90
0
 90
3
 90
21
 90
22
 90
0
 90
3
 90
20
 90
21
 90
0
 90
3
 90
19
 90
20
 90
0
 90
3
 90
18
 90
19
 90
0
 90
3
 90
5
 90
12
 90
13
 90
3
 90
18
 90
0
 90
5
 90
3
 90
17
 90
18
 90
5
 90
3
 90
16
 90
17
 90
5
 90
3
 90
15
 90
16
 90
5
 90
3
 90
14
 90
15
 90
5
 90
3
 90
13
 90
14
 90
5
 90
3
 90
34
 90
67
 90
66
 90
3
 90
34
 90
66
 90
65
 90
3
 90
34
 90
65
 90
64
 90
3
 90
34
 90
64
 90
63
 90
3
 90
34
 90
63
 90
62
 90
3
 90
62
 90
61
 90
60
 90
3
 90
62
 90
60
 90
59
 90
3
 90
62
 90
59
 90
58
 90
3
 90
62
 90
58
 90
57
 90
3
 90
62
 90
57
 90
56
 90
3
 90
46
 90
45
 90
44
 90
3
 90
46
 90
44
 90
43
 90
3
 90
46
 90
43
 90
42
 90
3
 90
46
 90
42
 90
41
 90
3
 90
46
 90
41
 90
40
 90
3
 90
46
 90
40
 90
39
 90
3
 90
39
 90
38
 90
37
 90
3
 90
39
 90
37
 90
36
 90
3
 90
39
 90
36
 90
35
 90
3
 90
39
 90
35
 90
34
 90
3
 90
34
 90
62
 90
56
 90
3
 90
34
 90
56
 90
55
 90
3
 90
34
 90
55
 90
54
 90
3
 90
34
 90
54
 90
53
 90
3
 90
34
 90
53
 90
52
 90
3
 90
47
 90
46
 90
39
 90
3
 90
39
 90
34
 90
52
 90
3
 90
39
 90
52
 90
51
 90
3
 90
39
 90
51
 90
50
 90
3
 90
39
 90
50
 90
49
 90
3
 90
39
 90
49
 90
48
 90
3
 90
39
 90
48
 90
47
 90
3
 90
34
 90
35
 90
0
 90
3
 90
0
 90
35
 90
1
 90
3
 90
35
 90
36
 90
1
 90
3
 90
1
 90
36
 90
2
 90
3
 90
36
 90
37
 90
2
 90
3
 90
2
 90
37
 90
3
 90
3
 90
37
 90
38
 90
3
 90
3
 90
3
 90
38
 90
4
 90
3
 90
38
 90
39
 90
4
 90
3
 90
4
 90
39
 90
5
 90
3
 90
39
 90
40
 90
5
 90
3
 90
5
 90
40
 90
6
 90
3
 90
40
 90
41
 90
6
 90
3
 90
6
 90
41
 90
7
 90
3
 90
41
 90
42
 90
7
 90
3
 90
7
 90
42
 90
8
 90
3
 90
42
 90
43
 90
8
 90
3
 90
8
 90
43
 90
9
 90
3
 90
43
 90
44
 90
9
 90
3
 90
9
 90
44
 90
10
 90
3
 90
44
 90
45
 90
10
 90
3
 90
10
 90
45
 90
11
 90
3
 90
45
 90
46
 90
11
 90
3
 90
11
 90
46
 90
12
 90
3
 90
46
 90
47
 90
12
 90
3
 90
12
 90
47
 90
13
 90
3
 90
47
 90
48
 90
13
 90
3
 90
13
 90
48
 90
14
 90
3
 90
48
 90
49
 90
14
 90
3
 90
14
 90
49
 90
15
 90
3
 90
49
 90
50
 90
15
 90
3
 90
15
 90
50
 90
16
 90
3
 90
50
 90
51
 90
16
 90
3
 90
16
 90
51
 90
17
 90
3
 90
51
 90
52
 90
17
 90
3
 90
17
 90
52
 90
18
 90
3
 90
52
 90
53
 90
18
 90
3
 90
18
 90
53
 90
19
 90
3
 90
53
 90
54
 90
19
 90
3
 90
19
 90
54
 90
20
 90
3
 90
54
 90
55
 90
20
 90
3
 90
20
 90
55
 90
21
 90
3
 90
55
 90
56
 90
21
 90
3
 90
21
 90
56
 90
22
 90
3
 90
56
 90
57
 90
22
 90
3
 90
22
 90
57
 90
23
 90
3
 90
57
 90
58
 90
23
 90
3
 90
23
 90
58
 90
24
 90
3
 90
58
 90
59
 90
24
 90
3
 90
24
 90
59
 90
25
 90
3
 90
59
 90
60
 90
25
 90
3
 90
25
 90
60
 90
26
 90
3
 90
60
 90
61
 90
26
 90
3
 90
26
 90
61
 90
27
 90
3
 90
61
 90
62
 90
27
 90
3
 90
27
 90
62
 90
28
 90
3
 90
62
 90
63
 90
28
 90
3
 90
28
 90
63
 90
29
 90
3
 90
63
 90
64
 90
29
 90
3
 90
29
 90
64
 90
30
 90
3
 90
64
 90
65
 90
30
 90
3
 90
30
 90
65
 90
31
 90
3
 90
65
 90
66
 90
31
 90
3
 90
31
 90
66
 90
32
 90
3
 90
67
 90
34
 90
33
 90
3
 90
33
 90
34
 90
0
 90
3
 90
66
 90
67
 90
32
 90
3
 90
32
 90
67
 90
33
 90
3
 90
78
 90
76
 90
73
 90
3
 90
72
 90
73
 90
76
 90
3
 90
71
 90
72
 90
76
 90
3
 90
70
 90
71
 90
76
 90
3
 90
68
 90
69
 90
70
 90
3
 90
75
 90
68
 90
70
 90
3
 90
73
 90
74
 90
75
 90
3
 90
78
 90
73
 90
75
 90
3
 90
77
 90
78
 90
75
 90
3
 90
70
 90
76
 90
77
 90
3
 90
75
 90
70
 90
77
 90
3
 90
84
 90
87
 90
89
 90
3
 90
87
 90
84
 90
83
 90
3
 90
87
 90
83
 90
82
 90
3
 90
87
 90
82
 90
81
 90
3
 90
81
 90
80
 90
79
 90
3
 90
81
 90
79
 90
86
 90
3
 90
86
 90
85
 90
84
 90
3
 90
86
 90
84
 90
89
 90
3
 90
86
 90
89
 90
88
 90
3
 90
88
 90
87
 90
81
 90
3
 90
88
 90
81
 90
86
 90
3
 90
79
 90
80
 90
68
 90
3
 90
68
 90
80
 90
69
 90
3
 90
80
 90
81
 90
69
 90
3
 90
69
 90
81
 90
70
 90
3
 90
81
 90
82
 90
70
 90
3
 90
70
 90
82
 90
71
 90
3
 90
82
 90
83
 90
71
 90
3
 90
71
 90
83
 90
72
 90
3
 90
83
 90
84
 90
72
 90
3
 90
72
 90
84
 90
73
 90
3
 90
84
 90
85
 90
73
 90
3
 90
73
 90
85
 90
74
 90
3
 90
86
 90
79
 90
75
 90
3
 90
75
 90
79
 90
68
 90
3
 90
85
 90
86
 90
74
 90
3
 90
74
 90
86
 90
75
 90
3
 90
87
 90
88
 90
76
 90
3
 90
76
 90
88
 90
77
 90
3
 90
89
 90
87
 90
78
 90
3
 90
78
 90
87
 90
76
 90
3
 90
88
 90
89
 90
77
 90
3
 90
77
 90
89
 90
78
 90
3
 90
98
 90
99
 90
90
 90
3
 90
97
 90
98
 90
90
 90
3
 90
95
 90
96
 90
97
 90
3
 90
93
 90
94
 90
95
 90
3
 90
92
 90
93
 90
95
 90
3
 90
90
 90
91
 90
92
 90
3
 90
97
 90
90
 90
92
 90
3
 90
95
 90
97
 90
92
 90
3
 90
100
 90
109
 90
108
 90
3
 90
100
 90
108
 90
107
 90
3
 90
107
 90
106
 90
105
 90
3
 90
105
 90
104
 90
103
 90
3
 90
105
 90
103
 90
102
 90
3
 90
102
 90
101
 90
100
 90
3
 90
102
 90
100
 90
107
 90
3
 90
102
 90
107
 90
105
 90
3
 90
100
 90
101
 90
90
 90
3
 90
90
 90
101
 90
91
 90
3
 90
101
 90
102
 90
91
 90
3
 90
91
 90
102
 90
92
 90
3
 90
102
 90
103
 90
92
 90
3
 90
92
 90
103
 90
93
 90
3
 90
103
 90
104
 90
93
 90
3
 90
93
 90
104
 90
94
 90
3
 90
104
 90
105
 90
94
 90
3
 90
94
 90
105
 90
95
 90
3
 90
105
 90
106
 90
95
 90
3
 90
95
 90
106
 90
96
 90
3
 90
106
 90
107
 90
96
 90
3
 90
96
 90
107
 90
97
 90
3
 90
107
 90
108
 90
97
 90
3
 90
97
 90
108
 90
98
 90
3
 90
109
 90
100
 90
99
 90
3
 90
99
 90
100
 90
90
 90
3
 90
108
 90
109
 90
98
 90
3
 90
98
 90
109
 90
99
 90
3
 90
140
 90
141
 90
117
 90
3
 90
139
 90
140
 90
117
 90
3
 90
138
 90
139
 90
117
 90
3
 90
117
 90
141
 90
126
 90
3
 90
116
 90
117
 90
126
 90
3
 90
115
 90
116
 90
126
 90
3
 90
114
 90
115
 90
126
 90
3
 90
112
 90
113
 90
114
 90
3
 90
111
 90
112
 90
114
 90
3
 90
110
 90
111
 90
114
 90
3
 90
124
 90
125
 90
110
 90
3
 90
123
 90
124
 90
110
 90
3
 90
122
 90
123
 90
110
 90
3
 90
120
 90
121
 90
122
 90
3
 90
119
 90
120
 90
122
 90
3
 90
118
 90
119
 90
122
 90
3
 90
138
 90
117
 90
118
 90
3
 90
114
 90
126
 90
127
 90
3
 90
138
 90
118
 90
122
 90
3
 90
137
 90
138
 90
122
 90
3
 90
136
 90
137
 90
122
 90
3
 90
135
 90
136
 90
122
 90
3
 90
134
 90
135
 90
122
 90
3
 90
133
 90
134
 90
122
 90
3
 90
114
 90
127
 90
128
 90
3
 90
133
 90
122
 90
110
 90
3
 90
132
 90
133
 90
110
 90
3
 90
131
 90
132
 90
110
 90
3
 90
130
 90
131
 90
110
 90
3
 90
114
 90
128
 90
129
 90
3
 90
130
 90
110
 90
114
 90
3
 90
129
 90
130
 90
114
 90
3
 90
149
 90
173
 90
172
 90
3
 90
149
 90
172
 90
171
 90
3
 90
149
 90
171
 90
170
 90
3
 90
158
 90
173
 90
149
 90
3
 90
158
 90
149
 90
148
 90
3
 90
158
 90
148
 90
147
 90
3
 90
158
 90
147
 90
146
 90
3
 90
146
 90
145
 90
144
 90
3
 90
146
 90
144
 90
143
 90
3
 90
146
 90
143
 90
142
 90
3
 90
142
 90
157
 90
156
 90
3
 90
142
 90
156
 90
155
 90
3
 90
142
 90
155
 90
154
 90
3
 90
154
 90
153
 90
152
 90
3
 90
154
 90
152
 90
151
 90
3
 90
154
 90
151
 90
150
 90
3
 90
150
 90
149
 90
170
 90
3
 90
159
 90
158
 90
146
 90
3
 90
154
 90
150
 90
170
 90
3
 90
154
 90
170
 90
169
 90
3
 90
154
 90
169
 90
168
 90
3
 90
154
 90
168
 90
167
 90
3
 90
154
 90
167
 90
166
 90
3
 90
154
 90
166
 90
165
 90
3
 90
160
 90
159
 90
146
 90
3
 90
142
 90
154
 90
165
 90
3
 90
142
 90
165
 90
164
 90
3
 90
142
 90
164
 90
163
 90
3
 90
142
 90
163
 90
162
 90
3
 90
161
 90
160
 90
146
 90
3
 90
146
 90
142
 90
162
 90
3
 90
146
 90
162
 90
161
 90
3
 90
142
 90
143
 90
110
 90
3
 90
110
 90
143
 90
111
 90
3
 90
143
 90
144
 90
111
 90
3
 90
111
 90
144
 90
112
 90
3
 90
144
 90
145
 90
112
 90
3
 90
112
 90
145
 90
113
 90
3
 90
145
 90
146
 90
113
 90
3
 90
113
 90
146
 90
114
 90
3
 90
146
 90
147
 90
114
 90
3
 90
114
 90
147
 90
115
 90
3
 90
147
 90
148
 90
115
 90
3
 90
115
 90
148
 90
116
 90
3
 90
148
 90
149
 90
116
 90
3
 90
116
 90
149
 90
117
 90
3
 90
149
 90
150
 90
117
 90
3
 90
117
 90
150
 90
118
 90
3
 90
150
 90
151
 90
118
 90
3
 90
118
 90
151
 90
119
 90
3
 90
151
 90
152
 90
119
 90
3
 90
119
 90
152
 90
120
 90
3
 90
152
 90
153
 90
120
 90
3
 90
120
 90
153
 90
121
 90
3
 90
153
 90
154
 90
121
 90
3
 90
121
 90
154
 90
122
 90
3
 90
154
 90
155
 90
122
 90
3
 90
122
 90
155
 90
123
 90
3
 90
155
 90
156
 90
123
 90
3
 90
123
 90
156
 90
124
 90
3
 90
157
 90
142
 90
125
 90
3
 90
125
 90
142
 90
110
 90
3
 90
156
 90
157
 90
124
 90
3
 90
124
 90
157
 90
125
 90
3
 90
158
 90
159
 90
126
 90
3
 90
126
 90
159
 90
127
 90
3
 90
159
 90
160
 90
127
 90
3
 90
127
 90
160
 90
128
 90
3
 90
160
 90
161
 90
128
 90
3
 90
128
 90
161
 90
129
 90
3
 90
161
 90
162
 90
129
 90
3
 90
129
 90
162
 90
130
 90
3
 90
162
 90
163
 90
130
 90
3
 90
130
 90
163
 90
131
 90
3
 90
163
 90
164
 90
131
 90
3
 90
131
 90
164
 90
132
 90
3
 90
164
 90
165
 90
132
 90
3
 90
132
 90
165
 90
133
 90
3
 90
165
 90
166
 90
133
 90
3
 90
133
 90
166
 90
134
 90
3
 90
166
 90
167
 90
134
 90
3
 90
134
 90
167
 90
135
 90
3
 90
167
 90
168
 90
135
 90
3
 90
135
 90
168
 90
136
 90
3
 90
168
 90
169
 90
136
 90
3
 90
136
 90
169
 90
137
 90
3
 90
169
 90
170
 90
137
 90
3
 90
137
 90
170
 90
138
 90
3
 90
170
 90
171
 90
138
 90
3
 90
138
 90
171
 90
139
 90
3
 90
171
 90
172
 90
139
 90
3
 90
139
 90
172
 90
140
 90
3
 90
173
 90
158
 90
141
 90
3
 90
141
 90
158
 90
126
 90
3
 90
172
 90
173
 90
140
 90
3
 90
140
 90
173
 90
141
 90
3
 90
194
 90
195
 90
182
 90
3
 90
180
 90
181
 90
182
 90
3
 90
178
 90
179
 90
180
 90
3
 90
177
 90
178
 90
180
 90
3
 90
176
 90
177
 90
180
 90
3
 90
175
 90
176
 90
180
 90
3
 90
174
 90
175
 90
180
 90
3
 90
185
 90
186
 90
174
 90
3
 90
184
 90
185
 90
174
 90
3
 90
183
 90
184
 90
174
 90
3
 90
194
 90
182
 90
183
 90
3
 90
193
 90
194
 90
183
 90
3
 90
192
 90
193
 90
183
 90
3
 90
180
 90
182
 90
195
 90
3
 90
192
 90
183
 90
174
 90
3
 90
191
 90
192
 90
174
 90
3
 90
190
 90
191
 90
174
 90
3
 90
189
 90
190
 90
174
 90
3
 90
188
 90
189
 90
174
 90
3
 90
187
 90
188
 90
174
 90
3
 90
180
 90
195
 90
196
 90
3
 90
187
 90
174
 90
180
 90
3
 90
197
 90
187
 90
180
 90
3
 90
196
 90
197
 90
180
 90
3
 90
206
 90
219
 90
218
 90
3
 90
206
 90
205
 90
204
 90
3
 90
204
 90
203
 90
202
 90
3
 90
204
 90
202
 90
201
 90
3
 90
204
 90
201
 90
200
 90
3
 90
204
 90
200
 90
199
 90
3
 90
204
 90
199
 90
198
 90
3
 90
198
 90
210
 90
209
 90
3
 90
198
 90
209
 90
208
 90
3
 90
198
 90
208
 90
207
 90
3
 90
207
 90
206
 90
218
 90
3
 90
207
 90
218
 90
217
 90
3
 90
207
 90
217
 90
216
 90
3
 90
219
 90
206
 90
204
 90
3
 90
198
 90
207
 90
216
 90
3
 90
198
 90
216
 90
215
 90
3
 90
198
 90
215
 90
214
 90
3
 90
198
 90
214
 90
213
 90
3
 90
198
 90
213
 90
212
 90
3
 90
198
 90
212
 90
211
 90
3
 90
220
 90
219
 90
204
 90
3
 90
204
 90
198
 90
211
 90
3
 90
204
 90
211
 90
221
 90
3
 90
204
 90
221
 90
220
 90
3
 90
198
 90
199
 90
174
 90
3
 90
174
 90
199
 90
175
 90
3
 90
199
 90
200
 90
175
 90
3
 90
175
 90
200
 90
176
 90
3
 90
200
 90
201
 90
176
 90
3
 90
176
 90
201
 90
177
 90
3
 90
201
 90
202
 90
177
 90
3
 90
177
 90
202
 90
178
 90
3
 90
202
 90
203
 90
178
 90
3
 90
178
 90
203
 90
179
 90
3
 90
203
 90
204
 90
179
 90
3
 90
179
 90
204
 90
180
 90
3
 90
204
 90
205
 90
180
 90
3
 90
180
 90
205
 90
181
 90
3
 90
205
 90
206
 90
181
 90
3
 90
181
 90
206
 90
182
 90
3
 90
206
 90
207
 90
182
 90
3
 90
182
 90
207
 90
183
 90
3
 90
207
 90
208
 90
183
 90
3
 90
183
 90
208
 90
184
 90
3
 90
208
 90
209
 90
184
 90
3
 90
184
 90
209
 90
185
 90
3
 90
210
 90
198
 90
186
 90
3
 90
186
 90
198
 90
174
 90
3
 90
209
 90
210
 90
185
 90
3
 90
185
 90
210
 90
186
 90
3
 90
211
 90
212
 90
187
 90
3
 90
187
 90
212
 90
188
 90
3
 90
212
 90
213
 90
188
 90
3
 90
188
 90
213
 90
189
 90
3
 90
213
 90
214
 90
189
 90
3
 90
189
 90
214
 90
190
 90
3
 90
214
 90
215
 90
190
 90
3
 90
190
 90
215
 90
191
 90
3
 90
215
 90
216
 90
191
 90
3
 90
191
 90
216
 90
192
 90
3
 90
216
 90
217
 90
192
 90
3
 90
192
 90
217
 90
193
 90
3
 90
217
 90
218
 90
193
 90
3
 90
193
 90
218
 90
194
 90
3
 90
218
 90
219
 90
194
 90
3
 90
194
 90
219
 90
195
 90
3
 90
219
 90
220
 90
195
 90
3
 90
195
 90
220
 90
196
 90
3
 90
221
 90
211
 90
197
 90
3
 90
197
 90
211
 90
187
 90
3
 90
220
 90
221
 90
196
 90
3
 90
196
 90
221
 90
197
 90
3
 90
228
 90
229
 90
230
 90
3
 90
227
 90
228
 90
230
 90
3
 90
226
 90
227
 90
230
 90
3
 90
225
 90
226
 90
230
 90
3
 90
224
 90
225
 90
230
 90
3
 90
223
 90
224
 90
230
 90
3
 90
222
 90
223
 90
230
 90
3
 90
239
 90
238
 90
237
 90
3
 90
239
 90
237
 90
236
 90
3
 90
239
 90
236
 90
235
 90
3
 90
239
 90
235
 90
234
 90
3
 90
239
 90
234
 90
233
 90
3
 90
239
 90
233
 90
232
 90
3
 90
239
 90
232
 90
231
 90
3
 90
231
 90
232
 90
222
 90
3
 90
222
 90
232
 90
223
 90
3
 90
232
 90
233
 90
223
 90
3
 90
223
 90
233
 90
224
 90
3
 90
233
 90
234
 90
224
 90
3
 90
224
 90
234
 90
225
 90
3
 90
234
 90
235
 90
225
 90
3
 90
225
 90
235
 90
226
 90
3
 90
235
 90
236
 90
226
 90
3
 90
226
 90
236
 90
227
 90
3
 90
236
 90
237
 90
227
 90
3
 90
227
 90
237
 90
228
 90
3
 90
237
 90
238
 90
228
 90
3
 90
228
 90
238
 90
229
 90
3
 90
239
 90
231
 90
230
 90
3
 90
230
 90
231
 90
222
 90
3
 90
238
 90
239
 90
229
 90
3
 90
229
 90
239
 90
230
 90
3
 90
261
 90
262
 90
249
 90
3
 90
247
 90
248
 90
249
 90
3
 90
245
 90
246
 90
247
 90
3
 90
244
 90
245
 90
247
 90
3
 90
243
 90
244
 90
247
 90
3
 90
242
 90
243
 90
247
 90
3
 90
241
 90
242
 90
247
 90
3
 90
252
 90
240
 90
241
 90
3
 90
251
 90
252
 90
241
 90
3
 90
250
 90
251
 90
241
 90
3
 90
261
 90
249
 90
250
 90
3
 90
260
 90
261
 90
250
 90
3
 90
259
 90
260
 90
250
 90
3
 90
247
 90
249
 90
262
 90
3
 90
259
 90
250
 90
241
 90
3
 90
258
 90
259
 90
241
 90
3
 90
257
 90
258
 90
241
 90
3
 90
256
 90
257
 90
241
 90
3
 90
255
 90
256
 90
241
 90
3
 90
254
 90
255
 90
241
 90
3
 90
247
 90
262
 90
263
 90
3
 90
254
 90
241
 90
247
 90
3
 90
253
 90
254
 90
247
 90
3
 90
263
 90
253
 90
247
 90
3
 90
273
 90
286
 90
285
 90
3
 90
273
 90
272
 90
271
 90
3
 90
271
 90
270
 90
269
 90
3
 90
271
 90
269
 90
268
 90
3
 90
271
 90
268
 90
267
 90
3
 90
271
 90
267
 90
266
 90
3
 90
271
 90
266
 90
265
 90
3
 90
265
 90
264
 90
276
 90
3
 90
265
 90
276
 90
275
 90
3
 90
265
 90
275
 90
274
 90
3
 90
274
 90
273
 90
285
 90
3
 90
274
 90
285
 90
284
 90
3
 90
274
 90
284
 90
283
 90
3
 90
286
 90
273
 90
271
 90
3
 90
265
 90
274
 90
283
 90
3
 90
265
 90
283
 90
282
 90
3
 90
265
 90
282
 90
281
 90
3
 90
265
 90
281
 90
280
 90
3
 90
265
 90
280
 90
279
 90
3
 90
265
 90
279
 90
278
 90
3
 90
287
 90
286
 90
271
 90
3
 90
271
 90
265
 90
278
 90
3
 90
271
 90
278
 90
277
 90
3
 90
271
 90
277
 90
287
 90
3
 90
264
 90
265
 90
240
 90
3
 90
240
 90
265
 90
241
 90
3
 90
265
 90
266
 90
241
 90
3
 90
241
 90
266
 90
242
 90
3
 90
266
 90
267
 90
242
 90
3
 90
242
 90
267
 90
243
 90
3
 90
267
 90
268
 90
243
 90
3
 90
243
 90
268
 90
244
 90
3
 90
268
 90
269
 90
244
 90
3
 90
244
 90
269
 90
245
 90
3
 90
269
 90
270
 90
245
 90
3
 90
245
 90
270
 90
246
 90
3
 90
270
 90
271
 90
246
 90
3
 90
246
 90
271
 90
247
 90
3
 90
271
 90
272
 90
247
 90
3
 90
247
 90
272
 90
248
 90
3
 90
272
 90
273
 90
248
 90
3
 90
248
 90
273
 90
249
 90
3
 90
273
 90
274
 90
249
 90
3
 90
249
 90
274
 90
250
 90
3
 90
274
 90
275
 90
250
 90
3
 90
250
 90
275
 90
251
 90
3
 90
276
 90
264
 90
252
 90
3
 90
252
 90
264
 90
240
 90
3
 90
275
 90
276
 90
251
 90
3
 90
251
 90
276
 90
252
 90
3
 90
277
 90
278
 90
253
 90
3
 90
253
 90
278
 90
254
 90
3
 90
278
 90
279
 90
254
 90
3
 90
254
 90
279
 90
255
 90
3
 90
279
 90
280
 90
255
 90
3
 90
255
 90
280
 90
256
 90
3
 90
280
 90
281
 90
256
 90
3
 90
256
 90
281
 90
257
 90
3
 90
281
 90
282
 90
257
 90
3
 90
257
 90
282
 90
258
 90
3
 90
282
 90
283
 90
258
 90
3
 90
258
 90
283
 90
259
 90
3
 90
283
 90
284
 90
259
 90
3
 90
259
 90
284
 90
260
 90
3
 90
284
 90
285
 90
260
 90
3
 90
260
 90
285
 90
261
 90
3
 90
285
 90
286
 90
261
 90
3
 90
261
 90
286
 90
262
 90
3
 90
287
 90
277
 90
263
 90
3
 90
263
 90
277
 90
253
 90
3
 90
286
 90
287
 90
262
 90
3
 90
262
 90
287
 90
263
 90
3
 90
305
 90
306
 90
298
 90
3
 90
304
 90
305
 90
298
 90
3
 90
319
 90
304
 90
298
 90
3
 90
298
 90
306
 90
307
 90
3
 90
297
 90
298
 90
307
 90
3
 90
296
 90
297
 90
307
 90
3
 90
295
 90
296
 90
307
 90
3
 90
293
 90
294
 90
295
 90
3
 90
292
 90
293
 90
295
 90
3
 90
291
 90
292
 90
295
 90
3
 90
289
 90
290
 90
291
 90
3
 90
288
 90
289
 90
291
 90
3
 90
303
 90
288
 90
291
 90
3
 90
301
 90
302
 90
303
 90
3
 90
300
 90
301
 90
303
 90
3
 90
299
 90
300
 90
303
 90
3
 90
319
 90
298
 90
299
 90
3
 90
295
 90
307
 90
308
 90
3
 90
319
 90
299
 90
303
 90
3
 90
318
 90
319
 90
303
 90
3
 90
317
 90
318
 90
303
 90
3
 90
316
 90
317
 90
303
 90
3
 90
315
 90
316
 90
303
 90
3
 90
314
 90
315
 90
303
 90
3
 90
295
 90
308
 90
309
 90
3
 90
314
 90
303
 90
291
 90
3
 90
313
 90
314
 90
291
 90
3
 90
312
 90
313
 90
291
 90
3
 90
311
 90
312
 90
291
 90
3
 90
295
 90
309
 90
310
 90
3
 90
311
 90
291
 90
295
 90
3
 90
310
 90
311
 90
295
 90
3
 90
330
 90
338
 90
337
 90
3
 90
330
 90
337
 90
336
 90
3
 90
330
 90
336
 90
351
 90
3
 90
339
 90
338
 90
330
 90
3
 90
339
 90
330
 90
329
 90
3
 90
339
 90
329
 90
328
 90
3
 90
339
 90
328
 90
327
 90
3
 90
327
 90
326
 90
325
 90
3
 90
327
 90
325
 90
324
 90
3
 90
327
 90
324
 90
323
 90
3
 90
323
 90
322
 90
321
 90
3
 90
323
 90
321
 90
320
 90
3
 90
323
 90
320
 90
335
 90
3
 90
335
 90
334
 90
333
 90
3
 90
335
 90
333
 90
332
 90
3
 90
335
 90
332
 90
331
 90
3
 90
331
 90
330
 90
351
 90
3
 90
340
 90
339
 90
327
 90
3
 90
335
 90
331
 90
351
 90
3
 90
335
 90
351
 90
350
 90
3
 90
335
 90
350
 90
349
 90
3
 90
335
 90
349
 90
348
 90
3
 90
335
 90
348
 90
347
 90
3
 90
335
 90
347
 90
346
 90
3
 90
341
 90
340
 90
327
 90
3
 90
323
 90
335
 90
346
 90
3
 90
323
 90
346
 90
345
 90
3
 90
323
 90
345
 90
344
 90
3
 90
323
 90
344
 90
343
 90
3
 90
342
 90
341
 90
327
 90
3
 90
327
 90
323
 90
343
 90
3
 90
327
 90
343
 90
342
 90
3
 90
320
 90
321
 90
288
 90
3
 90
288
 90
321
 90
289
 90
3
 90
321
 90
322
 90
289
 90
3
 90
289
 90
322
 90
290
 90
3
 90
322
 90
323
 90
290
 90
3
 90
290
 90
323
 90
291
 90
3
 90
323
 90
324
 90
291
 90
3
 90
291
 90
324
 90
292
 90
3
 90
324
 90
325
 90
292
 90
3
 90
292
 90
325
 90
293
 90
3
 90
325
 90
326
 90
293
 90
3
 90
293
 90
326
 90
294
 90
3
 90
326
 90
327
 90
294
 90
3
 90
294
 90
327
 90
295
 90
3
 90
327
 90
328
 90
295
 90
3
 90
295
 90
328
 90
296
 90
3
 90
328
 90
329
 90
296
 90
3
 90
296
 90
329
 90
297
 90
3
 90
329
 90
330
 90
297
 90
3
 90
297
 90
330
 90
298
 90
3
 90
330
 90
331
 90
298
 90
3
 90
298
 90
331
 90
299
 90
3
 90
331
 90
332
 90
299
 90
3
 90
299
 90
332
 90
300
 90
3
 90
332
 90
333
 90
300
 90
3
 90
300
 90
333
 90
301
 90
3
 90
333
 90
334
 90
301
 90
3
 90
301
 90
334
 90
302
 90
3
 90
335
 90
320
 90
303
 90
3
 90
303
 90
320
 90
288
 90
3
 90
334
 90
335
 90
302
 90
3
 90
302
 90
335
 90
303
 90
3
 90
336
 90
337
 90
304
 90
3
 90
304
 90
337
 90
305
 90
3
 90
337
 90
338
 90
305
 90
3
 90
305
 90
338
 90
306
 90
3
 90
338
 90
339
 90
306
 90
3
 90
306
 90
339
 90
307
 90
3
 90
339
 90
340
 90
307
 90
3
 90
307
 90
340
 90
308
 90
3
 90
340
 90
341
 90
308
 90
3
 90
308
 90
341
 90
309
 90
3
 90
341
 90
342
 90
309
 90
3
 90
309
 90
342
 90
310
 90
3
 90
342
 90
343
 90
310
 90
3
 90
310
 90
343
 90
311
 90
3
 90
343
 90
344
 90
311
 90
3
 90
311
 90
344
 90
312
 90
3
 90
344
 90
345
 90
312
 90
3
 90
312
 90
345
 90
313
 90
3
 90
345
 90
346
 90
313
 90
3
 90
313
 90
346
 90
314
 90
3
 90
346
 90
347
 90
314
 90
3
 90
314
 90
347
 90
315
 90
3
 90
347
 90
348
 90
315
 90
3
 90
315
 90
348
 90
316
 90
3
 90
348
 90
349
 90
316
 90
3
 90
316
 90
349
 90
317
 90
3
 90
349
 90
350
 90
317
 90
3
 90
317
 90
350
 90
318
 90
3
 90
351
 90
336
 90
319
 90
3
 90
319
 90
336
 90
304
 90
3
 90
350
 90
351
 90
318
 90
3
 90
318
 90
351
 90
319
 90
3
 90
402
 90
403
 90
352
 90
3
 90
401
 90
402
 90
352
 90
3
 90
400
 90
401
 90
352
 90
3
 90
399
 90
400
 90
352
 90
3
 90
398
 90
399
 90
352
 90
3
 90
396
 90
397
 90
398
 90
3
 90
395
 90
396
 90
398
 90
3
 90
394
 90
395
 90
398
 90
3
 90
393
 90
394
 90
398
 90
3
 90
392
 90
393
 90
398
 90
3
 90
390
 90
391
 90
392
 90
3
 90
377
 90
378
 90
379
 90
3
 90
376
 90
377
 90
379
 90
3
 90
375
 90
376
 90
379
 90
3
 90
374
 90
375
 90
379
 90
3
 90
373
 90
374
 90
379
 90
3
 90
372
 90
373
 90
379
 90
3
 90
370
 90
371
 90
372
 90
3
 90
369
 90
370
 90
372
 90
3
 90
368
 90
369
 90
372
 90
3
 90
367
 90
368
 90
372
 90
3
 90
366
 90
367
 90
372
 90
3
 90
364
 90
365
 90
366
 90
3
 90
398
 90
352
 90
353
 90
3
 90
372
 90
379
 90
380
 90
3
 90
398
 90
353
 90
354
 90
3
 90
372
 90
380
 90
381
 90
3
 90
398
 90
354
 90
355
 90
3
 90
372
 90
381
 90
382
 90
3
 90
398
 90
355
 90
356
 90
3
 90
372
 90
382
 90
383
 90
3
 90
398
 90
356
 90
357
 90
3
 90
372
 90
383
 90
384
 90
3
 90
398
 90
357
 90
358
 90
3
 90
372
 90
384
 90
385
 90
3
 90
366
 90
372
 90
385
 90
3
 90
398
 90
358
 90
359
 90
3
 90
392
 90
398
 90
359
 90
3
 90
366
 90
385
 90
386
 90
3
 90
392
 90
359
 90
360
 90
3
 90
366
 90
386
 90
387
 90
3
 90
364
 90
366
 90
387
 90
3
 90
363
 90
364
 90
387
 90
3
 90
392
 90
360
 90
361
 90
3
 90
390
 90
392
 90
361
 90
3
 90
389
 90
390
 90
361
 90
3
 90
388
 90
389
 90
361
 90
3
 90
363
 90
387
 90
388
 90
3
 90
362
 90
363
 90
388
 90
3
 90
361
 90
362
 90
388
 90
3
 90
404
 90
455
 90
454
 90
3
 90
404
 90
454
 90
453
 90
3
 90
404
 90
453
 90
452
 90
3
 90
404
 90
452
 90
451
 90
3
 90
404
 90
451
 90
450
 90
3
 90
450
 90
449
 90
448
 90
3
 90
450
 90
448
 90
447
 90
3
 90
450
 90
447
 90
446
 90
3
 90
450
 90
446
 90
445
 90
3
 90
450
 90
445
 90
444
 90
3
 90
444
 90
443
 90
442
 90
3
 90
431
 90
430
 90
429
 90
3
 90
431
 90
429
 90
428
 90
3
 90
431
 90
428
 90
427
 90
3
 90
431
 90
427
 90
426
 90
3
 90
431
 90
426
 90
425
 90
3
 90
431
 90
425
 90
424
 90
3
 90
424
 90
423
 90
422
 90
3
 90
424
 90
422
 90
421
 90
3
 90
424
 90
421
 90
420
 90
3
 90
424
 90
420
 90
419
 90
3
 90
424
 90
419
 90
418
 90
3
 90
418
 90
417
 90
416
 90
3
 90
405
 90
404
 90
450
 90
3
 90
432
 90
431
 90
424
 90
3
 90
406
 90
405
 90
450
 90
3
 90
433
 90
432
 90
424
 90
3
 90
407
 90
406
 90
450
 90
3
 90
434
 90
433
 90
424
 90
3
 90
408
 90
407
 90
450
 90
3
 90
435
 90
434
 90
424
 90
3
 90
409
 90
408
 90
450
 90
3
 90
436
 90
435
 90
424
 90
3
 90
410
 90
409
 90
450
 90
3
 90
437
 90
436
 90
424
 90
3
 90
437
 90
424
 90
418
 90
3
 90
411
 90
410
 90
450
 90
3
 90
411
 90
450
 90
444
 90
3
 90
438
 90
437
 90
418
 90
3
 90
412
 90
411
 90
444
 90
3
 90
439
 90
438
 90
418
 90
3
 90
439
 90
418
 90
416
 90
3
 90
439
 90
416
 90
415
 90
3
 90
413
 90
412
 90
444
 90
3
 90
413
 90
444
 90
442
 90
3
 90
413
 90
442
 90
441
 90
3
 90
413
 90
441
 90
440
 90
3
 90
440
 90
439
 90
415
 90
3
 90
440
 90
415
 90
414
 90
3
 90
440
 90
414
 90
413
 90
3
 90
404
 90
405
 90
352
 90
3
 90
352
 90
405
 90
353
 90
3
 90
405
 90
406
 90
353
 90
3
 90
353
 90
406
 90
354
 90
3
 90
406
 90
407
 90
354
 90
3
 90
354
 90
407
 90
355
 90
3
 90
407
 90
408
 90
355
 90
3
 90
355
 90
408
 90
356
 90
3
 90
408
 90
409
 90
356
 90
3
 90
356
 90
409
 90
357
 90
3
 90
409
 90
410
 90
357
 90
3
 90
357
 90
410
 90
358
 90
3
 90
410
 90
411
 90
358
 90
3
 90
358
 90
411
 90
359
 90
3
 90
411
 90
412
 90
359
 90
3
 90
359
 90
412
 90
360
 90
3
 90
412
 90
413
 90
360
 90
3
 90
360
 90
413
 90
361
 90
3
 90
413
 90
414
 90
361
 90
3
 90
361
 90
414
 90
362
 90
3
 90
414
 90
415
 90
362
 90
3
 90
362
 90
415
 90
363
 90
3
 90
415
 90
416
 90
363
 90
3
 90
363
 90
416
 90
364
 90
3
 90
416
 90
417
 90
364
 90
3
 90
364
 90
417
 90
365
 90
3
 90
417
 90
418
 90
365
 90
3
 90
365
 90
418
 90
366
 90
3
 90
418
 90
419
 90
366
 90
3
 90
366
 90
419
 90
367
 90
3
 90
419
 90
420
 90
367
 90
3
 90
367
 90
420
 90
368
 90
3
 90
420
 90
421
 90
368
 90
3
 90
368
 90
421
 90
369
 90
3
 90
421
 90
422
 90
369
 90
3
 90
369
 90
422
 90
370
 90
3
 90
422
 90
423
 90
370
 90
3
 90
370
 90
423
 90
371
 90
3
 90
423
 90
424
 90
371
 90
3
 90
371
 90
424
 90
372
 90
3
 90
424
 90
425
 90
372
 90
3
 90
372
 90
425
 90
373
 90
3
 90
425
 90
426
 90
373
 90
3
 90
373
 90
426
 90
374
 90
3
 90
426
 90
427
 90
374
 90
3
 90
374
 90
427
 90
375
 90
3
 90
427
 90
428
 90
375
 90
3
 90
375
 90
428
 90
376
 90
3
 90
428
 90
429
 90
376
 90
3
 90
376
 90
429
 90
377
 90
3
 90
429
 90
430
 90
377
 90
3
 90
377
 90
430
 90
378
 90
3
 90
430
 90
431
 90
378
 90
3
 90
378
 90
431
 90
379
 90
3
 90
431
 90
432
 90
379
 90
3
 90
379
 90
432
 90
380
 90
3
 90
432
 90
433
 90
380
 90
3
 90
380
 90
433
 90
381
 90
3
 90
433
 90
434
 90
381
 90
3
 90
381
 90
434
 90
382
 90
3
 90
434
 90
435
 90
382
 90
3
 90
382
 90
435
 90
383
 90
3
 90
435
 90
436
 90
383
 90
3
 90
383
 90
436
 90
384
 90
3
 90
436
 90
437
 90
384
 90
3
 90
384
 90
437
 90
385
 90
3
 90
437
 90
438
 90
385
 90
3
 90
385
 90
438
 90
386
 90
3
 90
438
 90
439
 90
386
 90
3
 90
386
 90
439
 90
387
 90
3
 90
439
 90
440
 90
387
 90
3
 90
387
 90
440
 90
388
 90
3
 90
440
 90
441
 90
388
 90
3
 90
388
 90
441
 90
389
 90
3
 90
441
 90
442
 90
389
 90
3
 90
389
 90
442
 90
390
 90
3
 90
442
 90
443
 90
390
 90
3
 90
390
 90
443
 90
391
 90
3
 90
443
 90
444
 90
391
 90
3
 90
391
 90
444
 90
392
 90
3
 90
444
 90
445
 90
392
 90
3
 90
392
 90
445
 90
393
 90
3
 90
445
 90
446
 90
393
 90
3
 90
393
 90
446
 90
394
 90
3
 90
446
 90
447
 90
394
 90
3
 90
394
 90
447
 90
395
 90
3
 90
447
 90
448
 90
395
 90
3
 90
395
 90
448
 90
396
 90
3
 90
448
 90
449
 90
396
 90
3
 90
396
 90
449
 90
397
 90
3
 90
449
 90
450
 90
397
 90
3
 90
397
 90
450
 90
398
 90
3
 90
450
 90
451
 90
398
 90
3
 90
398
 90
451
 90
399
 90
3
 90
451
 90
452
 90
399
 90
3
 90
399
 90
452
 90
400
 90
3
 90
452
 90
453
 90
400
 90
3
 90
400
 90
453
 90
401
 90
3
 90
453
 90
454
 90
401
 90
3
 90
401
 90
454
 90
402
 90
3
 90
455
 90
404
 90
403
 90
3
 90
403
 90
404
 90
352
 90
3
 90
454
 90
455
 90
402
 90
3
 90
402
 90
455
 90
403
 90
3
 90
462
 90
463
 90
456
 90
3
 90
461
 90
462
 90
456
 90
3
 90
459
 90
460
 90
461
 90
3
 90
458
 90
459
 90
461
 90
3
 90
456
 90
457
 90
458
 90
3
 90
461
 90
456
 90
458
 90
3
 90
464
 90
471
 90
470
 90
3
 90
464
 90
470
 90
469
 90
3
 90
469
 90
468
 90
467
 90
3
 90
469
 90
467
 90
466
 90
3
 90
466
 90
465
 90
464
 90
3
 90
466
 90
464
 90
469
 90
3
 90
464
 90
465
 90
456
 90
3
 90
456
 90
465
 90
457
 90
3
 90
465
 90
466
 90
457
 90
3
 90
457
 90
466
 90
458
 90
3
 90
466
 90
467
 90
458
 90
3
 90
458
 90
467
 90
459
 90
3
 90
467
 90
468
 90
459
 90
3
 90
459
 90
468
 90
460
 90
3
 90
468
 90
469
 90
460
 90
3
 90
460
 90
469
 90
461
 90
3
 90
469
 90
470
 90
461
 90
3
 90
461
 90
470
 90
462
 90
3
 90
471
 90
464
 90
463
 90
3
 90
463
 90
464
 90
456
 90
3
 90
470
 90
471
 90
462
 90
3
 90
462
 90
471
 90
463
 90
3
 90
522
 90
523
 90
472
 90
3
 90
521
 90
522
 90
472
 90
3
 90
520
 90
521
 90
472
 90
3
 90
519
 90
520
 90
472
 90
3
 90
518
 90
519
 90
472
 90
3
 90
516
 90
517
 90
518
 90
3
 90
515
 90
516
 90
518
 90
3
 90
514
 90
515
 90
518
 90
3
 90
513
 90
514
 90
518
 90
3
 90
512
 90
513
 90
518
 90
3
 90
510
 90
511
 90
512
 90
3
 90
497
 90
498
 90
499
 90
3
 90
496
 90
497
 90
499
 90
3
 90
495
 90
496
 90
499
 90
3
 90
494
 90
495
 90
499
 90
3
 90
493
 90
494
 90
499
 90
3
 90
492
 90
493
 90
499
 90
3
 90
490
 90
491
 90
492
 90
3
 90
489
 90
490
 90
492
 90
3
 90
488
 90
489
 90
492
 90
3
 90
487
 90
488
 90
492
 90
3
 90
486
 90
487
 90
492
 90
3
 90
484
 90
485
 90
486
 90
3
 90
518
 90
472
 90
473
 90
3
 90
492
 90
499
 90
500
 90
3
 90
518
 90
473
 90
474
 90
3
 90
492
 90
500
 90
501
 90
3
 90
518
 90
474
 90
475
 90
3
 90
492
 90
501
 90
502
 90
3
 90
518
 90
475
 90
476
 90
3
 90
492
 90
502
 90
503
 90
3
 90
518
 90
476
 90
477
 90
3
 90
492
 90
503
 90
504
 90
3
 90
518
 90
477
 90
478
 90
3
 90
492
 90
504
 90
505
 90
3
 90
486
 90
492
 90
505
 90
3
 90
518
 90
478
 90
479
 90
3
 90
512
 90
518
 90
479
 90
3
 90
486
 90
505
 90
506
 90
3
 90
512
 90
479
 90
480
 90
3
 90
486
 90
506
 90
507
 90
3
 90
484
 90
486
 90
507
 90
3
 90
483
 90
484
 90
507
 90
3
 90
512
 90
480
 90
481
 90
3
 90
510
 90
512
 90
481
 90
3
 90
509
 90
510
 90
481
 90
3
 90
508
 90
509
 90
481
 90
3
 90
483
 90
507
 90
508
 90
3
 90
482
 90
483
 90
508
 90
3
 90
481
 90
482
 90
508
 90
3
 90
524
 90
575
 90
574
 90
3
 90
524
 90
574
 90
573
 90
3
 90
524
 90
573
 90
572
 90
3
 90
524
 90
572
 90
571
 90
3
 90
524
 90
571
 90
570
 90
3
 90
570
 90
569
 90
568
 90
3
 90
570
 90
568
 90
567
 90
3
 90
570
 90
567
 90
566
 90
3
 90
570
 90
566
 90
565
 90
3
 90
570
 90
565
 90
564
 90
3
 90
564
 90
563
 90
562
 90
3
 90
551
 90
550
 90
549
 90
3
 90
551
 90
549
 90
548
 90
3
 90
551
 90
548
 90
547
 90
3
 90
551
 90
547
 90
546
 90
3
 90
551
 90
546
 90
545
 90
3
 90
551
 90
545
 90
544
 90
3
 90
544
 90
543
 90
542
 90
3
 90
544
 90
542
 90
541
 90
3
 90
544
 90
541
 90
540
 90
3
 90
544
 90
540
 90
539
 90
3
 90
544
 90
539
 90
538
 90
3
 90
538
 90
537
 90
536
 90
3
 90
525
 90
524
 90
570
 90
3
 90
552
 90
551
 90
544
 90
3
 90
526
 90
525
 90
570
 90
3
 90
553
 90
552
 90
544
 90
3
 90
527
 90
526
 90
570
 90
3
 90
554
 90
553
 90
544
 90
3
 90
528
 90
527
 90
570
 90
3
 90
555
 90
554
 90
544
 90
3
 90
529
 90
528
 90
570
 90
3
 90
556
 90
555
 90
544
 90
3
 90
530
 90
529
 90
570
 90
3
 90
557
 90
556
 90
544
 90
3
 90
557
 90
544
 90
538
 90
3
 90
531
 90
530
 90
570
 90
3
 90
531
 90
570
 90
564
 90
3
 90
558
 90
557
 90
538
 90
3
 90
532
 90
531
 90
564
 90
3
 90
559
 90
558
 90
538
 90
3
 90
559
 90
538
 90
536
 90
3
 90
559
 90
536
 90
535
 90
3
 90
533
 90
532
 90
564
 90
3
 90
533
 90
564
 90
562
 90
3
 90
533
 90
562
 90
561
 90
3
 90
533
 90
561
 90
560
 90
3
 90
560
 90
559
 90
535
 90
3
 90
560
 90
535
 90
534
 90
3
 90
560
 90
534
 90
533
 90
3
 90
524
 90
525
 90
472
 90
3
 90
472
 90
525
 90
473
 90
3
 90
525
 90
526
 90
473
 90
3
 90
473
 90
526
 90
474
 90
3
 90
526
 90
527
 90
474
 90
3
 90
474
 90
527
 90
475
 90
3
 90
527
 90
528
 90
475
 90
3
 90
475
 90
528
 90
476
 90
3
 90
528
 90
529
 90
476
 90
3
 90
476
 90
529
 90
477
 90
3
 90
529
 90
530
 90
477
 90
3
 90
477
 90
530
 90
478
 90
3
 90
530
 90
531
 90
478
 90
3
 90
478
 90
531
 90
479
 90
3
 90
531
 90
532
 90
479
 90
3
 90
479
 90
532
 90
480
 90
3
 90
532
 90
533
 90
480
 90
3
 90
480
 90
533
 90
481
 90
3
 90
533
 90
534
 90
481
 90
3
 90
481
 90
534
 90
482
 90
3
 90
534
 90
535
 90
482
 90
3
 90
482
 90
535
 90
483
 90
3
 90
535
 90
536
 90
483
 90
3
 90
483
 90
536
 90
484
 90
3
 90
536
 90
537
 90
484
 90
3
 90
484
 90
537
 90
485
 90
3
 90
537
 90
538
 90
485
 90
3
 90
485
 90
538
 90
486
 90
3
 90
538
 90
539
 90
486
 90
3
 90
486
 90
539
 90
487
 90
3
 90
539
 90
540
 90
487
 90
3
 90
487
 90
540
 90
488
 90
3
 90
540
 90
541
 90
488
 90
3
 90
488
 90
541
 90
489
 90
3
 90
541
 90
542
 90
489
 90
3
 90
489
 90
542
 90
490
 90
3
 90
542
 90
543
 90
490
 90
3
 90
490
 90
543
 90
491
 90
3
 90
543
 90
544
 90
491
 90
3
 90
491
 90
544
 90
492
 90
3
 90
544
 90
545
 90
492
 90
3
 90
492
 90
545
 90
493
 90
3
 90
545
 90
546
 90
493
 90
3
 90
493
 90
546
 90
494
 90
3
 90
546
 90
547
 90
494
 90
3
 90
494
 90
547
 90
495
 90
3
 90
547
 90
548
 90
495
 90
3
 90
495
 90
548
 90
496
 90
3
 90
548
 90
549
 90
496
 90
3
 90
496
 90
549
 90
497
 90
3
 90
549
 90
550
 90
497
 90
3
 90
497
 90
550
 90
498
 90
3
 90
550
 90
551
 90
498
 90
3
 90
498
 90
551
 90
499
 90
3
 90
551
 90
552
 90
499
 90
3
 90
499
 90
552
 90
500
 90
3
 90
552
 90
553
 90
500
 90
3
 90
500
 90
553
 90
501
 90
3
 90
553
 90
554
 90
501
 90
3
 90
501
 90
554
 90
502
 90
3
 90
554
 90
555
 90
502
 90
3
 90
502
 90
555
 90
503
 90
3
 90
555
 90
556
 90
503
 90
3
 90
503
 90
556
 90
504
 90
3
 90
556
 90
557
 90
504
 90
3
 90
504
 90
557
 90
505
 90
3
 90
557
 90
558
 90
505
 90
3
 90
505
 90
558
 90
506
 90
3
 90
558
 90
559
 90
506
 90
3
 90
506
 90
559
 90
507
 90
3
 90
559
 90
560
 90
507
 90
3
 90
507
 90
560
 90
508
 90
3
 90
560
 90
561
 90
508
 90
3
 90
508
 90
561
 90
509
 90
3
 90
561
 90
562
 90
509
 90
3
 90
509
 90
562
 90
510
 90
3
 90
562
 90
563
 90
510
 90
3
 90
510
 90
563
 90
511
 90
3
 90
563
 90
564
 90
511
 90
3
 90
511
 90
564
 90
512
 90
3
 90
564
 90
565
 90
512
 90
3
 90
512
 90
565
 90
513
 90
3
 90
565
 90
566
 90
513
 90
3
 90
513
 90
566
 90
514
 90
3
 90
566
 90
567
 90
514
 90
3
 90
514
 90
567
 90
515
 90
3
 90
567
 90
568
 90
515
 90
3
 90
515
 90
568
 90
516
 90
3
 90
568
 90
569
 90
516
 90
3
 90
516
 90
569
 90
517
 90
3
 90
569
 90
570
 90
517
 90
3
 90
517
 90
570
 90
518
 90
3
 90
570
 90
571
 90
518
 90
3
 90
518
 90
571
 90
519
 90
3
 90
571
 90
572
 90
519
 90
3
 90
519
 90
572
 90
520
 90
3
 90
572
 90
573
 90
520
 90
3
 90
520
 90
573
 90
521
 90
3
 90
573
 90
574
 90
521
 90
3
 90
521
 90
574
 90
522
 90
3
 90
575
 90
524
 90
523
 90
3
 90
523
 90
524
 90
472
 90
3
 90
574
 90
575
 90
522
 90
3
 90
522
 90
575
 90
523
 90
3
 90
592
 90
593
 90
576
 90
3
 90
591
 90
592
 90
576
 90
3
 90
590
 90
591
 90
576
 90
3
 90
589
 90
590
 90
576
 90
3
 90
584
 90
585
 90
586
 90
3
 90
583
 90
584
 90
586
 90
3
 90
582
 90
583
 90
586
 90
3
 90
581
 90
582
 90
586
 90
3
 90
580
 90
581
 90
586
 90
3
 90
579
 90
580
 90
586
 90
3
 90
578
 90
579
 90
586
 90
3
 90
576
 90
577
 90
578
 90
3
 90
589
 90
576
 90
578
 90
3
 90
588
 90
589
 90
578
 90
3
 90
587
 90
588
 90
578
 90
3
 90
586
 90
587
 90
578
 90
3
 90
594
 90
611
 90
610
 90
3
 90
594
 90
610
 90
609
 90
3
 90
594
 90
609
 90
608
 90
3
 90
594
 90
608
 90
607
 90
3
 90
604
 90
603
 90
602
 90
3
 90
604
 90
602
 90
601
 90
3
 90
604
 90
601
 90
600
 90
3
 90
604
 90
600
 90
599
 90
3
 90
604
 90
599
 90
598
 90
3
 90
604
 90
598
 90
597
 90
3
 90
604
 90
597
 90
596
 90
3
 90
596
 90
595
 90
594
 90
3
 90
596
 90
594
 90
607
 90
3
 90
596
 90
607
 90
606
 90
3
 90
596
 90
606
 90
605
 90
3
 90
596
 90
605
 90
604
 90
3
 90
594
 90
595
 90
576
 90
3
 90
576
 90
595
 90
577
 90
3
 90
595
 90
596
 90
577
 90
3
 90
577
 90
596
 90
578
 90
3
 90
596
 90
597
 90
578
 90
3
 90
578
 90
597
 90
579
 90
3
 90
597
 90
598
 90
579
 90
3
 90
579
 90
598
 90
580
 90
3
 90
598
 90
599
 90
580
 90
3
 90
580
 90
599
 90
581
 90
3
 90
599
 90
600
 90
581
 90
3
 90
581
 90
600
 90
582
 90
3
 90
600
 90
601
 90
582
 90
3
 90
582
 90
601
 90
583
 90
3
 90
601
 90
602
 90
583
 90
3
 90
583
 90
602
 90
584
 90
3
 90
602
 90
603
 90
584
 90
3
 90
584
 90
603
 90
585
 90
3
 90
603
 90
604
 90
585
 90
3
 90
585
 90
604
 90
586
 90
3
 90
604
 90
605
 90
586
 90
3
 90
586
 90
605
 90
587
 90
3
 90
605
 90
606
 90
587
 90
3
 90
587
 90
606
 90
588
 90
3
 90
606
 90
607
 90
588
 90
3
 90
588
 90
607
 90
589
 90
3
 90
607
 90
608
 90
589
 90
3
 90
589
 90
608
 90
590
 90
3
 90
608
 90
609
 90
590
 90
3
 90
590
 90
609
 90
591
 90
3
 90
609
 90
610
 90
591
 90
3
 90
591
 90
610
 90
592
 90
3
 90
611
 90
594
 90
593
 90
3
 90
593
 90
594
 90
576
 90
3
 90
610
 90
611
 90
592
 90
3
 90
592
 90
611
 90
593
 90
3
 90
662
 90
663
 90
664
 90
3
 90
661
 90
662
 90
664
 90
3
 90
660
 90
661
 90
664
 90
3
 90
659
 90
660
 90
664
 90
3
 90
658
 90
659
 90
664
 90
3
 90
657
 90
658
 90
664
 90
3
 90
655
 90
656
 90
657
 90
3
 90
654
 90
655
 90
657
 90
3
 90
653
 90
654
 90
657
 90
3
 90
652
 90
653
 90
657
 90
3
 90
651
 90
652
 90
657
 90
3
 90
650
 90
651
 90
657
 90
3
 90
649
 90
650
 90
657
 90
3
 90
648
 90
649
 90
657
 90
3
 90
647
 90
648
 90
657
 90
3
 90
646
 90
647
 90
657
 90
3
 90
645
 90
646
 90
657
 90
3
 90
644
 90
645
 90
657
 90
3
 90
643
 90
644
 90
657
 90
3
 90
637
 90
638
 90
639
 90
3
 90
636
 90
637
 90
639
 90
3
 90
635
 90
636
 90
639
 90
3
 90
634
 90
635
 90
639
 90
3
 90
633
 90
634
 90
639
 90
3
 90
623
 90
624
 90
625
 90
3
 90
622
 90
623
 90
625
 90
3
 90
621
 90
622
 90
625
 90
3
 90
620
 90
621
 90
625
 90
3
 90
619
 90
620
 90
625
 90
3
 90
618
 90
619
 90
625
 90
3
 90
616
 90
617
 90
618
 90
3
 90
615
 90
616
 90
618
 90
3
 90
614
 90
615
 90
618
 90
3
 90
613
 90
614
 90
618
 90
3
 90
612
 90
613
 90
618
 90
3
 90
664
 90
612
 90
618
 90
3
 90
657
 90
664
 90
618
 90
3
 90
633
 90
639
 90
640
 90
3
 90
618
 90
625
 90
626
 90
3
 90
633
 90
640
 90
641
 90
3
 90
632
 90
633
 90
641
 90
3
 90
618
 90
626
 90
627
 90
3
 90
632
 90
641
 90
642
 90
3
 90
618
 90
627
 90
628
 90
3
 90
632
 90
642
 90
643
 90
3
 90
618
 90
628
 90
629
 90
3
 90
632
 90
643
 90
657
 90
3
 90
618
 90
629
 90
630
 90
3
 90
632
 90
657
 90
618
 90
3
 90
631
 90
632
 90
618
 90
3
 90
630
 90
631
 90
618
 90
3
 90
717
 90
716
 90
715
 90
3
 90
717
 90
715
 90
714
 90
3
 90
717
 90
714
 90
713
 90
3
 90
717
 90
713
 90
712
 90
3
 90
717
 90
712
 90
711
 90
3
 90
717
 90
711
 90
710
 90
3
 90
710
 90
709
 90
708
 90
3
 90
710
 90
708
 90
707
 90
3
 90
710
 90
707
 90
706
 90
3
 90
710
 90
706
 90
705
 90
3
 90
710
 90
705
 90
704
 90
3
 90
710
 90
704
 90
703
 90
3
 90
710
 90
703
 90
702
 90
3
 90
710
 90
702
 90
701
 90
3
 90
710
 90
701
 90
700
 90
3
 90
710
 90
700
 90
699
 90
3
 90
710
 90
699
 90
698
 90
3
 90
710
 90
698
 90
697
 90
3
 90
710
 90
697
 90
696
 90
3
 90
692
 90
691
 90
690
 90
3
 90
692
 90
690
 90
689
 90
3
 90
692
 90
689
 90
688
 90
3
 90
692
 90
688
 90
687
 90
3
 90
692
 90
687
 90
686
 90
3
 90
678
 90
677
 90
676
 90
3
 90
678
 90
676
 90
675
 90
3
 90
678
 90
675
 90
674
 90
3
 90
678
 90
674
 90
673
 90
3
 90
678
 90
673
 90
672
 90
3
 90
678
 90
672
 90
671
 90
3
 90
671
 90
670
 90
669
 90
3
 90
671
 90
669
 90
668
 90
3
 90
671
 90
668
 90
667
 90
3
 90
671
 90
667
 90
666
 90
3
 90
671
 90
666
 90
665
 90
3
 90
671
 90
665
 90
717
 90
3
 90
671
 90
717
 90
710
 90
3
 90
693
 90
692
 90
686
 90
3
 90
679
 90
678
 90
671
 90
3
 90
694
 90
693
 90
686
 90
3
 90
694
 90
686
 90
685
 90
3
 90
680
 90
679
 90
671
 90
3
 90
695
 90
694
 90
685
 90
3
 90
681
 90
680
 90
671
 90
3
 90
696
 90
695
 90
685
 90
3
 90
682
 90
681
 90
671
 90
3
 90
710
 90
696
 90
685
 90
3
 90
683
 90
682
 90
671
 90
3
 90
671
 90
710
 90
685
 90
3
 90
671
 90
685
 90
684
 90
3
 90
671
 90
684
 90
683
 90
3
 90
665
 90
666
 90
612
 90
3
 90
612
 90
666
 90
613
 90
3
 90
666
 90
667
 90
613
 90
3
 90
613
 90
667
 90
614
 90
3
 90
667
 90
668
 90
614
 90
3
 90
614
 90
668
 90
615
 90
3
 90
668
 90
669
 90
615
 90
3
 90
615
 90
669
 90
616
 90
3
 90
669
 90
670
 90
616
 90
3
 90
616
 90
670
 90
617
 90
3
 90
670
 90
671
 90
617
 90
3
 90
617
 90
671
 90
618
 90
3
 90
671
 90
672
 90
618
 90
3
 90
618
 90
672
 90
619
 90
3
 90
672
 90
673
 90
619
 90
3
 90
619
 90
673
 90
620
 90
3
 90
673
 90
674
 90
620
 90
3
 90
620
 90
674
 90
621
 90
3
 90
674
 90
675
 90
621
 90
3
 90
621
 90
675
 90
622
 90
3
 90
675
 90
676
 90
622
 90
3
 90
622
 90
676
 90
623
 90
3
 90
676
 90
677
 90
623
 90
3
 90
623
 90
677
 90
624
 90
3
 90
677
 90
678
 90
624
 90
3
 90
624
 90
678
 90
625
 90
3
 90
678
 90
679
 90
625
 90
3
 90
625
 90
679
 90
626
 90
3
 90
679
 90
680
 90
626
 90
3
 90
626
 90
680
 90
627
 90
3
 90
680
 90
681
 90
627
 90
3
 90
627
 90
681
 90
628
 90
3
 90
681
 90
682
 90
628
 90
3
 90
628
 90
682
 90
629
 90
3
 90
682
 90
683
 90
629
 90
3
 90
629
 90
683
 90
630
 90
3
 90
683
 90
684
 90
630
 90
3
 90
630
 90
684
 90
631
 90
3
 90
684
 90
685
 90
631
 90
3
 90
631
 90
685
 90
632
 90
3
 90
685
 90
686
 90
632
 90
3
 90
632
 90
686
 90
633
 90
3
 90
686
 90
687
 90
633
 90
3
 90
633
 90
687
 90
634
 90
3
 90
687
 90
688
 90
634
 90
3
 90
634
 90
688
 90
635
 90
3
 90
688
 90
689
 90
635
 90
3
 90
635
 90
689
 90
636
 90
3
 90
689
 90
690
 90
636
 90
3
 90
636
 90
690
 90
637
 90
3
 90
690
 90
691
 90
637
 90
3
 90
637
 90
691
 90
638
 90
3
 90
691
 90
692
 90
638
 90
3
 90
638
 90
692
 90
639
 90
3
 90
692
 90
693
 90
639
 90
3
 90
639
 90
693
 90
640
 90
3
 90
693
 90
694
 90
640
 90
3
 90
640
 90
694
 90
641
 90
3
 90
694
 90
695
 90
641
 90
3
 90
641
 90
695
 90
642
 90
3
 90
695
 90
696
 90
642
 90
3
 90
642
 90
696
 90
643
 90
3
 90
696
 90
697
 90
643
 90
3
 90
643
 90
697
 90
644
 90
3
 90
697
 90
698
 90
644
 90
3
 90
644
 90
698
 90
645
 90
3
 90
698
 90
699
 90
645
 90
3
 90
645
 90
699
 90
646
 90
3
 90
699
 90
700
 90
646
 90
3
 90
646
 90
700
 90
647
 90
3
 90
700
 90
701
 90
647
 90
3
 90
647
 90
701
 90
648
 90
3
 90
701
 90
702
 90
648
 90
3
 90
648
 90
702
 90
649
 90
3
 90
702
 90
703
 90
649
 90
3
 90
649
 90
703
 90
650
 90
3
 90
703
 90
704
 90
650
 90
3
 90
650
 90
704
 90
651
 90
3
 90
704
 90
705
 90
651
 90
3
 90
651
 90
705
 90
652
 90
3
 90
705
 90
706
 90
652
 90
3
 90
652
 90
706
 90
653
 90
3
 90
706
 90
707
 90
653
 90
3
 90
653
 90
707
 90
654
 90
3
 90
707
 90
708
 90
654
 90
3
 90
654
 90
708
 90
655
 90
3
 90
708
 90
709
 90
655
 90
3
 90
655
 90
709
 90
656
 90
3
 90
709
 90
710
 90
656
 90
3
 90
656
 90
710
 90
657
 90
3
 90
710
 90
711
 90
657
 90
3
 90
657
 90
711
 90
658
 90
3
 90
711
 90
712
 90
658
 90
3
 90
658
 90
712
 90
659
 90
3
 90
712
 90
713
 90
659
 90
3
 90
659
 90
713
 90
660
 90
3
 90
713
 90
714
 90
660
 90
3
 90
660
 90
714
 90
661
 90
3
 90
714
 90
715
 90
661
 90
3
 90
661
 90
715
 90
662
 90
3
 90
715
 90
716
 90
662
 90
3
 90
662
 90
716
 90
663
 90
3
 90
717
 90
665
 90
664
 90
3
 90
664
 90
665
 90
612
 90
3
 90
716
 90
717
 90
663
 90
3
 90
663
 90
717
 90
664
 90
3
 90
734
 90
735
 90
718
 90
3
 90
733
 90
734
 90
718
 90
3
 90
732
 90
733
 90
718
 90
3
 90
731
 90
732
 90
718
 90
3
 90
730
 90
731
 90
718
 90
3
 90
729
 90
730
 90
718
 90
3
 90
728
 90
729
 90
718
 90
3
 90
726
 90
727
 90
728
 90
3
 90
725
 90
726
 90
728
 90
3
 90
724
 90
725
 90
728
 90
3
 90
723
 90
724
 90
728
 90
3
 90
722
 90
723
 90
728
 90
3
 90
721
 90
722
 90
728
 90
3
 90
720
 90
721
 90
728
 90
3
 90
719
 90
720
 90
728
 90
3
 90
718
 90
719
 90
728
 90
3
 90
736
 90
753
 90
752
 90
3
 90
736
 90
752
 90
751
 90
3
 90
736
 90
751
 90
750
 90
3
 90
736
 90
750
 90
749
 90
3
 90
736
 90
749
 90
748
 90
3
 90
736
 90
748
 90
747
 90
3
 90
736
 90
747
 90
746
 90
3
 90
746
 90
745
 90
744
 90
3
 90
746
 90
744
 90
743
 90
3
 90
746
 90
743
 90
742
 90
3
 90
746
 90
742
 90
741
 90
3
 90
746
 90
741
 90
740
 90
3
 90
746
 90
740
 90
739
 90
3
 90
746
 90
739
 90
738
 90
3
 90
746
 90
738
 90
737
 90
3
 90
746
 90
737
 90
736
 90
3
 90
736
 90
737
 90
718
 90
3
 90
718
 90
737
 90
719
 90
3
 90
737
 90
738
 90
719
 90
3
 90
719
 90
738
 90
720
 90
3
 90
738
 90
739
 90
720
 90
3
 90
720
 90
739
 90
721
 90
3
 90
739
 90
740
 90
721
 90
3
 90
721
 90
740
 90
722
 90
3
 90
740
 90
741
 90
722
 90
3
 90
722
 90
741
 90
723
 90
3
 90
741
 90
742
 90
723
 90
3
 90
723
 90
742
 90
724
 90
3
 90
742
 90
743
 90
724
 90
3
 90
724
 90
743
 90
725
 90
3
 90
743
 90
744
 90
725
 90
3
 90
725
 90
744
 90
726
 90
3
 90
744
 90
745
 90
726
 90
3
 90
726
 90
745
 90
727
 90
3
 90
745
 90
746
 90
727
 90
3
 90
727
 90
746
 90
728
 90
3
 90
746
 90
747
 90
728
 90
3
 90
728
 90
747
 90
729
 90
3
 90
747
 90
748
 90
729
 90
3
 90
729
 90
748
 90
730
 90
3
 90
748
 90
749
 90
730
 90
3
 90
730
 90
749
 90
731
 90
3
 90
749
 90
750
 90
731
 90
3
 90
731
 90
750
 90
732
 90
3
 90
750
 90
751
 90
732
 90
3
 90
732
 90
751
 90
733
 90
3
 90
751
 90
752
 90
733
 90
3
 90
733
 90
752
 90
734
 90
3
 90
753
 90
736
 90
735
 90
3
 90
735
 90
736
 90
718
 90
3
 90
752
 90
753
 90
734
 90
3
 90
734
 90
753
 90
735
 90
3
 90
790
 90
791
 90
754
 90
3
 90
789
 90
790
 90
754
 90
3
 90
788
 90
789
 90
754
 90
3
 90
785
 90
786
 90
787
 90
3
 90
784
 90
785
 90
787
 90
3
 90
783
 90
784
 90
787
 90
3
 90
782
 90
783
 90
787
 90
3
 90
781
 90
782
 90
787
 90
3
 90
780
 90
781
 90
787
 90
3
 90
766
 90
767
 90
768
 90
3
 90
765
 90
766
 90
768
 90
3
 90
764
 90
765
 90
768
 90
3
 90
763
 90
764
 90
768
 90
3
 90
762
 90
763
 90
768
 90
3
 90
761
 90
762
 90
768
 90
3
 90
759
 90
760
 90
761
 90
3
 90
758
 90
759
 90
761
 90
3
 90
757
 90
758
 90
761
 90
3
 90
756
 90
757
 90
761
 90
3
 90
755
 90
756
 90
761
 90
3
 90
788
 90
754
 90
755
 90
3
 90
780
 90
787
 90
788
 90
3
 90
779
 90
780
 90
788
 90
3
 90
778
 90
779
 90
788
 90
3
 90
777
 90
778
 90
788
 90
3
 90
761
 90
768
 90
769
 90
3
 90
777
 90
788
 90
755
 90
3
 90
776
 90
777
 90
755
 90
3
 90
775
 90
776
 90
755
 90
3
 90
761
 90
769
 90
770
 90
3
 90
775
 90
755
 90
761
 90
3
 90
774
 90
775
 90
761
 90
3
 90
773
 90
774
 90
761
 90
3
 90
772
 90
773
 90
761
 90
3
 90
771
 90
772
 90
761
 90
3
 90
770
 90
771
 90
761
 90
3
 90
792
 90
829
 90
828
 90
3
 90
792
 90
828
 90
827
 90
3
 90
792
 90
827
 90
826
 90
3
 90
825
 90
824
 90
823
 90
3
 90
825
 90
823
 90
822
 90
3
 90
825
 90
822
 90
821
 90
3
 90
825
 90
821
 90
820
 90
3
 90
825
 90
820
 90
819
 90
3
 90
825
 90
819
 90
818
 90
3
 90
806
 90
805
 90
804
 90
3
 90
806
 90
804
 90
803
 90
3
 90
806
 90
803
 90
802
 90
3
 90
806
 90
802
 90
801
 90
3
 90
806
 90
801
 90
800
 90
3
 90
806
 90
800
 90
799
 90
3
 90
799
 90
798
 90
797
 90
3
 90
799
 90
797
 90
796
 90
3
 90
799
 90
796
 90
795
 90
3
 90
799
 90
795
 90
794
 90
3
 90
799
 90
794
 90
793
 90
3
 90
793
 90
792
 90
826
 90
3
 90
826
 90
825
 90
818
 90
3
 90
826
 90
818
 90
817
 90
3
 90
826
 90
817
 90
816
 90
3
 90
826
 90
816
 90
815
 90
3
 90
807
 90
806
 90
799
 90
3
 90
793
 90
826
 90
815
 90
3
 90
793
 90
815
 90
814
 90
3
 90
793
 90
814
 90
813
 90
3
 90
808
 90
807
 90
799
 90
3
 90
799
 90
793
 90
813
 90
3
 90
799
 90
813
 90
812
 90
3
 90
799
 90
812
 90
811
 90
3
 90
799
 90
811
 90
810
 90
3
 90
799
 90
810
 90
809
 90
3
 90
799
 90
809
 90
808
 90
3
 90
792
 90
793
 90
754
 90
3
 90
754
 90
793
 90
755
 90
3
 90
793
 90
794
 90
755
 90
3
 90
755
 90
794
 90
756
 90
3
 90
794
 90
795
 90
756
 90
3
 90
756
 90
795
 90
757
 90
3
 90
795
 90
796
 90
757
 90
3
 90
757
 90
796
 90
758
 90
3
 90
796
 90
797
 90
758
 90
3
 90
758
 90
797
 90
759
 90
3
 90
797
 90
798
 90
759
 90
3
 90
759
 90
798
 90
760
 90
3
 90
798
 90
799
 90
760
 90
3
 90
760
 90
799
 90
761
 90
3
 90
799
 90
800
 90
761
 90
3
 90
761
 90
800
 90
762
 90
3
 90
800
 90
801
 90
762
 90
3
 90
762
 90
801
 90
763
 90
3
 90
801
 90
802
 90
763
 90
3
 90
763
 90
802
 90
764
 90
3
 90
802
 90
803
 90
764
 90
3
 90
764
 90
803
 90
765
 90
3
 90
803
 90
804
 90
765
 90
3
 90
765
 90
804
 90
766
 90
3
 90
804
 90
805
 90
766
 90
3
 90
766
 90
805
 90
767
 90
3
 90
805
 90
806
 90
767
 90
3
 90
767
 90
806
 90
768
 90
3
 90
806
 90
807
 90
768
 90
3
 90
768
 90
807
 90
769
 90
3
 90
807
 90
808
 90
769
 90
3
 90
769
 90
808
 90
770
 90
3
 90
808
 90
809
 90
770
 90
3
 90
770
 90
809
 90
771
 90
3
 90
809
 90
810
 90
771
 90
3
 90
771
 90
810
 90
772
 90
3
 90
810
 90
811
 90
772
 90
3
 90
772
 90
811
 90
773
 90
3
 90
811
 90
812
 90
773
 90
3
 90
773
 90
812
 90
774
 90
3
 90
812
 90
813
 90
774
 90
3
 90
774
 90
813
 90
775
 90
3
 90
813
 90
814
 90
775
 90
3
 90
775
 90
814
 90
776
 90
3
 90
814
 90
815
 90
776
 90
3
 90
776
 90
815
 90
777
 90
3
 90
815
 90
816
 90
777
 90
3
 90
777
 90
816
 90
778
 90
3
 90
816
 90
817
 90
778
 90
3
 90
778
 90
817
 90
779
 90
3
 90
817
 90
818
 90
779
 90
3
 90
779
 90
818
 90
780
 90
3
 90
818
 90
819
 90
780
 90
3
 90
780
 90
819
 90
781
 90
3
 90
819
 90
820
 90
781
 90
3
 90
781
 90
820
 90
782
 90
3
 90
820
 90
821
 90
782
 90
3
 90
782
 90
821
 90
783
 90
3
 90
821
 90
822
 90
783
 90
3
 90
783
 90
822
 90
784
 90
3
 90
822
 90
823
 90
784
 90
3
 90
784
 90
823
 90
785
 90
3
 90
823
 90
824
 90
785
 90
3
 90
785
 90
824
 90
786
 90
3
 90
824
 90
825
 90
786
 90
3
 90
786
 90
825
 90
787
 90
3
 90
825
 90
826
 90
787
 90
3
 90
787
 90
826
 90
788
 90
3
 90
826
 90
827
 90
788
 90
3
 90
788
 90
827
 90
789
 90
3
 90
827
 90
828
 90
789
 90
3
 90
789
 90
828
 90
790
 90
3
 90
829
 90
792
 90
791
 90
3
 90
791
 90
792
 90
754
 90
3
 90
828
 90
829
 90
790
 90
3
 90
790
 90
829
 90
791
 90
3
 90
832
 90
833
 90
830
 90
3
 90
831
 90
832
 90
830
 90
3
 90
834
 90
837
 90
836
 90
3
 90
834
 90
836
 90
835
 90
3
 90
834
 90
835
 90
830
 90
3
 90
830
 90
835
 90
831
 90
3
 90
835
 90
836
 90
831
 90
3
 90
831
 90
836
 90
832
 90
3
 90
837
 90
834
 90
833
 90
3
 90
833
 90
834
 90
830
 90
3
 90
836
 90
837
 90
832
 90
3
 90
832
 90
837
 90
833
 90
3
 90
840
 90
841
 90
838
 90
3
 90
839
 90
840
 90
838
 90
3
 90
842
 90
845
 90
844
 90
3
 90
842
 90
844
 90
843
 90
3
 90
842
 90
843
 90
838
 90
3
 90
838
 90
843
 90
839
 90
3
 90
843
 90
844
 90
839
 90
3
 90
839
 90
844
 90
840
 90
3
 90
845
 90
842
 90
841
 90
3
 90
841
 90
842
 90
838
 90
3
 90
844
 90
845
 90
840
 90
3
 90
840
 90
845
 90
841
 90
3
 90
891
 90
892
 90
893
 90
3
 90
890
 90
891
 90
893
 90
3
 90
889
 90
890
 90
893
 90
3
 90
888
 90
889
 90
893
 90
3
 90
887
 90
888
 90
893
 90
3
 90
886
 90
887
 90
893
 90
3
 90
884
 90
885
 90
886
 90
3
 90
883
 90
884
 90
886
 90
3
 90
882
 90
883
 90
886
 90
3
 90
881
 90
882
 90
886
 90
3
 90
880
 90
881
 90
886
 90
3
 90
878
 90
879
 90
880
 90
3
 90
865
 90
866
 90
867
 90
3
 90
864
 90
865
 90
867
 90
3
 90
863
 90
864
 90
867
 90
3
 90
862
 90
863
 90
867
 90
3
 90
861
 90
862
 90
867
 90
3
 90
860
 90
861
 90
867
 90
3
 90
858
 90
859
 90
860
 90
3
 90
857
 90
858
 90
860
 90
3
 90
856
 90
857
 90
860
 90
3
 90
855
 90
856
 90
860
 90
3
 90
854
 90
855
 90
860
 90
3
 90
852
 90
853
 90
854
 90
3
 90
886
 90
893
 90
894
 90
3
 90
860
 90
867
 90
868
 90
3
 90
886
 90
894
 90
895
 90
3
 90
860
 90
868
 90
869
 90
3
 90
886
 90
895
 90
896
 90
3
 90
860
 90
869
 90
870
 90
3
 90
886
 90
896
 90
897
 90
3
 90
860
 90
870
 90
871
 90
3
 90
886
 90
897
 90
846
 90
3
 90
860
 90
871
 90
872
 90
3
 90
886
 90
846
 90
847
 90
3
 90
880
 90
886
 90
847
 90
3
 90
860
 90
872
 90
873
 90
3
 90
854
 90
860
 90
873
 90
3
 90
880
 90
847
 90
848
 90
3
 90
854
 90
873
 90
874
 90
3
 90
880
 90
848
 90
849
 90
3
 90
878
 90
880
 90
849
 90
3
 90
877
 90
878
 90
849
 90
3
 90
876
 90
877
 90
849
 90
3
 90
854
 90
874
 90
875
 90
3
 90
852
 90
854
 90
875
 90
3
 90
851
 90
852
 90
875
 90
3
 90
876
 90
849
 90
850
 90
3
 90
851
 90
875
 90
876
 90
3
 90
850
 90
851
 90
876
 90
3
 90
945
 90
944
 90
943
 90
3
 90
945
 90
943
 90
942
 90
3
 90
945
 90
942
 90
941
 90
3
 90
945
 90
941
 90
940
 90
3
 90
945
 90
940
 90
939
 90
3
 90
945
 90
939
 90
938
 90
3
 90
938
 90
937
 90
936
 90
3
 90
938
 90
936
 90
935
 90
3
 90
938
 90
935
 90
934
 90
3
 90
938
 90
934
 90
933
 90
3
 90
938
 90
933
 90
932
 90
3
 90
932
 90
931
 90
930
 90
3
 90
919
 90
918
 90
917
 90
3
 90
919
 90
917
 90
916
 90
3
 90
919
 90
916
 90
915
 90
3
 90
919
 90
915
 90
914
 90
3
 90
919
 90
914
 90
913
 90
3
 90
919
 90
913
 90
912
 90
3
 90
912
 90
911
 90
910
 90
3
 90
912
 90
910
 90
909
 90
3
 90
912
 90
909
 90
908
 90
3
 90
912
 90
908
 90
907
 90
3
 90
912
 90
907
 90
906
 90
3
 90
906
 90
905
 90
904
 90
3
 90
946
 90
945
 90
938
 90
3
 90
920
 90
919
 90
912
 90
3
 90
947
 90
946
 90
938
 90
3
 90
921
 90
920
 90
912
 90
3
 90
948
 90
947
 90
938
 90
3
 90
922
 90
921
 90
912
 90
3
 90
949
 90
948
 90
938
 90
3
 90
923
 90
922
 90
912
 90
3
 90
898
 90
949
 90
938
 90
3
 90
924
 90
923
 90
912
 90
3
 90
899
 90
898
 90
938
 90
3
 90
899
 90
938
 90
932
 90
3
 90
925
 90
924
 90
912
 90
3
 90
925
 90
912
 90
906
 90
3
 90
900
 90
899
 90
932
 90
3
 90
926
 90
925
 90
906
 90
3
 90
901
 90
900
 90
932
 90
3
 90
901
 90
932
 90
930
 90
3
 90
901
 90
930
 90
929
 90
3
 90
901
 90
929
 90
928
 90
3
 90
927
 90
926
 90
906
 90
3
 90
927
 90
906
 90
904
 90
3
 90
927
 90
904
 90
903
 90
3
 90
902
 90
901
 90
928
 90
3
 90
928
 90
927
 90
903
 90
3
 90
928
 90
903
 90
902
 90
3
 90
898
 90
899
 90
846
 90
3
 90
846
 90
899
 90
847
 90
3
 90
899
 90
900
 90
847
 90
3
 90
847
 90
900
 90
848
 90
3
 90
900
 90
901
 90
848
 90
3
 90
848
 90
901
 90
849
 90
3
 90
901
 90
902
 90
849
 90
3
 90
849
 90
902
 90
850
 90
3
 90
902
 90
903
 90
850
 90
3
 90
850
 90
903
 90
851
 90
3
 90
903
 90
904
 90
851
 90
3
 90
851
 90
904
 90
852
 90
3
 90
904
 90
905
 90
852
 90
3
 90
852
 90
905
 90
853
 90
3
 90
905
 90
906
 90
853
 90
3
 90
853
 90
906
 90
854
 90
3
 90
906
 90
907
 90
854
 90
3
 90
854
 90
907
 90
855
 90
3
 90
907
 90
908
 90
855
 90
3
 90
855
 90
908
 90
856
 90
3
 90
908
 90
909
 90
856
 90
3
 90
856
 90
909
 90
857
 90
3
 90
909
 90
910
 90
857
 90
3
 90
857
 90
910
 90
858
 90
3
 90
910
 90
911
 90
858
 90
3
 90
858
 90
911
 90
859
 90
3
 90
911
 90
912
 90
859
 90
3
 90
859
 90
912
 90
860
 90
3
 90
912
 90
913
 90
860
 90
3
 90
860
 90
913
 90
861
 90
3
 90
913
 90
914
 90
861
 90
3
 90
861
 90
914
 90
862
 90
3
 90
914
 90
915
 90
862
 90
3
 90
862
 90
915
 90
863
 90
3
 90
915
 90
916
 90
863
 90
3
 90
863
 90
916
 90
864
 90
3
 90
916
 90
917
 90
864
 90
3
 90
864
 90
917
 90
865
 90
3
 90
917
 90
918
 90
865
 90
3
 90
865
 90
918
 90
866
 90
3
 90
918
 90
919
 90
866
 90
3
 90
866
 90
919
 90
867
 90
3
 90
919
 90
920
 90
867
 90
3
 90
867
 90
920
 90
868
 90
3
 90
920
 90
921
 90
868
 90
3
 90
868
 90
921
 90
869
 90
3
 90
921
 90
922
 90
869
 90
3
 90
869
 90
922
 90
870
 90
3
 90
922
 90
923
 90
870
 90
3
 90
870
 90
923
 90
871
 90
3
 90
923
 90
924
 90
871
 90
3
 90
871
 90
924
 90
872
 90
3
 90
924
 90
925
 90
872
 90
3
 90
872
 90
925
 90
873
 90
3
 90
925
 90
926
 90
873
 90
3
 90
873
 90
926
 90
874
 90
3
 90
926
 90
927
 90
874
 90
3
 90
874
 90
927
 90
875
 90
3
 90
927
 90
928
 90
875
 90
3
 90
875
 90
928
 90
876
 90
3
 90
928
 90
929
 90
876
 90
3
 90
876
 90
929
 90
877
 90
3
 90
929
 90
930
 90
877
 90
3
 90
877
 90
930
 90
878
 90
3
 90
930
 90
931
 90
878
 90
3
 90
878
 90
931
 90
879
 90
3
 90
931
 90
932
 90
879
 90
3
 90
879
 90
932
 90
880
 90
3
 90
932
 90
933
 90
880
 90
3
 90
880
 90
933
 90
881
 90
3
 90
933
 90
934
 90
881
 90
3
 90
881
 90
934
 90
882
 90
3
 90
934
 90
935
 90
882
 90
3
 90
882
 90
935
 90
883
 90
3
 90
935
 90
936
 90
883
 90
3
 90
883
 90
936
 90
884
 90
3
 90
936
 90
937
 90
884
 90
3
 90
884
 90
937
 90
885
 90
3
 90
937
 90
938
 90
885
 90
3
 90
885
 90
938
 90
886
 90
3
 90
938
 90
939
 90
886
 90
3
 90
886
 90
939
 90
887
 90
3
 90
939
 90
940
 90
887
 90
3
 90
887
 90
940
 90
888
 90
3
 90
940
 90
941
 90
888
 90
3
 90
888
 90
941
 90
889
 90
3
 90
941
 90
942
 90
889
 90
3
 90
889
 90
942
 90
890
 90
3
 90
942
 90
943
 90
890
 90
3
 90
890
 90
943
 90
891
 90
3
 90
943
 90
944
 90
891
 90
3
 90
891
 90
944
 90
892
 90
3
 90
944
 90
945
 90
892
 90
3
 90
892
 90
945
 90
893
 90
3
 90
945
 90
946
 90
893
 90
3
 90
893
 90
946
 90
894
 90
3
 90
946
 90
947
 90
894
 90
3
 90
894
 90
947
 90
895
 90
3
 90
947
 90
948
 90
895
 90
3
 90
895
 90
948
 90
896
 90
3
 90
949
 90
898
 90
897
 90
3
 90
897
 90
898
 90
846
 90
3
 90
948
 90
949
 90
896
 90
3
 90
896
 90
949
 90
897
 90
3
 90
982
 90
983
 90
968
 90
3
 90
981
 90
982
 90
968
 90
3
 90
980
 90
981
 90
968
 90
3
 90
968
 90
983
 90
984
 90
3
 90
967
 90
968
 90
984
 90
3
 90
966
 90
967
 90
984
 90
3
 90
965
 90
966
 90
984
 90
3
 90
963
 90
964
 90
965
 90
3
 90
961
 90
962
 90
963
 90
3
 90
960
 90
961
 90
963
 90
3
 90
959
 90
960
 90
963
 90
3
 90
958
 90
959
 90
963
 90
3
 90
957
 90
958
 90
963
 90
3
 90
956
 90
957
 90
963
 90
3
 90
955
 90
956
 90
963
 90
3
 90
953
 90
954
 90
955
 90
3
 90
952
 90
953
 90
955
 90
3
 90
951
 90
952
 90
955
 90
3
 90
969
 90
950
 90
951
 90
3
 90
968
 90
969
 90
951
 90
3
 90
980
 90
968
 90
951
 90
3
 90
979
 90
980
 90
951
 90
3
 90
978
 90
979
 90
951
 90
3
 90
965
 90
984
 90
985
 90
3
 90
963
 90
965
 90
985
 90
3
 90
978
 90
951
 90
955
 90
3
 90
977
 90
978
 90
955
 90
3
 90
976
 90
977
 90
955
 90
3
 90
975
 90
976
 90
955
 90
3
 90
974
 90
975
 90
955
 90
3
 90
973
 90
974
 90
955
 90
3
 90
963
 90
985
 90
970
 90
3
 90
973
 90
955
 90
963
 90
3
 90
972
 90
973
 90
963
 90
3
 90
971
 90
972
 90
963
 90
3
 90
970
 90
971
 90
963
 90
3
 90
1004
 90
1019
 90
1018
 90
3
 90
1004
 90
1018
 90
1017
 90
3
 90
1004
 90
1017
 90
1016
 90
3
 90
1020
 90
1019
 90
1004
 90
3
 90
1020
 90
1004
 90
1003
 90
3
 90
1020
 90
1003
 90
1002
 90
3
 90
1020
 90
1002
 90
1001
 90
3
 90
1001
 90
1000
 90
999
 90
3
 90
999
 90
998
 90
997
 90
3
 90
999
 90
997
 90
996
 90
3
 90
999
 90
996
 90
995
 90
3
 90
999
 90
995
 90
994
 90
3
 90
999
 90
994
 90
993
 90
3
 90
999
 90
993
 90
992
 90
3
 90
999
 90
992
 90
991
 90
3
 90
991
 90
990
 90
989
 90
3
 90
991
 90
989
 90
988
 90
3
 90
991
 90
988
 90
987
 90
3
 90
987
 90
986
 90
1005
 90
3
 90
987
 90
1005
 90
1004
 90
3
 90
987
 90
1004
 90
1016
 90
3
 90
987
 90
1016
 90
1015
 90
3
 90
987
 90
1015
 90
1014
 90
3
 90
1021
 90
1020
 90
1001
 90
3
 90
1021
 90
1001
 90
999
 90
3
 90
991
 90
987
 90
1014
 90
3
 90
991
 90
1014
 90
1013
 90
3
 90
991
 90
1013
 90
1012
 90
3
 90
991
 90
1012
 90
1011
 90
3
 90
991
 90
1011
 90
1010
 90
3
 90
991
 90
1010
 90
1009
 90
3
 90
1006
 90
1021
 90
999
 90
3
 90
999
 90
991
 90
1009
 90
3
 90
999
 90
1009
 90
1008
 90
3
 90
999
 90
1008
 90
1007
 90
3
 90
999
 90
1007
 90
1006
 90
3
 90
986
 90
987
 90
950
 90
3
 90
950
 90
987
 90
951
 90
3
 90
987
 90
988
 90
951
 90
3
 90
951
 90
988
 90
952
 90
3
 90
988
 90
989
 90
952
 90
3
 90
952
 90
989
 90
953
 90
3
 90
989
 90
990
 90
953
 90
3
 90
953
 90
990
 90
954
 90
3
 90
990
 90
991
 90
954
 90
3
 90
954
 90
991
 90
955
 90
3
 90
991
 90
992
 90
955
 90
3
 90
955
 90
992
 90
956
 90
3
 90
992
 90
993
 90
956
 90
3
 90
956
 90
993
 90
957
 90
3
 90
993
 90
994
 90
957
 90
3
 90
957
 90
994
 90
958
 90
3
 90
994
 90
995
 90
958
 90
3
 90
958
 90
995
 90
959
 90
3
 90
995
 90
996
 90
959
 90
3
 90
959
 90
996
 90
960
 90
3
 90
996
 90
997
 90
960
 90
3
 90
960
 90
997
 90
961
 90
3
 90
997
 90
998
 90
961
 90
3
 90
961
 90
998
 90
962
 90
3
 90
998
 90
999
 90
962
 90
3
 90
962
 90
999
 90
963
 90
3
 90
999
 90
1000
 90
963
 90
3
 90
963
 90
1000
 90
964
 90
3
 90
1000
 90
1001
 90
964
 90
3
 90
964
 90
1001
 90
965
 90
3
 90
1001
 90
1002
 90
965
 90
3
 90
965
 90
1002
 90
966
 90
3
 90
1002
 90
1003
 90
966
 90
3
 90
966
 90
1003
 90
967
 90
3
 90
1003
 90
1004
 90
967
 90
3
 90
967
 90
1004
 90
968
 90
3
 90
1005
 90
986
 90
969
 90
3
 90
969
 90
986
 90
950
 90
3
 90
1004
 90
1005
 90
968
 90
3
 90
968
 90
1005
 90
969
 90
3
 90
1006
 90
1007
 90
970
 90
3
 90
970
 90
1007
 90
971
 90
3
 90
1007
 90
1008
 90
971
 90
3
 90
971
 90
1008
 90
972
 90
3
 90
1008
 90
1009
 90
972
 90
3
 90
972
 90
1009
 90
973
 90
3
 90
1009
 90
1010
 90
973
 90
3
 90
973
 90
1010
 90
974
 90
3
 90
1010
 90
1011
 90
974
 90
3
 90
974
 90
1011
 90
975
 90
3
 90
1011
 90
1012
 90
975
 90
3
 90
975
 90
1012
 90
976
 90
3
 90
1012
 90
1013
 90
976
 90
3
 90
976
 90
1013
 90
977
 90
3
 90
1013
 90
1014
 90
977
 90
3
 90
977
 90
1014
 90
978
 90
3
 90
1014
 90
1015
 90
978
 90
3
 90
978
 90
1015
 90
979
 90
3
 90
1015
 90
1016
 90
979
 90
3
 90
979
 90
1016
 90
980
 90
3
 90
1016
 90
1017
 90
980
 90
3
 90
980
 90
1017
 90
981
 90
3
 90
1017
 90
1018
 90
981
 90
3
 90
981
 90
1018
 90
982
 90
3
 90
1018
 90
1019
 90
982
 90
3
 90
982
 90
1019
 90
983
 90
3
 90
1019
 90
1020
 90
983
 90
3
 90
983
 90
1020
 90
984
 90
3
 90
1021
 90
1006
 90
985
 90
3
 90
985
 90
1006
 90
970
 90
3
 90
1020
 90
1021
 90
984
 90
3
 90
984
 90
1021
 90
985
 90
3
 90
1024
 90
1025
 90
1022
 90
3
 90
1023
 90
1024
 90
1022
 90
3
 90
1026
 90
1029
 90
1028
 90
3
 90
1026
 90
1028
 90
1027
 90
3
 90
1026
 90
1027
 90
1022
 90
3
 90
1022
 90
1027
 90
1023
 90
3
 90
1027
 90
1028
 90
1023
 90
3
 90
1023
 90
1028
 90
1024
 90
3
 90
1029
 90
1026
 90
1025
 90
3
 90
1025
 90
1026
 90
1022
 90
3
 90
1028
 90
1029
 90
1024
 90
3
 90
1024
 90
1029
 90
1025
 90
3
 90
1033
 90
1034
 90
1035
 90
3
 90
1032
 90
1033
 90
1035
 90
3
 90
1031
 90
1032
 90
1035
 90
3
 90
1030
 90
1031
 90
1035
 90
3
 90
1041
 90
1040
 90
1039
 90
3
 90
1041
 90
1039
 90
1038
 90
3
 90
1041
 90
1038
 90
1037
 90
3
 90
1041
 90
1037
 90
1036
 90
3
 90
1036
 90
1037
 90
1030
 90
3
 90
1030
 90
1037
 90
1031
 90
3
 90
1037
 90
1038
 90
1031
 90
3
 90
1031
 90
1038
 90
1032
 90
3
 90
1038
 90
1039
 90
1032
 90
3
 90
1032
 90
1039
 90
1033
 90
3
 90
1039
 90
1040
 90
1033
 90
3
 90
1033
 90
1040
 90
1034
 90
3
 90
1041
 90
1036
 90
1035
 90
3
 90
1035
 90
1036
 90
1030
 90
3
 90
1040
 90
1041
 90
1034
 90
3
 90
1034
 90
1041
 90
1035
 90
3
 90
1074
 90
1075
 90
1042
 90
3
 90
1073
 90
1074
 90
1042
 90
3
 90
1072
 90
1073
 90
1042
 90
3
 90
1071
 90
1072
 90
1042
 90
3
 90
1070
 90
1071
 90
1042
 90
3
 90
1068
 90
1069
 90
1070
 90
3
 90
1067
 90
1068
 90
1070
 90
3
 90
1066
 90
1067
 90
1070
 90
3
 90
1065
 90
1066
 90
1070
 90
3
 90
1064
 90
1065
 90
1070
 90
3
 90
1052
 90
1053
 90
1054
 90
3
 90
1051
 90
1052
 90
1054
 90
3
 90
1050
 90
1051
 90
1054
 90
3
 90
1049
 90
1050
 90
1054
 90
3
 90
1048
 90
1049
 90
1054
 90
3
 90
1047
 90
1048
 90
1054
 90
3
 90
1045
 90
1046
 90
1047
 90
3
 90
1044
 90
1045
 90
1047
 90
3
 90
1043
 90
1044
 90
1047
 90
3
 90
1042
 90
1043
 90
1047
 90
3
 90
1064
 90
1070
 90
1042
 90
3
 90
1063
 90
1064
 90
1042
 90
3
 90
1062
 90
1063
 90
1042
 90
3
 90
1061
 90
1062
 90
1042
 90
3
 90
1060
 90
1061
 90
1042
 90
3
 90
1047
 90
1054
 90
1055
 90
3
 90
1060
 90
1042
 90
1047
 90
3
 90
1059
 90
1060
 90
1047
 90
3
 90
1058
 90
1059
 90
1047
 90
3
 90
1057
 90
1058
 90
1047
 90
3
 90
1056
 90
1057
 90
1047
 90
3
 90
1055
 90
1056
 90
1047
 90
3
 90
1076
 90
1109
 90
1108
 90
3
 90
1076
 90
1108
 90
1107
 90
3
 90
1076
 90
1107
 90
1106
 90
3
 90
1076
 90
1106
 90
1105
 90
3
 90
1076
 90
1105
 90
1104
 90
3
 90
1104
 90
1103
 90
1102
 90
3
 90
1104
 90
1102
 90
1101
 90
3
 90
1104
 90
1101
 90
1100
 90
3
 90
1104
 90
1100
 90
1099
 90
3
 90
1104
 90
1099
 90
1098
 90
3
 90
1088
 90
1087
 90
1086
 90
3
 90
1088
 90
1086
 90
1085
 90
3
 90
1088
 90
1085
 90
1084
 90
3
 90
1088
 90
1084
 90
1083
 90
3
 90
1088
 90
1083
 90
1082
 90
3
 90
1088
 90
1082
 90
1081
 90
3
 90
1081
 90
1080
 90
1079
 90
3
 90
1081
 90
1079
 90
1078
 90
3
 90
1081
 90
1078
 90
1077
 90
3
 90
1081
 90
1077
 90
1076
 90
3
 90
1076
 90
1104
 90
1098
 90
3
 90
1076
 90
1098
 90
1097
 90
3
 90
1076
 90
1097
 90
1096
 90
3
 90
1076
 90
1096
 90
1095
 90
3
 90
1076
 90
1095
 90
1094
 90
3
 90
1089
 90
1088
 90
1081
 90
3
 90
1081
 90
1076
 90
1094
 90
3
 90
1081
 90
1094
 90
1093
 90
3
 90
1081
 90
1093
 90
1092
 90
3
 90
1081
 90
1092
 90
1091
 90
3
 90
1081
 90
1091
 90
1090
 90
3
 90
1081
 90
1090
 90
1089
 90
3
 90
1076
 90
1077
 90
1042
 90
3
 90
1042
 90
1077
 90
1043
 90
3
 90
1077
 90
1078
 90
1043
 90
3
 90
1043
 90
1078
 90
1044
 90
3
 90
1078
 90
1079
 90
1044
 90
3
 90
1044
 90
1079
 90
1045
 90
3
 90
1079
 90
1080
 90
1045
 90
3
 90
1045
 90
1080
 90
1046
 90
3
 90
1080
 90
1081
 90
1046
 90
3
 90
1046
 90
1081
 90
1047
 90
3
 90
1081
 90
1082
 90
1047
 90
3
 90
1047
 90
1082
 90
1048
 90
3
 90
1082
 90
1083
 90
1048
 90
3
 90
1048
 90
1083
 90
1049
 90
3
 90
1083
 90
1084
 90
1049
 90
3
 90
1049
 90
1084
 90
1050
 90
3
 90
1084
 90
1085
 90
1050
 90
3
 90
1050
 90
1085
 90
1051
 90
3
 90
1085
 90
1086
 90
1051
 90
3
 90
1051
 90
1086
 90
1052
 90
3
 90
1086
 90
1087
 90
1052
 90
3
 90
1052
 90
1087
 90
1053
 90
3
 90
1087
 90
1088
 90
1053
 90
3
 90
1053
 90
1088
 90
1054
 90
3
 90
1088
 90
1089
 90
1054
 90
3
 90
1054
 90
1089
 90
1055
 90
3
 90
1089
 90
1090
 90
1055
 90
3
 90
1055
 90
1090
 90
1056
 90
3
 90
1090
 90
1091
 90
1056
 90
3
 90
1056
 90
1091
 90
1057
 90
3
 90
1091
 90
1092
 90
1057
 90
3
 90
1057
 90
1092
 90
1058
 90
3
 90
1092
 90
1093
 90
1058
 90
3
 90
1058
 90
1093
 90
1059
 90
3
 90
1093
 90
1094
 90
1059
 90
3
 90
1059
 90
1094
 90
1060
 90
3
 90
1094
 90
1095
 90
1060
 90
3
 90
1060
 90
1095
 90
1061
 90
3
 90
1095
 90
1096
 90
1061
 90
3
 90
1061
 90
1096
 90
1062
 90
3
 90
1096
 90
1097
 90
1062
 90
3
 90
1062
 90
1097
 90
1063
 90
3
 90
1097
 90
1098
 90
1063
 90
3
 90
1063
 90
1098
 90
1064
 90
3
 90
1098
 90
1099
 90
1064
 90
3
 90
1064
 90
1099
 90
1065
 90
3
 90
1099
 90
1100
 90
1065
 90
3
 90
1065
 90
1100
 90
1066
 90
3
 90
1100
 90
1101
 90
1066
 90
3
 90
1066
 90
1101
 90
1067
 90
3
 90
1101
 90
1102
 90
1067
 90
3
 90
1067
 90
1102
 90
1068
 90
3
 90
1102
 90
1103
 90
1068
 90
3
 90
1068
 90
1103
 90
1069
 90
3
 90
1103
 90
1104
 90
1069
 90
3
 90
1069
 90
1104
 90
1070
 90
3
 90
1104
 90
1105
 90
1070
 90
3
 90
1070
 90
1105
 90
1071
 90
3
 90
1105
 90
1106
 90
1071
 90
3
 90
1071
 90
1106
 90
1072
 90
3
 90
1106
 90
1107
 90
1072
 90
3
 90
1072
 90
1107
 90
1073
 90
3
 90
1107
 90
1108
 90
1073
 90
3
 90
1073
 90
1108
 90
1074
 90
3
 90
1109
 90
1076
 90
1075
 90
3
 90
1075
 90
1076
 90
1042
 90
3
 90
1108
 90
1109
 90
1074
 90
3
 90
1074
 90
1109
 90
1075
 90
3
 90
1113
 90
1114
 90
1115
 90
3
 90
1112
 90
1113
 90
1115
 90
3
 90
1111
 90
1112
 90
1115
 90
3
 90
1110
 90
1111
 90
1115
 90
3
 90
1121
 90
1120
 90
1119
 90
3
 90
1121
 90
1119
 90
1118
 90
3
 90
1121
 90
1118
 90
1117
 90
3
 90
1121
 90
1117
 90
1116
 90
3
 90
1116
 90
1117
 90
1110
 90
3
 90
1110
 90
1117
 90
1111
 90
3
 90
1117
 90
1118
 90
1111
 90
3
 90
1111
 90
1118
 90
1112
 90
3
 90
1118
 90
1119
 90
1112
 90
3
 90
1112
 90
1119
 90
1113
 90
3
 90
1119
 90
1120
 90
1113
 90
3
 90
1113
 90
1120
 90
1114
 90
3
 90
1121
 90
1116
 90
1115
 90
3
 90
1115
 90
1116
 90
1110
 90
3
 90
1120
 90
1121
 90
1114
 90
3
 90
1114
 90
1121
 90
1115
 90
3
 90
1132
 90
1133
 90
1122
 90
3
 90
1129
 90
1130
 90
1131
 90
3
 90
1128
 90
1129
 90
1131
 90
3
 90
1127
 90
1128
 90
1131
 90
3
 90
1125
 90
1126
 90
1127
 90
3
 90
1124
 90
1125
 90
1127
 90
3
 90
1123
 90
1124
 90
1127
 90
3
 90
1132
 90
1122
 90
1123
 90
3
 90
1127
 90
1131
 90
1132
 90
3
 90
1123
 90
1127
 90
1132
 90
3
 90
1134
 90
1145
 90
1144
 90
3
 90
1143
 90
1142
 90
1141
 90
3
 90
1143
 90
1141
 90
1140
 90
3
 90
1143
 90
1140
 90
1139
 90
3
 90
1139
 90
1138
 90
1137
 90
3
 90
1139
 90
1137
 90
1136
 90
3
 90
1139
 90
1136
 90
1135
 90
3
 90
1135
 90
1134
 90
1144
 90
3
 90
1144
 90
1143
 90
1139
 90
3
 90
1144
 90
1139
 90
1135
 90
3
 90
1134
 90
1135
 90
1122
 90
3
 90
1122
 90
1135
 90
1123
 90
3
 90
1135
 90
1136
 90
1123
 90
3
 90
1123
 90
1136
 90
1124
 90
3
 90
1136
 90
1137
 90
1124
 90
3
 90
1124
 90
1137
 90
1125
 90
3
 90
1137
 90
1138
 90
1125
 90
3
 90
1125
 90
1138
 90
1126
 90
3
 90
1138
 90
1139
 90
1126
 90
3
 90
1126
 90
1139
 90
1127
 90
3
 90
1139
 90
1140
 90
1127
 90
3
 90
1127
 90
1140
 90
1128
 90
3
 90
1140
 90
1141
 90
1128
 90
3
 90
1128
 90
1141
 90
1129
 90
3
 90
1141
 90
1142
 90
1129
 90
3
 90
1129
 90
1142
 90
1130
 90
3
 90
1142
 90
1143
 90
1130
 90
3
 90
1130
 90
1143
 90
1131
 90
3
 90
1143
 90
1144
 90
1131
 90
3
 90
1131
 90
1144
 90
1132
 90
3
 90
1145
 90
1134
 90
1133
 90
3
 90
1133
 90
1134
 90
1122
 90
3
 90
1144
 90
1145
 90
1132
 90
3
 90
1132
 90
1145
 90
1133
 90
3
 90
1156
 90
1154
 90
1151
 90
3
 90
1150
 90
1151
 90
1154
 90
3
 90
1149
 90
1150
 90
1154
 90
3
 90
1148
 90
1149
 90
1154
 90
3
 90
1146
 90
1147
 90
1148
 90
3
 90
1153
 90
1146
 90
1148
 90
3
 90
1151
 90
1152
 90
1153
 90
3
 90
1156
 90
1151
 90
1153
 90
3
 90
1155
 90
1156
 90
1153
 90
3
 90
1148
 90
1154
 90
1155
 90
3
 90
1153
 90
1148
 90
1155
 90
3
 90
1162
 90
1165
 90
1167
 90
3
 90
1165
 90
1162
 90
1161
 90
3
 90
1165
 90
1161
 90
1160
 90
3
 90
1165
 90
1160
 90
1159
 90
3
 90
1159
 90
1158
 90
1157
 90
3
 90
1159
 90
1157
 90
1164
 90
3
 90
1164
 90
1163
 90
1162
 90
3
 90
1164
 90
1162
 90
1167
 90
3
 90
1164
 90
1167
 90
1166
 90
3
 90
1166
 90
1165
 90
1159
 90
3
 90
1166
 90
1159
 90
1164
 90
3
 90
1157
 90
1158
 90
1146
 90
3
 90
1146
 90
1158
 90
1147
 90
3
 90
1158
 90
1159
 90
1147
 90
3
 90
1147
 90
1159
 90
1148
 90
3
 90
1159
 90
1160
 90
1148
 90
3
 90
1148
 90
1160
 90
1149
 90
3
 90
1160
 90
1161
 90
1149
 90
3
 90
1149
 90
1161
 90
1150
 90
3
 90
1161
 90
1162
 90
1150
 90
3
 90
1150
 90
1162
 90
1151
 90
3
 90
1162
 90
1163
 90
1151
 90
3
 90
1151
 90
1163
 90
1152
 90
3
 90
1164
 90
1157
 90
1153
 90
3
 90
1153
 90
1157
 90
1146
 90
3
 90
1163
 90
1164
 90
1152
 90
3
 90
1152
 90
1164
 90
1153
 90
3
 90
1165
 90
1166
 90
1154
 90
3
 90
1154
 90
1166
 90
1155
 90
3
 90
1167
 90
1165
 90
1156
 90
3
 90
1156
 90
1165
 90
1154
 90
3
 90
1166
 90
1167
 90
1155
 90
3
 90
1155
 90
1167
 90
1156
 90
3
 90
1196
 90
1197
 90
1189
 90
3
 90
1189
 90
1197
 90
1198
 90
3
 90
1187
 90
1188
 90
1189
 90
3
 90
1180
 90
1181
 90
1182
 90
3
 90
1179
 90
1180
 90
1182
 90
3
 90
1178
 90
1179
 90
1182
 90
3
 90
1177
 90
1178
 90
1182
 90
3
 90
1176
 90
1177
 90
1182
 90
3
 90
1175
 90
1176
 90
1182
 90
3
 90
1173
 90
1174
 90
1175
 90
3
 90
1172
 90
1173
 90
1175
 90
3
 90
1171
 90
1172
 90
1175
 90
3
 90
1170
 90
1171
 90
1175
 90
3
 90
1169
 90
1170
 90
1175
 90
3
 90
1168
 90
1169
 90
1175
 90
3
 90
1190
 90
1191
 90
1168
 90
3
 90
1196
 90
1189
 90
1190
 90
3
 90
1195
 90
1196
 90
1190
 90
3
 90
1194
 90
1195
 90
1190
 90
3
 90
1187
 90
1189
 90
1198
 90
3
 90
1186
 90
1187
 90
1198
 90
3
 90
1185
 90
1186
 90
1198
 90
3
 90
1184
 90
1185
 90
1198
 90
3
 90
1183
 90
1184
 90
1198
 90
3
 90
1182
 90
1183
 90
1198
 90
3
 90
1175
 90
1182
 90
1198
 90
3
 90
1194
 90
1190
 90
1168
 90
3
 90
1193
 90
1194
 90
1168
 90
3
 90
1192
 90
1193
 90
1168
 90
3
 90
1202
 90
1192
 90
1168
 90
3
 90
1201
 90
1202
 90
1168
 90
3
 90
1175
 90
1198
 90
1199
 90
3
 90
1201
 90
1168
 90
1175
 90
3
 90
1200
 90
1201
 90
1175
 90
3
 90
1199
 90
1200
 90
1175
 90
3
 90
1224
 90
1232
 90
1231
 90
3
 90
1233
 90
1232
 90
1224
 90
3
 90
1224
 90
1223
 90
1222
 90
3
 90
1217
 90
1216
 90
1215
 90
3
 90
1217
 90
1215
 90
1214
 90
3
 90
1217
 90
1214
 90
1213
 90
3
 90
1217
 90
1213
 90
1212
 90
3
 90
1217
 90
1212
 90
1211
 90
3
 90
1217
 90
1211
 90
1210
 90
3
 90
1210
 90
1209
 90
1208
 90
3
 90
1210
 90
1208
 90
1207
 90
3
 90
1210
 90
1207
 90
1206
 90
3
 90
1210
 90
1206
 90
1205
 90
3
 90
1210
 90
1205
 90
1204
 90
3
 90
1210
 90
1204
 90
1203
 90
3
 90
1203
 90
1226
 90
1225
 90
3
 90
1225
 90
1224
 90
1231
 90
3
 90
1225
 90
1231
 90
1230
 90
3
 90
1225
 90
1230
 90
1229
 90
3
 90
1233
 90
1224
 90
1222
 90
3
 90
1233
 90
1222
 90
1221
 90
3
 90
1233
 90
1221
 90
1220
 90
3
 90
1233
 90
1220
 90
1219
 90
3
 90
1233
 90
1219
 90
1218
 90
3
 90
1233
 90
1218
 90
1217
 90
3
 90
1233
 90
1217
 90
1210
 90
3
 90
1203
 90
1225
 90
1229
 90
3
 90
1203
 90
1229
 90
1228
 90
3
 90
1203
 90
1228
 90
1227
 90
3
 90
1203
 90
1227
 90
1237
 90
3
 90
1203
 90
1237
 90
1236
 90
3
 90
1234
 90
1233
 90
1210
 90
3
 90
1210
 90
1203
 90
1236
 90
3
 90
1210
 90
1236
 90
1235
 90
3
 90
1210
 90
1235
 90
1234
 90
3
 90
1203
 90
1204
 90
1168
 90
3
 90
1168
 90
1204
 90
1169
 90
3
 90
1204
 90
1205
 90
1169
 90
3
 90
1169
 90
1205
 90
1170
 90
3
 90
1205
 90
1206
 90
1170
 90
3
 90
1170
 90
1206
 90
1171
 90
3
 90
1206
 90
1207
 90
1171
 90
3
 90
1171
 90
1207
 90
1172
 90
3
 90
1207
 90
1208
 90
1172
 90
3
 90
1172
 90
1208
 90
1173
 90
3
 90
1208
 90
1209
 90
1173
 90
3
 90
1173
 90
1209
 90
1174
 90
3
 90
1209
 90
1210
 90
1174
 90
3
 90
1174
 90
1210
 90
1175
 90
3
 90
1210
 90
1211
 90
1175
 90
3
 90
1175
 90
1211
 90
1176
 90
3
 90
1211
 90
1212
 90
1176
 90
3
 90
1176
 90
1212
 90
1177
 90
3
 90
1212
 90
1213
 90
1177
 90
3
 90
1177
 90
1213
 90
1178
 90
3
 90
1213
 90
1214
 90
1178
 90
3
 90
1178
 90
1214
 90
1179
 90
3
 90
1214
 90
1215
 90
1179
 90
3
 90
1179
 90
1215
 90
1180
 90
3
 90
1215
 90
1216
 90
1180
 90
3
 90
1180
 90
1216
 90
1181
 90
3
 90
1216
 90
1217
 90
1181
 90
3
 90
1181
 90
1217
 90
1182
 90
3
 90
1217
 90
1218
 90
1182
 90
3
 90
1182
 90
1218
 90
1183
 90
3
 90
1218
 90
1219
 90
1183
 90
3
 90
1183
 90
1219
 90
1184
 90
3
 90
1219
 90
1220
 90
1184
 90
3
 90
1184
 90
1220
 90
1185
 90
3
 90
1220
 90
1221
 90
1185
 90
3
 90
1185
 90
1221
 90
1186
 90
3
 90
1221
 90
1222
 90
1186
 90
3
 90
1186
 90
1222
 90
1187
 90
3
 90
1222
 90
1223
 90
1187
 90
3
 90
1187
 90
1223
 90
1188
 90
3
 90
1223
 90
1224
 90
1188
 90
3
 90
1188
 90
1224
 90
1189
 90
3
 90
1224
 90
1225
 90
1189
 90
3
 90
1189
 90
1225
 90
1190
 90
3
 90
1226
 90
1203
 90
1191
 90
3
 90
1191
 90
1203
 90
1168
 90
3
 90
1225
 90
1226
 90
1190
 90
3
 90
1190
 90
1226
 90
1191
 90
3
 90
1227
 90
1228
 90
1192
 90
3
 90
1192
 90
1228
 90
1193
 90
3
 90
1228
 90
1229
 90
1193
 90
3
 90
1193
 90
1229
 90
1194
 90
3
 90
1229
 90
1230
 90
1194
 90
3
 90
1194
 90
1230
 90
1195
 90
3
 90
1230
 90
1231
 90
1195
 90
3
 90
1195
 90
1231
 90
1196
 90
3
 90
1231
 90
1232
 90
1196
 90
3
 90
1196
 90
1232
 90
1197
 90
3
 90
1232
 90
1233
 90
1197
 90
3
 90
1197
 90
1233
 90
1198
 90
3
 90
1233
 90
1234
 90
1198
 90
3
 90
1198
 90
1234
 90
1199
 90
3
 90
1234
 90
1235
 90
1199
 90
3
 90
1199
 90
1235
 90
1200
 90
3
 90
1235
 90
1236
 90
1200
 90
3
 90
1200
 90
1236
 90
1201
 90
3
 90
1237
 90
1227
 90
1202
 90
3
 90
1202
 90
1227
 90
1192
 90
3
 90
1236
 90
1237
 90
1201
 90
3
 90
1201
 90
1237
 90
1202
 90
3
 90
1256
 90
1257
 90
1258
 90
3
 90
1255
 90
1256
 90
1258
 90
3
 90
1254
 90
1255
 90
1258
 90
3
 90
1253
 90
1254
 90
1258
 90
3
 90
1252
 90
1253
 90
1258
 90
3
 90
1250
 90
1251
 90
1252
 90
3
 90
1249
 90
1250
 90
1252
 90
3
 90
1248
 90
1249
 90
1252
 90
3
 90
1247
 90
1248
 90
1252
 90
3
 90
1245
 90
1246
 90
1247
 90
3
 90
1244
 90
1245
 90
1247
 90
3
 90
1243
 90
1244
 90
1247
 90
3
 90
1242
 90
1243
 90
1247
 90
3
 90
1241
 90
1242
 90
1247
 90
3
 90
1252
 90
1258
 90
1259
 90
3
 90
1241
 90
1247
 90
1252
 90
3
 90
1240
 90
1241
 90
1252
 90
3
 90
1239
 90
1240
 90
1252
 90
3
 90
1238
 90
1239
 90
1252
 90
3
 90
1259
 90
1238
 90
1252
 90
3
 90
1280
 90
1279
 90
1278
 90
3
 90
1280
 90
1278
 90
1277
 90
3
 90
1280
 90
1277
 90
1276
 90
3
 90
1280
 90
1276
 90
1275
 90
3
 90
1280
 90
1275
 90
1274
 90
3
 90
1274
 90
1273
 90
1272
 90
3
 90
1274
 90
1272
 90
1271
 90
3
 90
1274
 90
1271
 90
1270
 90
3
 90
1274
 90
1270
 90
1269
 90
3
 90
1269
 90
1268
 90
1267
 90
3
 90
1269
 90
1267
 90
1266
 90
3
 90
1269
 90
1266
 90
1265
 90
3
 90
1269
 90
1265
 90
1264
 90
3
 90
1269
 90
1264
 90
1263
 90
3
 90
1281
 90
1280
 90
1274
 90
3
 90
1274
 90
1269
 90
1263
 90
3
 90
1274
 90
1263
 90
1262
 90
3
 90
1274
 90
1262
 90
1261
 90
3
 90
1274
 90
1261
 90
1260
 90
3
 90
1274
 90
1260
 90
1281
 90
3
 90
1260
 90
1261
 90
1238
 90
3
 90
1238
 90
1261
 90
1239
 90
3
 90
1261
 90
1262
 90
1239
 90
3
 90
1239
 90
1262
 90
1240
 90
3
 90
1262
 90
1263
 90
1240
 90
3
 90
1240
 90
1263
 90
1241
 90
3
 90
1263
 90
1264
 90
1241
 90
3
 90
1241
 90
1264
 90
1242
 90
3
 90
1264
 90
1265
 90
1242
 90
3
 90
1242
 90
1265
 90
1243
 90
3
 90
1265
 90
1266
 90
1243
 90
3
 90
1243
 90
1266
 90
1244
 90
3
 90
1266
 90
1267
 90
1244
 90
3
 90
1244
 90
1267
 90
1245
 90
3
 90
1267
 90
1268
 90
1245
 90
3
 90
1245
 90
1268
 90
1246
 90
3
 90
1268
 90
1269
 90
1246
 90
3
 90
1246
 90
1269
 90
1247
 90
3
 90
1269
 90
1270
 90
1247
 90
3
 90
1247
 90
1270
 90
1248
 90
3
 90
1270
 90
1271
 90
1248
 90
3
 90
1248
 90
1271
 90
1249
 90
3
 90
1271
 90
1272
 90
1249
 90
3
 90
1249
 90
1272
 90
1250
 90
3
 90
1272
 90
1273
 90
1250
 90
3
 90
1250
 90
1273
 90
1251
 90
3
 90
1273
 90
1274
 90
1251
 90
3
 90
1251
 90
1274
 90
1252
 90
3
 90
1274
 90
1275
 90
1252
 90
3
 90
1252
 90
1275
 90
1253
 90
3
 90
1275
 90
1276
 90
1253
 90
3
 90
1253
 90
1276
 90
1254
 90
3
 90
1276
 90
1277
 90
1254
 90
3
 90
1254
 90
1277
 90
1255
 90
3
 90
1277
 90
1278
 90
1255
 90
3
 90
1255
 90
1278
 90
1256
 90
3
 90
1278
 90
1279
 90
1256
 90
3
 90
1256
 90
1279
 90
1257
 90
3
 90
1279
 90
1280
 90
1257
 90
3
 90
1257
 90
1280
 90
1258
 90
3
 90
1281
 90
1260
 90
1259
 90
3
 90
1259
 90
1260
 90
1238
 90
3
 90
1280
 90
1281
 90
1258
 90
3
 90
1258
 90
1281
 90
1259
 90
3
 90
1290
 90
1291
 90
1282
 90
3
 90
1288
 90
1289
 90
1290
 90
3
 90
1286
 90
1287
 90
1288
 90
3
 90
1285
 90
1286
 90
1288
 90
3
 90
1283
 90
1284
 90
1285
 90
3
 90
1290
 90
1282
 90
1283
 90
3
 90
1288
 90
1290
 90
1283
 90
3
 90
1285
 90
1288
 90
1283
 90
3
 90
1292
 90
1301
 90
1300
 90
3
 90
1300
 90
1299
 90
1298
 90
3
 90
1298
 90
1297
 90
1296
 90
3
 90
1298
 90
1296
 90
1295
 90
3
 90
1295
 90
1294
 90
1293
 90
3
 90
1293
 90
1292
 90
1300
 90
3
 90
1293
 90
1300
 90
1298
 90
3
 90
1293
 90
1298
 90
1295
 90
3
 90
1292
 90
1293
 90
1282
 90
3
 90
1282
 90
1293
 90
1283
 90
3
 90
1293
 90
1294
 90
1283
 90
3
 90
1283
 90
1294
 90
1284
 90
3
 90
1294
 90
1295
 90
1284
 90
3
 90
1284
 90
1295
 90
1285
 90
3
 90
1295
 90
1296
 90
1285
 90
3
 90
1285
 90
1296
 90
1286
 90
3
 90
1296
 90
1297
 90
1286
 90
3
 90
1286
 90
1297
 90
1287
 90
3
 90
1297
 90
1298
 90
1287
 90
3
 90
1287
 90
1298
 90
1288
 90
3
 90
1298
 90
1299
 90
1288
 90
3
 90
1288
 90
1299
 90
1289
 90
3
 90
1299
 90
1300
 90
1289
 90
3
 90
1289
 90
1300
 90
1290
 90
3
 90
1301
 90
1292
 90
1291
 90
3
 90
1291
 90
1292
 90
1282
 90
3
 90
1300
 90
1301
 90
1290
 90
3
 90
1290
 90
1301
 90
1291
 90
3
 90
1328
 90
1329
 90
1316
 90
3
 90
1316
 90
1329
 90
1330
 90
3
 90
1315
 90
1316
 90
1330
 90
3
 90
1314
 90
1315
 90
1330
 90
3
 90
1313
 90
1314
 90
1330
 90
3
 90
1312
 90
1313
 90
1330
 90
3
 90
1311
 90
1312
 90
1330
 90
3
 90
1310
 90
1311
 90
1330
 90
3
 90
1308
 90
1309
 90
1310
 90
3
 90
1307
 90
1308
 90
1310
 90
3
 90
1306
 90
1307
 90
1310
 90
3
 90
1305
 90
1306
 90
1310
 90
3
 90
1304
 90
1305
 90
1310
 90
3
 90
1303
 90
1304
 90
1310
 90
3
 90
1302
 90
1303
 90
1310
 90
3
 90
1320
 90
1302
 90
1310
 90
3
 90
1318
 90
1319
 90
1320
 90
3
 90
1317
 90
1318
 90
1320
 90
3
 90
1328
 90
1316
 90
1317
 90
3
 90
1327
 90
1328
 90
1317
 90
3
 90
1326
 90
1327
 90
1317
 90
3
 90
1310
 90
1330
 90
1331
 90
3
 90
1326
 90
1317
 90
1320
 90
3
 90
1325
 90
1326
 90
1320
 90
3
 90
1324
 90
1325
 90
1320
 90
3
 90
1323
 90
1324
 90
1320
 90
3
 90
1310
 90
1331
 90
1321
 90
3
 90
1323
 90
1320
 90
1310
 90
3
 90
1322
 90
1323
 90
1310
 90
3
 90
1321
 90
1322
 90
1310
 90
3
 90
1346
 90
1359
 90
1358
 90
3
 90
1360
 90
1359
 90
1346
 90
3
 90
1360
 90
1346
 90
1345
 90
3
 90
1360
 90
1345
 90
1344
 90
3
 90
1360
 90
1344
 90
1343
 90
3
 90
1360
 90
1343
 90
1342
 90
3
 90
1360
 90
1342
 90
1341
 90
3
 90
1360
 90
1341
 90
1340
 90
3
 90
1340
 90
1339
 90
1338
 90
3
 90
1340
 90
1338
 90
1337
 90
3
 90
1340
 90
1337
 90
1336
 90
3
 90
1340
 90
1336
 90
1335
 90
3
 90
1340
 90
1335
 90
1334
 90
3
 90
1340
 90
1334
 90
1333
 90
3
 90
1340
 90
1333
 90
1332
 90
3
 90
1340
 90
1332
 90
1350
 90
3
 90
1350
 90
1349
 90
1348
 90
3
 90
1350
 90
1348
 90
1347
 90
3
 90
1347
 90
1346
 90
1358
 90
3
 90
1347
 90
1358
 90
1357
 90
3
 90
1347
 90
1357
 90
1356
 90
3
 90
1361
 90
1360
 90
1340
 90
3
 90
1350
 90
1347
 90
1356
 90
3
 90
1350
 90
1356
 90
1355
 90
3
 90
1350
 90
1355
 90
1354
 90
3
 90
1350
 90
1354
 90
1353
 90
3
 90
1351
 90
1361
 90
1340
 90
3
 90
1340
 90
1350
 90
1353
 90
3
 90
1340
 90
1353
 90
1352
 90
3
 90
1340
 90
1352
 90
1351
 90
3
 90
1332
 90
1333
 90
1302
 90
3
 90
1302
 90
1333
 90
1303
 90
3
 90
1333
 90
1334
 90
1303
 90
3
 90
1303
 90
1334
 90
1304
 90
3
 90
1334
 90
1335
 90
1304
 90
3
 90
1304
 90
1335
 90
1305
 90
3
 90
1335
 90
1336
 90
1305
 90
3
 90
1305
 90
1336
 90
1306
 90
3
 90
1336
 90
1337
 90
1306
 90
3
 90
1306
 90
1337
 90
1307
 90
3
 90
1337
 90
1338
 90
1307
 90
3
 90
1307
 90
1338
 90
1308
 90
3
 90
1338
 90
1339
 90
1308
 90
3
 90
1308
 90
1339
 90
1309
 90
3
 90
1339
 90
1340
 90
1309
 90
3
 90
1309
 90
1340
 90
1310
 90
3
 90
1340
 90
1341
 90
1310
 90
3
 90
1310
 90
1341
 90
1311
 90
3
 90
1341
 90
1342
 90
1311
 90
3
 90
1311
 90
1342
 90
1312
 90
3
 90
1342
 90
1343
 90
1312
 90
3
 90
1312
 90
1343
 90
1313
 90
3
 90
1343
 90
1344
 90
1313
 90
3
 90
1313
 90
1344
 90
1314
 90
3
 90
1344
 90
1345
 90
1314
 90
3
 90
1314
 90
1345
 90
1315
 90
3
 90
1345
 90
1346
 90
1315
 90
3
 90
1315
 90
1346
 90
1316
 90
3
 90
1346
 90
1347
 90
1316
 90
3
 90
1316
 90
1347
 90
1317
 90
3
 90
1347
 90
1348
 90
1317
 90
3
 90
1317
 90
1348
 90
1318
 90
3
 90
1348
 90
1349
 90
1318
 90
3
 90
1318
 90
1349
 90
1319
 90
3
 90
1350
 90
1332
 90
1320
 90
3
 90
1320
 90
1332
 90
1302
 90
3
 90
1349
 90
1350
 90
1319
 90
3
 90
1319
 90
1350
 90
1320
 90
3
 90
1351
 90
1352
 90
1321
 90
3
 90
1321
 90
1352
 90
1322
 90
3
 90
1352
 90
1353
 90
1322
 90
3
 90
1322
 90
1353
 90
1323
 90
3
 90
1353
 90
1354
 90
1323
 90
3
 90
1323
 90
1354
 90
1324
 90
3
 90
1354
 90
1355
 90
1324
 90
3
 90
1324
 90
1355
 90
1325
 90
3
 90
1355
 90
1356
 90
1325
 90
3
 90
1325
 90
1356
 90
1326
 90
3
 90
1356
 90
1357
 90
1326
 90
3
 90
1326
 90
1357
 90
1327
 90
3
 90
1357
 90
1358
 90
1327
 90
3
 90
1327
 90
1358
 90
1328
 90
3
 90
1358
 90
1359
 90
1328
 90
3
 90
1328
 90
1359
 90
1329
 90
3
 90
1359
 90
1360
 90
1329
 90
3
 90
1329
 90
1360
 90
1330
 90
3
 90
1361
 90
1351
 90
1331
 90
3
 90
1331
 90
1351
 90
1321
 90
3
 90
1360
 90
1361
 90
1330
 90
3
 90
1330
 90
1361
 90
1331
 90
3
 90
1372
 90
1373
 90
1362
 90
3
 90
1371
 90
1372
 90
1362
 90
3
 90
1370
 90
1371
 90
1362
 90
3
 90
1368
 90
1369
 90
1370
 90
3
 90
1367
 90
1368
 90
1370
 90
3
 90
1366
 90
1367
 90
1370
 90
3
 90
1364
 90
1365
 90
1366
 90
3
 90
1363
 90
1364
 90
1366
 90
3
 90
1370
 90
1362
 90
1363
 90
3
 90
1366
 90
1370
 90
1363
 90
3
 90
1374
 90
1385
 90
1384
 90
3
 90
1374
 90
1384
 90
1383
 90
3
 90
1374
 90
1383
 90
1382
 90
3
 90
1382
 90
1381
 90
1380
 90
3
 90
1382
 90
1380
 90
1379
 90
3
 90
1382
 90
1379
 90
1378
 90
3
 90
1378
 90
1377
 90
1376
 90
3
 90
1378
 90
1376
 90
1375
 90
3
 90
1375
 90
1374
 90
1382
 90
3
 90
1375
 90
1382
 90
1378
 90
3
 90
1374
 90
1375
 90
1362
 90
3
 90
1362
 90
1375
 90
1363
 90
3
 90
1375
 90
1376
 90
1363
 90
3
 90
1363
 90
1376
 90
1364
 90
3
 90
1376
 90
1377
 90
1364
 90
3
 90
1364
 90
1377
 90
1365
 90
3
 90
1377
 90
1378
 90
1365
 90
3
 90
1365
 90
1378
 90
1366
 90
3
 90
1378
 90
1379
 90
1366
 90
3
 90
1366
 90
1379
 90
1367
 90
3
 90
1379
 90
1380
 90
1367
 90
3
 90
1367
 90
1380
 90
1368
 90
3
 90
1380
 90
1381
 90
1368
 90
3
 90
1368
 90
1381
 90
1369
 90
3
 90
1381
 90
1382
 90
1369
 90
3
 90
1369
 90
1382
 90
1370
 90
3
 90
1382
 90
1383
 90
1370
 90
3
 90
1370
 90
1383
 90
1371
 90
3
 90
1383
 90
1384
 90
1371
 90
3
 90
1371
 90
1384
 90
1372
 90
3
 90
1385
 90
1374
 90
1373
 90
3
 90
1373
 90
1374
 90
1362
 90
3
 90
1384
 90
1385
 90
1372
 90
3
 90
1372
 90
1385
 90
1373
 90
3
 90
1416
 90
1417
 90
1409
 90
3
 90
1409
 90
1417
 90
1418
 90
3
 90
1407
 90
1408
 90
1409
 90
3
 90
1400
 90
1401
 90
1402
 90
3
 90
1399
 90
1400
 90
1402
 90
3
 90
1398
 90
1399
 90
1402
 90
3
 90
1397
 90
1398
 90
1402
 90
3
 90
1396
 90
1397
 90
1402
 90
3
 90
1395
 90
1396
 90
1402
 90
3
 90
1393
 90
1394
 90
1395
 90
3
 90
1392
 90
1393
 90
1395
 90
3
 90
1391
 90
1392
 90
1395
 90
3
 90
1390
 90
1391
 90
1395
 90
3
 90
1389
 90
1390
 90
1395
 90
3
 90
1388
 90
1389
 90
1395
 90
3
 90
1386
 90
1387
 90
1388
 90
3
 90
1416
 90
1409
 90
1386
 90
3
 90
1415
 90
1416
 90
1386
 90
3
 90
1414
 90
1415
 90
1386
 90
3
 90
1407
 90
1409
 90
1418
 90
3
 90
1406
 90
1407
 90
1418
 90
3
 90
1405
 90
1406
 90
1418
 90
3
 90
1404
 90
1405
 90
1418
 90
3
 90
1403
 90
1404
 90
1418
 90
3
 90
1402
 90
1403
 90
1418
 90
3
 90
1395
 90
1402
 90
1418
 90
3
 90
1414
 90
1386
 90
1388
 90
3
 90
1413
 90
1414
 90
1388
 90
3
 90
1412
 90
1413
 90
1388
 90
3
 90
1411
 90
1412
 90
1388
 90
3
 90
1410
 90
1411
 90
1388
 90
3
 90
1395
 90
1418
 90
1419
 90
3
 90
1410
 90
1388
 90
1395
 90
3
 90
1420
 90
1410
 90
1395
 90
3
 90
1419
 90
1420
 90
1395
 90
3
 90
1444
 90
1452
 90
1451
 90
3
 90
1453
 90
1452
 90
1444
 90
3
 90
1444
 90
1443
 90
1442
 90
3
 90
1437
 90
1436
 90
1435
 90
3
 90
1437
 90
1435
 90
1434
 90
3
 90
1437
 90
1434
 90
1433
 90
3
 90
1437
 90
1433
 90
1432
 90
3
 90
1437
 90
1432
 90
1431
 90
3
 90
1437
 90
1431
 90
1430
 90
3
 90
1430
 90
1429
 90
1428
 90
3
 90
1430
 90
1428
 90
1427
 90
3
 90
1430
 90
1427
 90
1426
 90
3
 90
1430
 90
1426
 90
1425
 90
3
 90
1430
 90
1425
 90
1424
 90
3
 90
1430
 90
1424
 90
1423
 90
3
 90
1423
 90
1422
 90
1421
 90
3
 90
1421
 90
1444
 90
1451
 90
3
 90
1421
 90
1451
 90
1450
 90
3
 90
1421
 90
1450
 90
1449
 90
3
 90
1453
 90
1444
 90
1442
 90
3
 90
1453
 90
1442
 90
1441
 90
3
 90
1453
 90
1441
 90
1440
 90
3
 90
1453
 90
1440
 90
1439
 90
3
 90
1453
 90
1439
 90
1438
 90
3
 90
1453
 90
1438
 90
1437
 90
3
 90
1453
 90
1437
 90
1430
 90
3
 90
1423
 90
1421
 90
1449
 90
3
 90
1423
 90
1449
 90
1448
 90
3
 90
1423
 90
1448
 90
1447
 90
3
 90
1423
 90
1447
 90
1446
 90
3
 90
1423
 90
1446
 90
1445
 90
3
 90
1454
 90
1453
 90
1430
 90
3
 90
1430
 90
1423
 90
1445
 90
3
 90
1430
 90
1445
 90
1455
 90
3
 90
1430
 90
1455
 90
1454
 90
3
 90
1421
 90
1422
 90
1386
 90
3
 90
1386
 90
1422
 90
1387
 90
3
 90
1422
 90
1423
 90
1387
 90
3
 90
1387
 90
1423
 90
1388
 90
3
 90
1423
 90
1424
 90
1388
 90
3
 90
1388
 90
1424
 90
1389
 90
3
 90
1424
 90
1425
 90
1389
 90
3
 90
1389
 90
1425
 90
1390
 90
3
 90
1425
 90
1426
 90
1390
 90
3
 90
1390
 90
1426
 90
1391
 90
3
 90
1426
 90
1427
 90
1391
 90
3
 90
1391
 90
1427
 90
1392
 90
3
 90
1427
 90
1428
 90
1392
 90
3
 90
1392
 90
1428
 90
1393
 90
3
 90
1428
 90
1429
 90
1393
 90
3
 90
1393
 90
1429
 90
1394
 90
3
 90
1429
 90
1430
 90
1394
 90
3
 90
1394
 90
1430
 90
1395
 90
3
 90
1430
 90
1431
 90
1395
 90
3
 90
1395
 90
1431
 90
1396
 90
3
 90
1431
 90
1432
 90
1396
 90
3
 90
1396
 90
1432
 90
1397
 90
3
 90
1432
 90
1433
 90
1397
 90
3
 90
1397
 90
1433
 90
1398
 90
3
 90
1433
 90
1434
 90
1398
 90
3
 90
1398
 90
1434
 90
1399
 90
3
 90
1434
 90
1435
 90
1399
 90
3
 90
1399
 90
1435
 90
1400
 90
3
 90
1435
 90
1436
 90
1400
 90
3
 90
1400
 90
1436
 90
1401
 90
3
 90
1436
 90
1437
 90
1401
 90
3
 90
1401
 90
1437
 90
1402
 90
3
 90
1437
 90
1438
 90
1402
 90
3
 90
1402
 90
1438
 90
1403
 90
3
 90
1438
 90
1439
 90
1403
 90
3
 90
1403
 90
1439
 90
1404
 90
3
 90
1439
 90
1440
 90
1404
 90
3
 90
1404
 90
1440
 90
1405
 90
3
 90
1440
 90
1441
 90
1405
 90
3
 90
1405
 90
1441
 90
1406
 90
3
 90
1441
 90
1442
 90
1406
 90
3
 90
1406
 90
1442
 90
1407
 90
3
 90
1442
 90
1443
 90
1407
 90
3
 90
1407
 90
1443
 90
1408
 90
3
 90
1444
 90
1421
 90
1409
 90
3
 90
1409
 90
1421
 90
1386
 90
3
 90
1443
 90
1444
 90
1408
 90
3
 90
1408
 90
1444
 90
1409
 90
3
 90
1445
 90
1446
 90
1410
 90
3
 90
1410
 90
1446
 90
1411
 90
3
 90
1446
 90
1447
 90
1411
 90
3
 90
1411
 90
1447
 90
1412
 90
3
 90
1447
 90
1448
 90
1412
 90
3
 90
1412
 90
1448
 90
1413
 90
3
 90
1448
 90
1449
 90
1413
 90
3
 90
1413
 90
1449
 90
1414
 90
3
 90
1449
 90
1450
 90
1414
 90
3
 90
1414
 90
1450
 90
1415
 90
3
 90
1450
 90
1451
 90
1415
 90
3
 90
1415
 90
1451
 90
1416
 90
3
 90
1451
 90
1452
 90
1416
 90
3
 90
1416
 90
1452
 90
1417
 90
3
 90
1452
 90
1453
 90
1417
 90
3
 90
1417
 90
1453
 90
1418
 90
3
 90
1453
 90
1454
 90
1418
 90
3
 90
1418
 90
1454
 90
1419
 90
3
 90
1455
 90
1445
 90
1420
 90
3
 90
1420
 90
1445
 90
1410
 90
3
 90
1454
 90
1455
 90
1419
 90
3
 90
1419
 90
1455
 90
1420
 90
3
 90
1461
 90
1462
 90
1456
 90
3
 90
1460
 90
1461
 90
1456
 90
3
 90
1459
 90
1460
 90
1456
 90
3
 90
1458
 90
1459
 90
1456
 90
3
 90
1457
 90
1458
 90
1456
 90
3
 90
1463
 90
1469
 90
1468
 90
3
 90
1463
 90
1468
 90
1467
 90
3
 90
1463
 90
1467
 90
1466
 90
3
 90
1463
 90
1466
 90
1465
 90
3
 90
1463
 90
1465
 90
1464
 90
3
 90
1463
 90
1464
 90
1456
 90
3
 90
1456
 90
1464
 90
1457
 90
3
 90
1464
 90
1465
 90
1457
 90
3
 90
1457
 90
1465
 90
1458
 90
3
 90
1465
 90
1466
 90
1458
 90
3
 90
1458
 90
1466
 90
1459
 90
3
 90
1466
 90
1467
 90
1459
 90
3
 90
1459
 90
1467
 90
1460
 90
3
 90
1467
 90
1468
 90
1460
 90
3
 90
1460
 90
1468
 90
1461
 90
3
 90
1469
 90
1463
 90
1462
 90
3
 90
1462
 90
1463
 90
1456
 90
3
 90
1468
 90
1469
 90
1461
 90
3
 90
1461
 90
1469
 90
1462
 90
3
 90
1472
 90
1473
 90
1470
 90
3
 90
1471
 90
1472
 90
1470
 90
3
 90
1474
 90
1477
 90
1476
 90
3
 90
1474
 90
1476
 90
1475
 90
3
 90
1474
 90
1475
 90
1470
 90
3
 90
1470
 90
1475
 90
1471
 90
3
 90
1475
 90
1476
 90
1471
 90
3
 90
1471
 90
1476
 90
1472
 90
3
 90
1477
 90
1474
 90
1473
 90
3
 90
1473
 90
1474
 90
1470
 90
3
 90
1476
 90
1477
 90
1472
 90
3
 90
1472
 90
1477
 90
1473
 90
3
 90
1480
 90
1481
 90
1478
 90
3
 90
1479
 90
1480
 90
1478
 90
3
 90
1482
 90
1485
 90
1484
 90
3
 90
1482
 90
1484
 90
1483
 90
3
 90
1482
 90
1483
 90
1478
 90
3
 90
1478
 90
1483
 90
1479
 90
3
 90
1483
 90
1484
 90
1479
 90
3
 90
1479
 90
1484
 90
1480
 90
3
 90
1485
 90
1482
 90
1481
 90
3
 90
1481
 90
1482
 90
1478
 90
3
 90
1484
 90
1485
 90
1480
 90
3
 90
1480
 90
1485
 90
1481
 90
3
 90
1491
 90
1492
 90
1486
 90
3
 90
1490
 90
1491
 90
1486
 90
3
 90
1489
 90
1490
 90
1486
 90
3
 90
1488
 90
1489
 90
1486
 90
3
 90
1487
 90
1488
 90
1486
 90
3
 90
1493
 90
1499
 90
1498
 90
3
 90
1493
 90
1498
 90
1497
 90
3
 90
1493
 90
1497
 90
1496
 90
3
 90
1493
 90
1496
 90
1495
 90
3
 90
1493
 90
1495
 90
1494
 90
3
 90
1493
 90
1494
 90
1486
 90
3
 90
1486
 90
1494
 90
1487
 90
3
 90
1494
 90
1495
 90
1487
 90
3
 90
1487
 90
1495
 90
1488
 90
3
 90
1495
 90
1496
 90
1488
 90
3
 90
1488
 90
1496
 90
1489
 90
3
 90
1496
 90
1497
 90
1489
 90
3
 90
1489
 90
1497
 90
1490
 90
3
 90
1497
 90
1498
 90
1490
 90
3
 90
1490
 90
1498
 90
1491
 90
3
 90
1499
 90
1493
 90
1492
 90
3
 90
1492
 90
1493
 90
1486
 90
3
 90
1498
 90
1499
 90
1491
 90
3
 90
1491
 90
1499
 90
1492
 90
3
 90
1502
 90
1503
 90
1500
 90
3
 90
1501
 90
1502
 90
1500
 90
3
 90
1504
 90
1507
 90
1506
 90
3
 90
1504
 90
1506
 90
1505
 90
3
 90
1504
 90
1505
 90
1500
 90
3
 90
1500
 90
1505
 90
1501
 90
3
 90
1505
 90
1506
 90
1501
 90
3
 90
1501
 90
1506
 90
1502
 90
3
 90
1507
 90
1504
 90
1503
 90
3
 90
1503
 90
1504
 90
1500
 90
3
 90
1506
 90
1507
 90
1502
 90
3
 90
1502
 90
1507
 90
1503
 90
3
 90
1510
 90
1511
 90
1508
 90
3
 90
1509
 90
1510
 90
1508
 90
3
 90
1512
 90
1515
 90
1514
 90
3
 90
1512
 90
1514
 90
1513
 90
3
 90
1512
 90
1513
 90
1508
 90
3
 90
1508
 90
1513
 90
1509
 90
3
 90
1513
 90
1514
 90
1509
 90
3
 90
1509
 90
1514
 90
1510
 90
3
 90
1515
 90
1512
 90
1511
 90
3
 90
1511
 90
1512
 90
1508
 90
3
 90
1514
 90
1515
 90
1510
 90
3
 90
1510
 90
1515
 90
1511
 90
3
 90
1517
 90
1516
 90
1520
 90
3
 90
1517
 90
1520
 90
1518
 90
3
 90
1518
 90
1520
 90
1521
 90
3
 90
1518
 90
1521
 90
1519
 90
3
 90
1520
 90
1516
 90
1522
 90
3
 90
1520
 90
1522
 90
1521
 90
3
 90
1521
 90
1522
 90
1523
 90
3
 90
1521
 90
1523
 90
1519
 90
3
 90
1522
 90
1516
 90
1524
 90
3
 90
1522
 90
1524
 90
1523
 90
3
 90
1523
 90
1524
 90
1525
 90
3
 90
1523
 90
1525
 90
1519
 90
3
 90
1524
 90
1516
 90
1526
 90
3
 90
1524
 90
1526
 90
1525
 90
3
 90
1525
 90
1526
 90
1527
 90
3
 90
1525
 90
1527
 90
1519
 90
3
 90
1526
 90
1516
 90
1528
 90
3
 90
1526
 90
1528
 90
1527
 90
3
 90
1527
 90
1528
 90
1529
 90
3
 90
1527
 90
1529
 90
1519
 90
3
 90
1528
 90
1516
 90
1530
 90
3
 90
1528
 90
1530
 90
1529
 90
3
 90
1529
 90
1530
 90
1531
 90
3
 90
1529
 90
1531
 90
1519
 90
3
 90
1530
 90
1516
 90
1532
 90
3
 90
1530
 90
1532
 90
1531
 90
3
 90
1531
 90
1532
 90
1533
 90
3
 90
1531
 90
1533
 90
1519
 90
3
 90
1532
 90
1516
 90
1517
 90
3
 90
1532
 90
1517
 90
1533
 90
3
 90
1533
 90
1517
 90
1518
 90
3
 90
1533
 90
1518
 90
1519
 90
3
 90
1534
 90
1571
 90
1550
 90
3
 90
1571
 90
1545
 90
1574
 90
3
 90
1550
 90
1574
 90
1539
 90
3
 90
1571
 90
1574
 90
1550
 90
3
 90
1534
 90
1550
 90
1546
 90
3
 90
1550
 90
1539
 90
1551
 90
3
 90
1546
 90
1551
 90
1535
 90
3
 90
1550
 90
1551
 90
1546
 90
3
 90
1534
 90
1546
 90
1555
 90
3
 90
1546
 90
1535
 90
1556
 90
3
 90
1555
 90
1556
 90
1541
 90
3
 90
1546
 90
1556
 90
1555
 90
3
 90
1534
 90
1555
 90
1567
 90
3
 90
1555
 90
1541
 90
1570
 90
3
 90
1567
 90
1570
 90
1544
 90
3
 90
1555
 90
1570
 90
1567
 90
3
 90
1534
 90
1567
 90
1571
 90
3
 90
1567
 90
1544
 90
1575
 90
3
 90
1571
 90
1575
 90
1545
 90
3
 90
1567
 90
1575
 90
1571
 90
3
 90
1535
 90
1551
 90
1562
 90
3
 90
1551
 90
1539
 90
1565
 90
3
 90
1562
 90
1565
 90
1543
 90
3
 90
1551
 90
1565
 90
1562
 90
3
 90
1539
 90
1574
 90
1552
 90
3
 90
1574
 90
1545
 90
1573
 90
3
 90
1552
 90
1573
 90
1538
 90
3
 90
1574
 90
1573
 90
1552
 90
3
 90
1545
 90
1575
 90
1572
 90
3
 90
1575
 90
1544
 90
1568
 90
3
 90
1572
 90
1568
 90
1536
 90
3
 90
1575
 90
1568
 90
1572
 90
3
 90
1544
 90
1570
 90
1569
 90
3
 90
1570
 90
1541
 90
1557
 90
3
 90
1569
 90
1557
 90
1540
 90
3
 90
1570
 90
1557
 90
1569
 90
3
 90
1541
 90
1556
 90
1561
 90
3
 90
1556
 90
1535
 90
1558
 90
3
 90
1561
 90
1558
 90
1542
 90
3
 90
1556
 90
1558
 90
1561
 90
3
 90
1537
 90
1563
 90
1549
 90
3
 90
1563
 90
1543
 90
1564
 90
3
 90
1549
 90
1564
 90
1538
 90
3
 90
1563
 90
1564
 90
1549
 90
3
 90
1537
 90
1549
 90
1547
 90
3
 90
1549
 90
1538
 90
1548
 90
3
 90
1547
 90
1548
 90
1536
 90
3
 90
1549
 90
1548
 90
1547
 90
3
 90
1537
 90
1547
 90
1554
 90
3
 90
1547
 90
1536
 90
1553
 90
3
 90
1554
 90
1553
 90
1540
 90
3
 90
1547
 90
1553
 90
1554
 90
3
 90
1537
 90
1554
 90
1559
 90
3
 90
1554
 90
1540
 90
1560
 90
3
 90
1559
 90
1560
 90
1542
 90
3
 90
1554
 90
1560
 90
1559
 90
3
 90
1537
 90
1559
 90
1563
 90
3
 90
1559
 90
1542
 90
1566
 90
3
 90
1563
 90
1566
 90
1543
 90
3
 90
1559
 90
1566
 90
1563
 90
3
 90
1538
 90
1564
 90
1552
 90
3
 90
1564
 90
1543
 90
1565
 90
3
 90
1552
 90
1565
 90
1539
 90
3
 90
1564
 90
1565
 90
1552
 90
3
 90
1536
 90
1548
 90
1572
 90
3
 90
1548
 90
1538
 90
1573
 90
3
 90
1572
 90
1573
 90
1545
 90
3
 90
1548
 90
1573
 90
1572
 90
3
 90
1540
 90
1553
 90
1569
 90
3
 90
1553
 90
1536
 90
1568
 90
3
 90
1569
 90
1568
 90
1544
 90
3
 90
1553
 90
1568
 90
1569
 90
3
 90
1542
 90
1560
 90
1561
 90
3
 90
1560
 90
1540
 90
1557
 90
3
 90
1561
 90
1557
 90
1541
 90
3
 90
1560
 90
1557
 90
1561
 90
3
 90
1543
 90
1566
 90
1562
 90
3
 90
1566
 90
1542
 90
1558
 90
3
 90
1562
 90
1558
 90
1535
 90
3
 90
1566
 90
1558
 90
1562
 94
0
 95
0
 90
0
  0
MESH
  5
A4
330
17
100
AcDbEntity
  8
3D-LABEL
100
AcDbSubDMesh
 71
2
 72
0
 91
0
 92
432
 10
26.80941358024692
 20
-43.28600823045267
 30
0.2
 10
29.281121399176953
 20
-43.28600823045267
 30
0.2
 10
29.281121399176953
 20
-44.45627572016461
 30
0.2
 10
26.80941358024692
 20
-44.45627572016461
 30
0.2
 10
26.80941358024692
 20
-47.0
 30
0.2
 10
25.26234567901235
 20
-47.0
 30
0.2
 10
25.26234567901235
 20
-40.99948559670782
 30
0.2
 10
29.436728395061728
 20
-40.99948559670782
 30
0.2
 10
29.436728395061728
 20
-42.16975308641975
 30
0.2
 10
26.80941358024692
 20
-42.16975308641975
 30
0.2
 10
26.80941358024692
 20
-43.28600823045267
 30
0.6000000000000001
 10
29.281121399176953
 20
-43.28600823045267
 30
0.6000000000000001
 10
29.281121399176953
 20
-44.45627572016461
 30
0.6000000000000001
 10
26.80941358024692
 20
-44.45627572016461
 30
0.6000000000000001
 10
26.80941358024692
 20
-47.0
 30
0.6000000000000001
 10
25.26234567901235
 20
-47.0
 30
0.6000000000000001
 10
25.26234567901235
 20
-40.99948559670782
 30
0.6000000000000001
 10
29.436728395061728
 20
-40.99948559670782
 30
0.6000000000000001
 10
29.436728395061728
 20
-42.16975308641975
 30
0.6000000000000001
 10
26.80941358024692
 20
-42.16975308641975
 30
0.6000000000000001
 10
33.247170781893004
 20
-40.99948559670782
 30
0.2
 10
34.27436985596708
 20
-41.0991512345679
 30
0.2
 10
34.98456790123457
 20
-41.398148148148145
 30
0.2
 10
35.39930555555556
 20
-41.911265432098766
 30
0.2
 10
35.53755144032922
 20
-42.65586419753086
 30
0.2
 10
35.465534979423865
 20
-43.19695216049383
 30
0.2
 10
35.24948559670782
 20
-43.63194444444444
 30
0.2
 10
34.88972479423869
 20
-43.963734567901234
 30
0.2
 10
34.38400205761317
 20
-44.195216049382715
 30
0.2
 10
34.6849279835391
 20
-44.31320730452675
 30
0.2
 10
34.95241769547326
 20
-44.523148148148145
 30
0.2
 10
35.205761316872426
 20
-44.84368569958848
 30
0.2
 10
35.46167695473251
 20
-45.296039094650205
 30
0.2
 10
36.30144032921811
 20
-47.0
 30
0.2
 10
34.65406378600823
 20
-47.0
 30
0.2
 10
33.92232510288066
 20
-45.50951646090535
 30
0.2
 10
33.69952417695474
 20
-45.13078703703704
 30
0.2
 10
33.47350823045268
 20
-44.89480452674897
 30
0.2
 10
33.209233539094654
 20
-44.77038323045267
 30
0.2
 10
32.869084362139915
 20
-44.72890946502058
 30
0.2
 10
32.43184156378601
 20
-44.72890946502058
 30
0.2
 10
32.43184156378601
 20
-47.0
 30
0.2
 10
30.88477366255144
 20
-47.0
 30
0.2
 10
30.88477366255144
 20
-40.99948559670782
 30
0.2
 10
33.990483539094654
 20
-42.88477366255144
 30
0.2
 10
33.93775720164609
 20
-42.53305041152263
 30
0.2
 10
33.77957818930041
 20
-42.29835390946502
 30
0.2
 10
33.49987139917695
 20
-42.165252057613166
 30
0.2
 10
33.08256172839506
 20
-42.12088477366255
 30
0.2
 10
32.43184156378601
 20
-42.12088477366255
 30
0.2
 10
32.43184156378601
 20
-43.6602366255144
 30
0.2
 10
33.08256172839506
 20
-43.6602366255144
 30
0.2
 10
33.49987139917695
 20
-43.61522633744856
 30
0.2
 10
33.77957818930041
 20
-43.48019547325103
 30
0.2
 10
33.93775720164609
 20
-43.24067644032922
 30
0.2
 10
33.247170781893004
 20
-40.99948559670782
 30
0.6000000000000001
 10
34.27436985596708
 20
-41.0991512345679
 30
0.6000000000000001
 10
34.98456790123457
 20
-41.398148148148145
 30
0.6000000000000001
 10
35.39930555555556
 20
-41.911265432098766
 30
0.6000000000000001
 10
35.53755144032922
 20
-42.65586419753086
 30
0.6000000000000001
 10
35.465534979423865
 20
-43.19695216049383
 30
0.6000000000000001
 10
35.24948559670782
 20
-43.63194444444444
 30
0.6000000000000001
 10
34.88972479423869
 20
-43.963734567901234
 30
0.6000000000000001
 10
34.38400205761317
 20
-44.195216049382715
 30
0.6000000000000001
 10
34.6849279835391
 20
-44.31320730452675
 30
0.6000000000000001
 10
34.95241769547326
 20
-44.523148148148145
 30
0.6000000000000001
 10
35.205761316872426
 20
-44.84368569958848
 30
0.6000000000000001
 10
35.46167695473251
 20
-45.296039094650205
 30
0.6000000000000001
 10
36.30144032921811
 20
-47.0
 30
0.6000000000000001
 10
34.65406378600823
 20
-47.0
 30
0.6000000000000001
 10
33.92232510288066
 20
-45.50951646090535
 30
0.6000000000000001
 10
33.69952417695474
 20
-45.13078703703704
 30
0.6000000000000001
 10
33.47350823045268
 20
-44.89480452674897
 30
0.6000000000000001
 10
33.209233539094654
 20
-44.77038323045267
 30
0.6000000000000001
 10
32.869084362139915
 20
-44.72890946502058
 30
0.6000000000000001
 10
32.43184156378601
 20
-44.72890946502058
 30
0.6000000000000001
 10
32.43184156378601
 20
-47.0
 30
0.6000000000000001
 10
30.88477366255144
 20
-47.0
 30
0.6000000000000001
 10
30.88477366255144
 20
-40.99948559670782
 30
0.6000000000000001
 10
33.990483539094654
 20
-42.88477366255144
 30
0.6000000000000001
 10
33.93775720164609
 20
-42.53305041152263
 30
0.6000000000000001
 10
33.77957818930041
 20
-42.29835390946502
 30
0.6000000000000001
 10
33.49987139917695
 20
-42.165252057613166
 30
0.6000000000000001
 10
33.08256172839506
 20
-42.12088477366255
 30
0.6000000000000001
 10
32.43184156378601
 20
-42.12088477366255
 30
0.6000000000000001
 10
32.43184156378601
 20
-43.6602366255144
 30
0.6000000000000001
 10
33.08256172839506
 20
-43.6602366255144
 30
0.6000000000000001
 10
33.49987139917695
 20
-43.61522633744856
 30
0.6000000000000001
 10
33.77957818930041
 20
-43.48019547325103
 30
0.6000000000000001
 10
33.93775720164609
 20
-43.24067644032922
 30
0.6000000000000001
 10
42.84400720164609
 20
-42.70473251028807
 30
0.2
 10
43.04912551440329
 20
-44.00617283950617
 30
0.2
 10
42.84400720164609
 20
-45.304076646090536
 30
0.2
 10
42.228652263374485
 20
-46.28883744855967
 30
0.2
 10
41.2525720164609
 20
-46.909979423868315
 30
0.2
 10
39.96270576131687
 20
-47.11702674897119
 30
0.2
 10
38.675090020576135
 20
-46.909979423868315
 30
0.2
 10
37.69804526748971
 20
-46.28883744855967
 30
0.2
 10
37.08172582304527
 20
-45.304076646090536
 30
0.2
 10
36.87628600823045
 20
-44.00617283950617
 30
0.2
 10
37.08172582304527
 20
-42.70473251028807
 30
0.2
 10
37.69804526748971
 20
-41.71965020576132
 30
0.2
 10
38.675090020576135
 20
-41.09850823045267
 30
0.2
 10
39.96270576131687
 20
-40.891460905349795
 30
0.2
 10
41.2525720164609
 20
-41.09850823045267
 30
0.2
 10
42.228652263374485
 20
-41.71965020576132
 30
0.2
 10
38.57349537037037
 20
-43.16383744855967
 30
0.2
 10
38.47608024691358
 20
-44.00617283950617
 30
0.2
 10
38.57349537037037
 20
-44.84497170781893
 30
0.2
 10
38.86574074074074
 20
-45.47350823045267
 30
0.2
 10
39.33481224279835
 20
-45.865097736625515
 30
0.2
 10
39.96270576131687
 20
-45.99562757201646
 30
0.2
 10
40.59349279835391
 20
-45.865097736625515
 30
0.2
 10
41.06352880658436
 20
-45.47350823045267
 30
0.2
 10
41.35577417695473
 20
-44.84497170781893
 30
0.2
 10
41.45318930041152
 20
-44.00617283950617
 30
0.2
 10
41.35577417695473
 20
-43.16383744855967
 30
0.2
 10
41.06352880658436
 20
-42.534979423868315
 30
0.2
 10
40.59349279835391
 20
-42.14338991769547
 30
0.2
 10
39.96270576131687
 20
-42.01286008230453
 30
0.2
 10
39.33481224279835
 20
-42.14338991769547
 30
0.2
 10
38.86574074074074
 20
-42.534979423868315
 30
0.2
 10
42.84400720164609
 20
-42.70473251028807
 30
0.6000000000000001
 10
43.04912551440329
 20
-44.00617283950617
 30
0.6000000000000001
 10
42.84400720164609
 20
-45.304076646090536
 30
0.6000000000000001
 10
42.228652263374485
 20
-46.28883744855967
 30
0.6000000000000001
 10
41.2525720164609
 20
-46.909979423868315
 30
0.6000000000000001
 10
39.96270576131687
 20
-47.11702674897119
 30
0.6000000000000001
 10
38.675090020576135
 20
-46.909979423868315
 30
0.6000000000000001
 10
37.69804526748971
 20
-46.28883744855967
 30
0.6000000000000001
 10
37.08172582304527
 20
-45.304076646090536
 30
0.6000000000000001
 10
36.87628600823045
 20
-44.00617283950617
 30
0.6000000000000001
 10
37.08172582304527
 20
-42.70473251028807
 30
0.6000000000000001
 10
37.69804526748971
 20
-41.71965020576132
 30
0.6000000000000001
 10
38.675090020576135
 20
-41.09850823045267
 30
0.6000000000000001
 10
39.96270576131687
 20
-40.891460905349795
 30
0.6000000000000001
 10
41.2525720164609
 20
-41.09850823045267
 30
0.6000000000000001
 10
42.228652263374485
 20
-41.71965020576132
 30
0.6000000000000001
 10
38.57349537037037
 20
-43.16383744855967
 30
0.6000000000000001
 10
38.47608024691358
 20
-44.00617283950617
 30
0.6000000000000001
 10
38.57349537037037
 20
-44.84497170781893
 30
0.6000000000000001
 10
38.86574074074074
 20
-45.47350823045267
 30
0.6000000000000001
 10
39.33481224279835
 20
-45.865097736625515
 30
0.6000000000000001
 10
39.96270576131687
 20
-45.99562757201646
 30
0.6000000000000001
 10
40.59349279835391
 20
-45.865097736625515
 30
0.6000000000000001
 10
41.06352880658436
 20
-45.47350823045267
 30
0.6000000000000001
 10
41.35577417695473
 20
-44.84497170781893
 30
0.6000000000000001
 10
41.45318930041152
 20
-44.00617283950617
 30
0.6000000000000001
 10
41.35577417695473
 20
-43.16383744855967
 30
0.6000000000000001
 10
41.06352880658436
 20
-42.534979423868315
 30
0.6000000000000001
 10
40.59349279835391
 20
-42.14338991769547
 30
0.6000000000000001
 10
39.96270576131687
 20
-42.01286008230453
 30
0.6000000000000001
 10
39.33481224279835
 20
-42.14338991769547
 30
0.6000000000000001
 10
38.86574074074074
 20
-42.534979423868315
 30
0.6000000000000001
 10
48.128858024691354
 20
-45.114711934156375
 30
0.2
 10
48.128858024691354
 20
-40.99948559670782
 30
0.2
 10
49.596193415637856
 20
-40.99948559670782
 30
0.2
 10
49.596193415637856
 20
-47.0
 30
0.2
 10
47.867798353909464
 20
-47.0
 30
0.2
 10
45.68544238683128
 20
-42.88477366255144
 30
0.2
 10
45.68544238683128
 20
-47.0
 30
0.2
 10
44.219393004115226
 20
-47.0
 30
0.2
 10
44.219393004115226
 20
-40.99948559670782
 30
0.2
 10
45.946502057613166
 20
-40.99948559670782
 30
0.2
 10
48.128858024691354
 20
-45.114711934156375
 30
0.6000000000000001
 10
48.128858024691354
 20
-40.99948559670782
 30
0.6000000000000001
 10
49.596193415637856
 20
-40.99948559670782
 30
0.6000000000000001
 10
49.596193415637856
 20
-47.0
 30
0.6000000000000001
 10
47.867798353909464
 20
-47.0
 30
0.6000000000000001
 10
45.68544238683128
 20
-42.88477366255144
 30
0.6000000000000001
 10
45.68544238683128
 20
-47.0
 30
0.6000000000000001
 10
44.219393004115226
 20
-47.0
 30
0.6000000000000001
 10
44.219393004115226
 20
-40.99948559670782
 30
0.6000000000000001
 10
45.946502057613166
 20
-40.99948559670782
 30
0.6000000000000001
 10
55.92078189300412
 20
-42.16975308641975
 30
0.2
 10
53.93132716049383
 20
-42.16975308641975
 30
0.2
 10
53.93132716049383
 20
-47.0
 30
0.2
 10
52.38425925925926
 20
-47.0
 30
0.2
 10
52.38425925925926
 20
-42.16975308641975
 30
0.2
 10
50.390946502057616
 20
-42.16975308641975
 30
0.2
 10
50.390946502057616
 20
-40.99948559670782
 30
0.2
 10
55.92078189300412
 20
-40.99948559670782
 30
0.2
 10
55.92078189300412
 20
-42.16975308641975
 30
0.6000000000000001
 10
53.93132716049383
 20
-42.16975308641975
 30
0.6000000000000001
 10
53.93132716049383
 20
-47.0
 30
0.6000000000000001
 10
52.38425925925926
 20
-47.0
 30
0.6000000000000001
 10
52.38425925925926
 20
-42.16975308641975
 30
0.6000000000000001
 10
50.390946502057616
 20
-42.16975308641975
 30
0.6000000000000001
 10
50.390946502057616
 20
-40.99948559670782
 30
0.6000000000000001
 10
55.92078189300412
 20
-40.99948559670782
 30
0.6000000000000001
 10
63.07034465020576
 20
-47.11734825102881
 30
0.2
 10
62.69675925925926
 20
-46.19881687242798
 30
0.2
 10
62.47685185185185
 20
-45.30761316872428
 30
0.2
 10
62.40354938271605
 20
-44.42412551440329
 30
0.2
 10
62.47717335390947
 20
-43.538065843621396
 30
0.2
 10
62.69804526748972
 20
-42.64171810699588
 30
0.2
 10
63.072595164609055
 20
-41.71868569958848
 30
0.2
 10
63.60468106995885
 20
-40.75514403292181
 30
0.2
 10
64.79938271604938
 20
-40.75514403292181
 30
0.2
 10
64.34927983539094
 20
-41.696502057613166
 30
0.2
 10
64.02777777777777
 20
-42.617283950617285
 30
0.2
 10
63.83487654320987
 20
-43.52231224279836
 30
0.2
 10
63.77057613168724
 20
-44.41640946502058
 30
0.2
 10
63.83423353909465
 20
-45.31018518518518
 30
0.2
 10
64.02520576131687
 20
-46.21682098765432
 30
0.2
 10
64.34606481481481
 20
-47.13985339506173
 30
0.2
 10
64.79938271604938
 20
-48.08539094650206
 30
0.2
 10
63.60468106995885
 20
-48.08539094650206
 30
0.2
 10
63.07034465020576
 20
-47.11734825102881
 30
0.6000000000000001
 10
62.69675925925926
 20
-46.19881687242798
 30
0.6000000000000001
 10
62.47685185185185
 20
-45.30761316872428
 30
0.6000000000000001
 10
62.40354938271605
 20
-44.42412551440329
 30
0.6000000000000001
 10
62.47717335390947
 20
-43.538065843621396
 30
0.6000000000000001
 10
62.69804526748972
 20
-42.64171810699588
 30
0.6000000000000001
 10
63.072595164609055
 20
-41.71868569958848
 30
0.6000000000000001
 10
63.60468106995885
 20
-40.75514403292181
 30
0.6000000000000001
 10
64.79938271604938
 20
-40.75514403292181
 30
0.6000000000000001
 10
64.34927983539094
 20
-41.696502057613166
 30
0.6000000000000001
 10
64.02777777777777
 20
-42.617283950617285
 30
0.6000000000000001
 10
63.83487654320987
 20
-43.52231224279836
 30
0.6000000000000001
 10
63.77057613168724
 20
-44.41640946502058
 30
0.6000000000000001
 10
63.83423353909465
 20
-45.31018518518518
 30
0.6000000000000001
 10
64.02520576131687
 20
-46.21682098765432
 30
0.6000000000000001
 10
64.34606481481481
 20
-47.13985339506173
 30
0.6000000000000001
 10
64.79938271604938
 20
-48.08539094650206
 30
0.6000000000000001
 10
63.60468106995885
 20
-48.08539094650206
 30
0.6000000000000001
 10
67.05375514403292
 20
-47.0
 30
0.2
 10
65.49768518518519
 20
-47.0
 30
0.2
 10
67.7199074074074
 20
-40.99948559670782
 30
0.2
 10
69.565329218107
 20
-40.99948559670782
 30
0.2
 10
71.78755144032922
 20
-47.0
 30
0.2
 10
70.23276748971193
 20
-47.0
 30
0.2
 10
69.85468106995884
 20
-45.906893004115226
 30
0.2
 10
67.43569958847736
 20
-45.906893004115226
 30
0.2
 10
68.64454732510288
 20
-42.40637860082305
 30
0.2
 10
67.82150205761317
 20
-44.79320987654321
 30
0.2
 10
69.46502057613169
 20
-44.79320987654321
 30
0.2
 10
67.05375514403292
 20
-47.0
 30
0.6000000000000001
 10
65.49768518518519
 20
-47.0
 30
0.6000000000000001
 10
67.7199074074074
 20
-40.99948559670782
 30
0.6000000000000001
 10
69.565329218107
 20
-40.99948559670782
 30
0.6000000000000001
 10
71.78755144032922
 20
-47.0
 30
0.6000000000000001
 10
70.23276748971193
 20
-47.0
 30
0.6000000000000001
 10
69.85468106995884
 20
-45.906893004115226
 30
0.6000000000000001
 10
67.43569958847736
 20
-45.906893004115226
 30
0.6000000000000001
 10
68.64454732510288
 20
-42.40637860082305
 30
0.6000000000000001
 10
67.82150205761317
 20
-44.79320987654321
 30
0.6000000000000001
 10
69.46502057613169
 20
-44.79320987654321
 30
0.6000000000000001
 10
74.13065843621399
 20
-40.99948559670782
 30
0.2
 10
74.13065843621399
 20
-47.0
 30
0.2
 10
72.58359053497942
 20
-47.0
 30
0.2
 10
72.58359053497942
 20
-40.99948559670782
 30
0.2
 10
74.13065843621399
 20
-40.99948559670782
 30
0.6000000000000001
 10
74.13065843621399
 20
-47.0
 30
0.6000000000000001
 10
72.58359053497942
 20
-47.0
 30
0.6000000000000001
 10
72.58359053497942
 20
-40.99948559670782
 30
0.6000000000000001
 10
79.81995884773663
 20
-42.45910493827161
 30
0.2
 10
79.33191872427984
 20
-42.26523919753086
 30
0.2
 10
78.85545267489712
 20
-42.126028806584365
 30
0.2
 10
78.39891975308643
 20
-42.041152263374485
 30
0.2
 10
77.96810699588478
 20
-42.01286008230453
 30
0.2
 10
77.48585390946502
 20
-42.051118827160494
 30
0.2
 10
77.14763374485597
 20
-42.16589506172839
 30
0.2
 10
76.94894547325103
 20
-42.36008230452675
 30
0.2
 10
76.88271604938272
 20
-42.63914609053498
 30
0.2
 10
76.92740483539094
 20
-42.85423096707819
 30
0.2
 10
77.06147119341564
 20
-43.015946502057616
 30
0.2
 10
77.31320730452674
 20
-43.14036779835391
 30
0.2
 10
77.71090534979425
 20
-43.24614197530864
 30
0.2
 10
78.36934156378601
 20
-43.37860082304527
 30
0.2
 10
79.22518004115227
 20
-43.63258744855967
 30
0.2
 10
79.79166666666667
 20
-43.99074074074074
 30
0.2
 10
80.10898919753086
 20
-44.48649691358025
 30
0.2
 10
80.2147633744856
 20
-45.15586419753087
 30
0.2
 10
80.06751543209876
 20
-46.02070473251029
 30
0.2
 10
79.62577160493828
 20
-46.632201646090536
 30
0.2
 10
78.8814943415638
 20
-46.99582047325103
 30
0.2
 10
77.82664609053498
 20
-47.11702674897119
 30
0.2
 10
77.25565843621399
 20
-47.089699074074076
 30
0.2
 10
76.6820987654321
 20
-47.007716049382715
 30
0.2
 10
76.10725308641975
 20
-46.87332818930041
 30
0.2
 10
75.5324074074074
 20
-46.68621399176955
 30
0.2
 10
75.5324074074074
 20
-45.380915637860085
 30
0.2
 10
76.09760802469135
 20
-45.64840534979424
 30
0.2
 10
76.64351851851852
 20
-45.84130658436214
 30
0.2
 10
77.1704603909465
 20
-45.95704732510288
 30
0.2
 10
77.67875514403292
 20
-45.99562757201646
 30
0.2
 10
78.12596450617285
 20
-45.95351080246913
 30
0.2
 10
78.45421810699588
 20
-45.82716049382716
 30
0.2
 10
78.65579989711934
 20
-45.62139917695473
 30
0.2
 10
78.7229938271605
 20
-45.34362139917695
 30
0.2
 10
78.67734053497942
 20
-45.095100308641975
 30
0.2
 10
78.54038065843622
 20
-44.9102366255144
 30
0.2
 10
78.2667824074074
 20
-44.76523919753087
 30
0.2
 10
77.81121399176955
 20
-44.63631687242798
 30
0.2
 10
77.2119341563786
 20
-44.50385802469136
 30
0.2
 10
76.43261316872429
 20
-44.253729423868315
 30
0.2
 10
75.89506172839506
 20
-43.88914609053498
 30
0.2
 10
75.5835262345679
 20
-43.3940329218107
 30
0.2
 10
75.47968106995884
 20
-42.75231481481482
 30
0.2
 10
75.62435699588477
 20
-41.95949074074074
 30
0.2
 10
76.05838477366255
 20
-41.37371399176955
 30
0.2
 10
76.76376028806584
 20
-41.01202417695473
 30
0.2
 10
77.72247942386831
 20
-40.891460905349795
 30
0.2
 10
78.22434413580247
 20
-40.910108024691354
 30
0.2
 10
78.73971193415639
 20
-40.96604938271605
 30
0.2
 10
79.27083333333334
 20
-41.058963477366255
 30
0.2
 10
79.81995884773663
 20
-41.188528806584365
 30
0.2
 10
79.81995884773663
 20
-42.45910493827161
 30
0.6000000000000001
 10
79.33191872427984
 20
-42.26523919753086
 30
0.6000000000000001
 10
78.85545267489712
 20
-42.126028806584365
 30
0.6000000000000001
 10
78.39891975308643
 20
-42.041152263374485
 30
0.6000000000000001
 10
77.96810699588478
 20
-42.01286008230453
 30
0.6000000000000001
 10
77.48585390946502
 20
-42.051118827160494
 30
0.6000000000000001
 10
77.14763374485597
 20
-42.16589506172839
 30
0.6000000000000001
 10
76.94894547325103
 20
-42.36008230452675
 30
0.6000000000000001
 10
76.88271604938272
 20
-42.63914609053498
 30
0.6000000000000001
 10
76.92740483539094
 20
-42.85423096707819
 30
0.6000000000000001
 10
77.06147119341564
 20
-43.015946502057616
 30
0.6000000000000001
 10
77.31320730452674
 20
-43.14036779835391
 30
0.6000000000000001
 10
77.71090534979425
 20
-43.24614197530864
 30
0.6000000000000001
 10
78.36934156378601
 20
-43.37860082304527
 30
0.6000000000000001
 10
79.22518004115227
 20
-43.63258744855967
 30
0.6000000000000001
 10
79.79166666666667
 20
-43.99074074074074
 30
0.6000000000000001
 10
80.10898919753086
 20
-44.48649691358025
 30
0.6000000000000001
 10
80.2147633744856
 20
-45.15586419753087
 30
0.6000000000000001
 10
80.06751543209876
 20
-46.02070473251029
 30
0.6000000000000001
 10
79.62577160493828
 20
-46.632201646090536
 30
0.6000000000000001
 10
78.8814943415638
 20
-46.99582047325103
 30
0.6000000000000001
 10
77.82664609053498
 20
-47.11702674897119
 30
0.6000000000000001
 10
77.25565843621399
 20
-47.089699074074076
 30
0.6000000000000001
 10
76.6820987654321
 20
-47.007716049382715
 30
0.6000000000000001
 10
76.10725308641975
 20
-46.87332818930041
 30
0.6000000000000001
 10
75.5324074074074
 20
-46.68621399176955
 30
0.6000000000000001
 10
75.5324074074074
 20
-45.380915637860085
 30
0.6000000000000001
 10
76.09760802469135
 20
-45.64840534979424
 30
0.6000000000000001
 10
76.64351851851852
 20
-45.84130658436214
 30
0.6000000000000001
 10
77.1704603909465
 20
-45.95704732510288
 30
0.6000000000000001
 10
77.67875514403292
 20
-45.99562757201646
 30
0.6000000000000001
 10
78.12596450617285
 20
-45.95351080246913
 30
0.6000000000000001
 10
78.45421810699588
 20
-45.82716049382716
 30
0.6000000000000001
 10
78.65579989711934
 20
-45.62139917695473
 30
0.6000000000000001
 10
78.7229938271605
 20
-45.34362139917695
 30
0.6000000000000001
 10
78.67734053497942
 20
-45.095100308641975
 30
0.6000000000000001
 10
78.54038065843622
 20
-44.9102366255144
 30
0.6000000000000001
 10
78.2667824074074
 20
-44.76523919753087
 30
0.6000000000000001
 10
77.81121399176955
 20
-44.63631687242798
 30
0.6000000000000001
 10
77.2119341563786
 20
-44.50385802469136
 30
0.6000000000000001
 10
76.43261316872429
 20
-44.253729423868315
 30
0.6000000000000001
 10
75.89506172839506
 20
-43.88914609053498
 30
0.6000000000000001
 10
75.5835262345679
 20
-43.3940329218107
 30
0.6000000000000001
 10
75.47968106995884
 20
-42.75231481481482
 30
0.6000000000000001
 10
75.62435699588477
 20
-41.95949074074074
 30
0.6000000000000001
 10
76.05838477366255
 20
-41.37371399176955
 30
0.6000000000000001
 10
76.76376028806584
 20
-41.01202417695473
 30
0.6000000000000001
 10
77.72247942386831
 20
-40.891460905349795
 30
0.6000000000000001
 10
78.22434413580247
 20
-40.910108024691354
 30
0.6000000000000001
 10
78.73971193415639
 20
-40.96604938271605
 30
0.6000000000000001
 10
79.27083333333334
 20
-41.058963477366255
 30
0.6000000000000001
 10
79.81995884773663
 20
-41.188528806584365
 30
0.6000000000000001
 10
83.1198559670782
 20
-40.99948559670782
 30
0.2
 10
83.1198559670782
 20
-45.83101851851852
 30
0.2
 10
85.83590534979425
 20
-45.83101851851852
 30
0.2
 10
85.83590534979425
 20
-47.0
 30
0.2
 10
81.57278806584362
 20
-47.0
 30
0.2
 10
81.57278806584362
 20
-40.99948559670782
 30
0.2
 10
83.1198559670782
 20
-40.99948559670782
 30
0.6000000000000001
 10
83.1198559670782
 20
-45.83101851851852
 30
0.6000000000000001
 10
85.83590534979425
 20
-45.83101851851852
 30
0.6000000000000001
 10
85.83590534979425
 20
-47.0
 30
0.6000000000000001
 10
81.57278806584362
 20
-47.0
 30
0.6000000000000001
 10
81.57278806584362
 20
-40.99948559670782
 30
0.6000000000000001
 10
90.99151234567901
 20
-40.99948559670782
 30
0.2
 10
90.99151234567901
 20
-42.16975308641975
 30
0.2
 10
88.3641975308642
 20
-42.16975308641975
 30
0.2
 10
88.3641975308642
 20
-43.28600823045267
 30
0.2
 10
90.83590534979423
 20
-43.28600823045267
 30
0.2
 10
90.83590534979423
 20
-44.45627572016461
 30
0.2
 10
88.3641975308642
 20
-44.45627572016461
 30
0.2
 10
88.3641975308642
 20
-45.83101851851852
 30
0.2
 10
91.08024691358025
 20
-45.83101851851852
 30
0.2
 10
91.08024691358025
 20
-47.0
 30
0.2
 10
86.81712962962963
 20
-47.0
 30
0.2
 10
86.81712962962963
 20
-40.99948559670782
 30
0.2
 10
90.99151234567901
 20
-40.99948559670782
 30
0.6000000000000001
 10
90.99151234567901
 20
-42.16975308641975
 30
0.6000000000000001
 10
88.3641975308642
 20
-42.16975308641975
 30
0.6000000000000001
 10
88.3641975308642
 20
-43.28600823045267
 30
0.6000000000000001
 10
90.83590534979423
 20
-43.28600823045267
 30
0.6000000000000001
 10
90.83590534979423
 20
-44.45627572016461
 30
0.6000000000000001
 10
88.3641975308642
 20
-44.45627572016461
 30
0.6000000000000001
 10
88.3641975308642
 20
-45.83101851851852
 30
0.6000000000000001
 10
91.08024691358025
 20
-45.83101851851852
 30
0.6000000000000001
 10
91.08024691358025
 20
-47.0
 30
0.6000000000000001
 10
86.81712962962963
 20
-47.0
 30
0.6000000000000001
 10
86.81712962962963
 20
-40.99948559670782
 30
0.6000000000000001
 10
92.79320987654322
 20
-47.13985339506173
 30
0.2
 10
93.11471193415638
 20
-46.21682098765432
 30
0.2
 10
93.30761316872429
 20
-45.31018518518518
 30
0.2
 10
93.37191358024691
 20
-44.41640946502058
 30
0.2
 10
93.30761316872429
 20
-43.52231224279836
 30
0.2
 10
93.11471193415638
 20
-42.617283950617285
 30
0.2
 10
92.79320987654322
 20
-41.696502057613166
 30
0.2
 10
92.34310699588477
 20
-40.75514403292181
 30
0.2
 10
93.53652263374485
 20
-40.75514403292181
 30
0.2
 10
94.06828703703704
 20
-41.71868569958848
 30
0.2
 10
94.44187242798355
 20
-42.64171810699588
 30
0.2
 10
94.66370884773664
 20
-43.538065843621396
 30
0.2
 10
94.73765432098764
 20
-44.42412551440329
 30
0.2
 10
94.66435185185185
 20
-45.30761316872428
 30
0.2
 10
94.44444444444446
 20
-46.19881687242798
 30
0.2
 10
94.07085905349794
 20
-47.11734825102881
 30
0.2
 10
93.53652263374485
 20
-48.08539094650206
 30
0.2
 10
92.34310699588477
 20
-48.08539094650206
 30
0.2
 10
92.79320987654322
 20
-47.13985339506173
 30
0.6000000000000001
 10
93.11471193415638
 20
-46.21682098765432
 30
0.6000000000000001
 10
93.30761316872429
 20
-45.31018518518518
 30
0.6000000000000001
 10
93.37191358024691
 20
-44.41640946502058
 30
0.6000000000000001
 10
93.30761316872429
 20
-43.52231224279836
 30
0.6000000000000001
 10
93.11471193415638
 20
-42.617283950617285
 30
0.6000000000000001
 10
92.79320987654322
 20
-41.696502057613166
 30
0.6000000000000001
 10
92.34310699588477
 20
-40.75514403292181
 30
0.6000000000000001
 10
93.53652263374485
 20
-40.75514403292181
 30
0.6000000000000001
 10
94.06828703703704
 20
-41.71868569958848
 30
0.6000000000000001
 10
94.44187242798355
 20
-42.64171810699588
 30
0.6000000000000001
 10
94.66370884773664
 20
-43.538065843621396
 30
0.6000000000000001
 10
94.73765432098764
 20
-44.42412551440329
 30
0.6000000000000001
 10
94.66435185185185
 20
-45.30761316872428
 30
0.6000000000000001
 10
94.44444444444446
 20
-46.19881687242798
 30
0.6000000000000001
 10
94.07085905349794
 20
-47.11734825102881
 30
0.6000000000000001
 10
93.53652263374485
 20
-48.08539094650206
 30
0.6000000000000001
 10
92.34310699588477
 20
-48.08539094650206
 30
0.6000000000000001
 93
3312
 90
3
 90
7
 90
8
 90
9
 90
3
 90
6
 90
7
 90
9
 90
3
 90
5
 90
6
 90
9
 90
3
 90
3
 90
4
 90
5
 90
3
 90
1
 90
2
 90
3
 90
3
 90
0
 90
1
 90
3
 90
3
 90
5
 90
9
 90
0
 90
3
 90
3
 90
5
 90
0
 90
3
 90
19
 90
18
 90
17
 90
3
 90
19
 90
17
 90
16
 90
3
 90
19
 90
16
 90
15
 90
3
 90
15
 90
14
 90
13
 90
3
 90
13
 90
12
 90
11
 90
3
 90
13
 90
11
 90
10
 90
3
 90
10
 90
19
 90
15
 90
3
 90
10
 90
15
 90
13
 90
3
 90
10
 90
11
 90
0
 90
3
 90
0
 90
11
 90
1
 90
3
 90
11
 90
12
 90
1
 90
3
 90
1
 90
12
 90
2
 90
3
 90
12
 90
13
 90
2
 90
3
 90
2
 90
13
 90
3
 90
3
 90
13
 90
14
 90
3
 90
3
 90
3
 90
14
 90
4
 90
3
 90
14
 90
15
 90
4
 90
3
 90
4
 90
15
 90
5
 90
3
 90
15
 90
16
 90
5
 90
3
 90
5
 90
16
 90
6
 90
3
 90
16
 90
17
 90
6
 90
3
 90
6
 90
17
 90
7
 90
3
 90
17
 90
18
 90
7
 90
3
 90
7
 90
18
 90
8
 90
3
 90
19
 90
10
 90
9
 90
3
 90
9
 90
10
 90
0
 90
3
 90
18
 90
19
 90
8
 90
3
 90
8
 90
19
 90
9
 90
3
 90
49
 90
50
 90
42
 90
3
 90
42
 90
50
 90
51
 90
3
 90
40
 90
41
 90
42
 90
3
 90
33
 90
34
 90
35
 90
3
 90
32
 90
33
 90
35
 90
3
 90
31
 90
32
 90
35
 90
3
 90
30
 90
31
 90
35
 90
3
 90
29
 90
30
 90
35
 90
3
 90
28
 90
29
 90
35
 90
3
 90
26
 90
27
 90
28
 90
3
 90
25
 90
26
 90
28
 90
3
 90
24
 90
25
 90
28
 90
3
 90
23
 90
24
 90
28
 90
3
 90
22
 90
23
 90
28
 90
3
 90
21
 90
22
 90
28
 90
3
 90
43
 90
20
 90
21
 90
3
 90
49
 90
42
 90
43
 90
3
 90
48
 90
49
 90
43
 90
3
 90
47
 90
48
 90
43
 90
3
 90
40
 90
42
 90
51
 90
3
 90
39
 90
40
 90
51
 90
3
 90
38
 90
39
 90
51
 90
3
 90
37
 90
38
 90
51
 90
3
 90
36
 90
37
 90
51
 90
3
 90
35
 90
36
 90
51
 90
3
 90
28
 90
35
 90
51
 90
3
 90
47
 90
43
 90
21
 90
3
 90
46
 90
47
 90
21
 90
3
 90
45
 90
46
 90
21
 90
3
 90
44
 90
45
 90
21
 90
3
 90
54
 90
44
 90
21
 90
3
 90
28
 90
51
 90
52
 90
3
 90
54
 90
21
 90
28
 90
3
 90
53
 90
54
 90
28
 90
3
 90
52
 90
53
 90
28
 90
3
 90
77
 90
85
 90
84
 90
3
 90
86
 90
85
 90
77
 90
3
 90
77
 90
76
 90
75
 90
3
 90
70
 90
69
 90
68
 90
3
 90
70
 90
68
 90
67
 90
3
 90
70
 90
67
 90
66
 90
3
 90
70
 90
66
 90
65
 90
3
 90
70
 90
65
 90
64
 90
3
 90
70
 90
64
 90
63
 90
3
 90
63
 90
62
 90
61
 90
3
 90
63
 90
61
 90
60
 90
3
 90
63
 90
60
 90
59
 90
3
 90
63
 90
59
 90
58
 90
3
 90
63
 90
58
 90
57
 90
3
 90
63
 90
57
 90
56
 90
3
 90
56
 90
55
 90
78
 90
3
 90
78
 90
77
 90
84
 90
3
 90
78
 90
84
 90
83
 90
3
 90
78
 90
83
 90
82
 90
3
 90
86
 90
77
 90
75
 90
3
 90
86
 90
75
 90
74
 90
3
 90
86
 90
74
 90
73
 90
3
 90
86
 90
73
 90
72
 90
3
 90
86
 90
72
 90
71
 90
3
 90
86
 90
71
 90
70
 90
3
 90
86
 90
70
 90
63
 90
3
 90
56
 90
78
 90
82
 90
3
 90
56
 90
82
 90
81
 90
3
 90
56
 90
81
 90
80
 90
3
 90
56
 90
80
 90
79
 90
3
 90
56
 90
79
 90
89
 90
3
 90
87
 90
86
 90
63
 90
3
 90
63
 90
56
 90
89
 90
3
 90
63
 90
89
 90
88
 90
3
 90
63
 90
88
 90
87
 90
3
 90
55
 90
56
 90
20
 90
3
 90
20
 90
56
 90
21
 90
3
 90
56
 90
57
 90
21
 90
3
 90
21
 90
57
 90
22
 90
3
 90
57
 90
58
 90
22
 90
3
 90
22
 90
58
 90
23
 90
3
 90
58
 90
59
 90
23
 90
3
 90
23
 90
59
 90
24
 90
3
 90
59
 90
60
 90
24
 90
3
 90
24
 90
60
 90
25
 90
3
 90
60
 90
61
 90
25
 90
3
 90
25
 90
61
 90
26
 90
3
 90
61
 90
62
 90
26
 90
3
 90
26
 90
62
 90
27
 90
3
 90
62
 90
63
 90
27
 90
3
 90
27
 90
63
 90
28
 90
3
 90
63
 90
64
 90
28
 90
3
 90
28
 90
64
 90
29
 90
3
 90
64
 90
65
 90
29
 90
3
 90
29
 90
65
 90
30
 90
3
 90
65
 90
66
 90
30
 90
3
 90
30
 90
66
 90
31
 90
3
 90
66
 90
67
 90
31
 90
3
 90
31
 90
67
 90
32
 90
3
 90
67
 90
68
 90
32
 90
3
 90
32
 90
68
 90
33
 90
3
 90
68
 90
69
 90
33
 90
3
 90
33
 90
69
 90
34
 90
3
 90
69
 90
70
 90
34
 90
3
 90
34
 90
70
 90
35
 90
3
 90
70
 90
71
 90
35
 90
3
 90
35
 90
71
 90
36
 90
3
 90
71
 90
72
 90
36
 90
3
 90
36
 90
72
 90
37
 90
3
 90
72
 90
73
 90
37
 90
3
 90
37
 90
73
 90
38
 90
3
 90
73
 90
74
 90
38
 90
3
 90
38
 90
74
 90
39
 90
3
 90
74
 90
75
 90
39
 90
3
 90
39
 90
75
 90
40
 90
3
 90
75
 90
76
 90
40
 90
3
 90
40
 90
76
 90
41
 90
3
 90
76
 90
77
 90
41
 90
3
 90
41
 90
77
 90
42
 90
3
 90
78
 90
55
 90
43
 90
3
 90
43
 90
55
 90
20
 90
3
 90
77
 90
78
 90
42
 90
3
 90
42
 90
78
 90
43
 90
3
 90
79
 90
80
 90
44
 90
3
 90
44
 90
80
 90
45
 90
3
 90
80
 90
81
 90
45
 90
3
 90
45
 90
81
 90
46
 90
3
 90
81
 90
82
 90
46
 90
3
 90
46
 90
82
 90
47
 90
3
 90
82
 90
83
 90
47
 90
3
 90
47
 90
83
 90
48
 90
3
 90
83
 90
84
 90
48
 90
3
 90
48
 90
84
 90
49
 90
3
 90
84
 90
85
 90
49
 90
3
 90
49
 90
85
 90
50
 90
3
 90
85
 90
86
 90
50
 90
3
 90
50
 90
86
 90
51
 90
3
 90
86
 90
87
 90
51
 90
3
 90
51
 90
87
 90
52
 90
3
 90
87
 90
88
 90
52
 90
3
 90
52
 90
88
 90
53
 90
3
 90
89
 90
79
 90
54
 90
3
 90
54
 90
79
 90
44
 90
3
 90
88
 90
89
 90
53
 90
3
 90
53
 90
89
 90
54
 90
3
 90
106
 90
107
 90
99
 90
3
 90
121
 90
106
 90
99
 90
3
 90
120
 90
121
 90
99
 90
3
 90
99
 90
107
 90
108
 90
3
 90
98
 90
99
 90
108
 90
3
 90
97
 90
98
 90
108
 90
3
 90
96
 90
97
 90
108
 90
3
 90
94
 90
95
 90
96
 90
3
 90
93
 90
94
 90
96
 90
3
 90
92
 90
93
 90
96
 90
3
 90
90
 90
91
 90
92
 90
3
 90
105
 90
90
 90
92
 90
3
 90
104
 90
105
 90
92
 90
3
 90
102
 90
103
 90
104
 90
3
 90
101
 90
102
 90
104
 90
3
 90
100
 90
101
 90
104
 90
3
 90
120
 90
99
 90
100
 90
3
 90
96
 90
108
 90
109
 90
3
 90
120
 90
100
 90
104
 90
3
 90
119
 90
120
 90
104
 90
3
 90
118
 90
119
 90
104
 90
3
 90
117
 90
118
 90
104
 90
3
 90
116
 90
117
 90
104
 90
3
 90
115
 90
116
 90
104
 90
3
 90
96
 90
109
 90
110
 90
3
 90
115
 90
104
 90
92
 90
3
 90
114
 90
115
 90
92
 90
3
 90
113
 90
114
 90
92
 90
3
 90
112
 90
113
 90
92
 90
3
 90
96
 90
110
 90
111
 90
3
 90
112
 90
92
 90
96
 90
3
 90
111
 90
112
 90
96
 90
3
 90
131
 90
139
 90
138
 90
3
 90
131
 90
138
 90
153
 90
3
 90
131
 90
153
 90
152
 90
3
 90
140
 90
139
 90
131
 90
3
 90
140
 90
131
 90
130
 90
3
 90
140
 90
130
 90
129
 90
3
 90
140
 90
129
 90
128
 90
3
 90
128
 90
127
 90
126
 90
3
 90
128
 90
126
 90
125
 90
3
 90
128
 90
125
 90
124
 90
3
 90
124
 90
123
 90
122
 90
3
 90
124
 90
122
 90
137
 90
3
 90
124
 90
137
 90
136
 90
3
 90
136
 90
135
 90
134
 90
3
 90
136
 90
134
 90
133
 90
3
 90
136
 90
133
 90
132
 90
3
 90
132
 90
131
 90
152
 90
3
 90
141
 90
140
 90
128
 90
3
 90
136
 90
132
 90
152
 90
3
 90
136
 90
152
 90
151
 90
3
 90
136
 90
151
 90
150
 90
3
 90
136
 90
150
 90
149
 90
3
 90
136
 90
149
 90
148
 90
3
 90
136
 90
148
 90
147
 90
3
 90
142
 90
141
 90
128
 90
3
 90
124
 90
136
 90
147
 90
3
 90
124
 90
147
 90
146
 90
3
 90
124
 90
146
 90
145
 90
3
 90
124
 90
145
 90
144
 90
3
 90
143
 90
142
 90
128
 90
3
 90
128
 90
124
 90
144
 90
3
 90
128
 90
144
 90
143
 90
3
 90
122
 90
123
 90
90
 90
3
 90
90
 90
123
 90
91
 90
3
 90
123
 90
124
 90
91
 90
3
 90
91
 90
124
 90
92
 90
3
 90
124
 90
125
 90
92
 90
3
 90
92
 90
125
 90
93
 90
3
 90
125
 90
126
 90
93
 90
3
 90
93
 90
126
 90
94
 90
3
 90
126
 90
127
 90
94
 90
3
 90
94
 90
127
 90
95
 90
3
 90
127
 90
128
 90
95
 90
3
 90
95
 90
128
 90
96
 90
3
 90
128
 90
129
 90
96
 90
3
 90
96
 90
129
 90
97
 90
3
 90
129
 90
130
 90
97
 90
3
 90
97
 90
130
 90
98
 90
3
 90
130
 90
131
 90
98
 90
3
 90
98
 90
131
 90
99
 90
3
 90
131
 90
132
 90
99
 90
3
 90
99
 90
132
 90
100
 90
3
 90
132
 90
133
 90
100
 90
3
 90
100
 90
133
 90
101
 90
3
 90
133
 90
134
 90
101
 90
3
 90
101
 90
134
 90
102
 90
3
 90
134
 90
135
 90
102
 90
3
 90
102
 90
135
 90
103
 90
3
 90
135
 90
136
 90
103
 90
3
 90
103
 90
136
 90
104
 90
3
 90
137
 90
122
 90
105
 90
3
 90
105
 90
122
 90
90
 90
3
 90
136
 90
137
 90
104
 90
3
 90
104
 90
137
 90
105
 90
3
 90
138
 90
139
 90
106
 90
3
 90
106
 90
139
 90
107
 90
3
 90
139
 90
140
 90
107
 90
3
 90
107
 90
140
 90
108
 90
3
 90
140
 90
141
 90
108
 90
3
 90
108
 90
141
 90
109
 90
3
 90
141
 90
142
 90
109
 90
3
 90
109
 90
142
 90
110
 90
3
 90
142
 90
143
 90
110
 90
3
 90
110
 90
143
 90
111
 90
3
 90
143
 90
144
 90
111
 90
3
 90
111
 90
144
 90
112
 90
3
 90
144
 90
145
 90
112
 90
3
 90
112
 90
145
 90
113
 90
3
 90
145
 90
146
 90
113
 90
3
 90
113
 90
146
 90
114
 90
3
 90
146
 90
147
 90
114
 90
3
 90
114
 90
147
 90
115
 90
3
 90
147
 90
148
 90
115
 90
3
 90
115
 90
148
 90
116
 90
3
 90
148
 90
149
 90
116
 90
3
 90
116
 90
149
 90
117
 90
3
 90
149
 90
150
 90
117
 90
3
 90
117
 90
150
 90
118
 90
3
 90
150
 90
151
 90
118
 90
3
 90
118
 90
151
 90
119
 90
3
 90
151
 90
152
 90
119
 90
3
 90
119
 90
152
 90
120
 90
3
 90
153
 90
138
 90
121
 90
3
 90
121
 90
138
 90
106
 90
3
 90
152
 90
153
 90
120
 90
3
 90
120
 90
153
 90
121
 90
3
 90
162
 90
163
 90
154
 90
3
 90
160
 90
161
 90
162
 90
3
 90
159
 90
160
 90
162
 90
3
 90
157
 90
158
 90
159
 90
3
 90
155
 90
156
 90
157
 90
3
 90
154
 90
155
 90
157
 90
3
 90
162
 90
154
 90
157
 90
3
 90
159
 90
162
 90
157
 90
3
 90
164
 90
173
 90
172
 90
3
 90
172
 90
171
 90
170
 90
3
 90
172
 90
170
 90
169
 90
3
 90
169
 90
168
 90
167
 90
3
 90
167
 90
166
 90
165
 90
3
 90
167
 90
165
 90
164
 90
3
 90
167
 90
164
 90
172
 90
3
 90
167
 90
172
 90
169
 90
3
 90
164
 90
165
 90
154
 90
3
 90
154
 90
165
 90
155
 90
3
 90
165
 90
166
 90
155
 90
3
 90
155
 90
166
 90
156
 90
3
 90
166
 90
167
 90
156
 90
3
 90
156
 90
167
 90
157
 90
3
 90
167
 90
168
 90
157
 90
3
 90
157
 90
168
 90
158
 90
3
 90
168
 90
169
 90
158
 90
3
 90
158
 90
169
 90
159
 90
3
 90
169
 90
170
 90
159
 90
3
 90
159
 90
170
 90
160
 90
3
 90
170
 90
171
 90
160
 90
3
 90
160
 90
171
 90
161
 90
3
 90
171
 90
172
 90
161
 90
3
 90
161
 90
172
 90
162
 90
3
 90
173
 90
164
 90
163
 90
3
 90
163
 90
164
 90
154
 90
3
 90
172
 90
173
 90
162
 90
3
 90
162
 90
173
 90
163
 90
3
 90
180
 90
181
 90
174
 90
3
 90
178
 90
179
 90
180
 90
3
 90
176
 90
177
 90
178
 90
3
 90
175
 90
176
 90
178
 90
3
 90
180
 90
174
 90
175
 90
3
 90
178
 90
180
 90
175
 90
3
 90
182
 90
189
 90
188
 90
3
 90
188
 90
187
 90
186
 90
3
 90
186
 90
185
 90
184
 90
3
 90
186
 90
184
 90
183
 90
3
 90
183
 90
182
 90
188
 90
3
 90
183
 90
188
 90
186
 90
3
 90
182
 90
183
 90
174
 90
3
 90
174
 90
183
 90
175
 90
3
 90
183
 90
184
 90
175
 90
3
 90
175
 90
184
 90
176
 90
3
 90
184
 90
185
 90
176
 90
3
 90
176
 90
185
 90
177
 90
3
 90
185
 90
186
 90
177
 90
3
 90
177
 90
186
 90
178
 90
3
 90
186
 90
187
 90
178
 90
3
 90
178
 90
187
 90
179
 90
3
 90
187
 90
188
 90
179
 90
3
 90
179
 90
188
 90
180
 90
3
 90
189
 90
182
 90
181
 90
3
 90
181
 90
182
 90
174
 90
3
 90
188
 90
189
 90
180
 90
3
 90
180
 90
189
 90
181
 90
3
 90
206
 90
207
 90
190
 90
3
 90
205
 90
206
 90
190
 90
3
 90
204
 90
205
 90
190
 90
3
 90
203
 90
204
 90
190
 90
3
 90
202
 90
203
 90
190
 90
3
 90
201
 90
202
 90
190
 90
3
 90
197
 90
198
 90
199
 90
3
 90
196
 90
197
 90
199
 90
3
 90
195
 90
196
 90
199
 90
3
 90
194
 90
195
 90
199
 90
3
 90
193
 90
194
 90
199
 90
3
 90
192
 90
193
 90
199
 90
3
 90
191
 90
192
 90
199
 90
3
 90
201
 90
190
 90
191
 90
3
 90
200
 90
201
 90
191
 90
3
 90
199
 90
200
 90
191
 90
3
 90
208
 90
225
 90
224
 90
3
 90
208
 90
224
 90
223
 90
3
 90
208
 90
223
 90
222
 90
3
 90
208
 90
222
 90
221
 90
3
 90
208
 90
221
 90
220
 90
3
 90
208
 90
220
 90
219
 90
3
 90
217
 90
216
 90
215
 90
3
 90
217
 90
215
 90
214
 90
3
 90
217
 90
214
 90
213
 90
3
 90
217
 90
213
 90
212
 90
3
 90
217
 90
212
 90
211
 90
3
 90
217
 90
211
 90
210
 90
3
 90
217
 90
210
 90
209
 90
3
 90
209
 90
208
 90
219
 90
3
 90
209
 90
219
 90
218
 90
3
 90
209
 90
218
 90
217
 90
3
 90
208
 90
209
 90
190
 90
3
 90
190
 90
209
 90
191
 90
3
 90
209
 90
210
 90
191
 90
3
 90
191
 90
210
 90
192
 90
3
 90
210
 90
211
 90
192
 90
3
 90
192
 90
211
 90
193
 90
3
 90
211
 90
212
 90
193
 90
3
 90
193
 90
212
 90
194
 90
3
 90
212
 90
213
 90
194
 90
3
 90
194
 90
213
 90
195
 90
3
 90
213
 90
214
 90
195
 90
3
 90
195
 90
214
 90
196
 90
3
 90
214
 90
215
 90
196
 90
3
 90
196
 90
215
 90
197
 90
3
 90
215
 90
216
 90
197
 90
3
 90
197
 90
216
 90
198
 90
3
 90
216
 90
217
 90
198
 90
3
 90
198
 90
217
 90
199
 90
3
 90
217
 90
218
 90
199
 90
3
 90
199
 90
218
 90
200
 90
3
 90
218
 90
219
 90
200
 90
3
 90
200
 90
219
 90
201
 90
3
 90
219
 90
220
 90
201
 90
3
 90
201
 90
220
 90
202
 90
3
 90
220
 90
221
 90
202
 90
3
 90
202
 90
221
 90
203
 90
3
 90
221
 90
222
 90
203
 90
3
 90
203
 90
222
 90
204
 90
3
 90
222
 90
223
 90
204
 90
3
 90
204
 90
223
 90
205
 90
3
 90
223
 90
224
 90
205
 90
3
 90
205
 90
224
 90
206
 90
3
 90
225
 90
208
 90
207
 90
3
 90
207
 90
208
 90
190
 90
3
 90
224
 90
225
 90
206
 90
3
 90
206
 90
225
 90
207
 90
3
 90
234
 90
235
 90
227
 90
3
 90
226
 90
227
 90
235
 90
3
 90
233
 90
226
 90
235
 90
3
 90
232
 90
233
 90
235
 90
3
 90
230
 90
231
 90
232
 90
3
 90
229
 90
230
 90
232
 90
3
 90
227
 90
228
 90
229
 90
3
 90
234
 90
227
 90
229
 90
3
 90
236
 90
234
 90
229
 90
3
 90
232
 90
235
 90
236
 90
3
 90
229
 90
232
 90
236
 90
3
 90
238
 90
246
 90
245
 90
3
 90
246
 90
238
 90
237
 90
3
 90
246
 90
237
 90
244
 90
3
 90
246
 90
244
 90
243
 90
3
 90
243
 90
242
 90
241
 90
3
 90
243
 90
241
 90
240
 90
3
 90
240
 90
239
 90
238
 90
3
 90
240
 90
238
 90
245
 90
3
 90
240
 90
245
 90
247
 90
3
 90
247
 90
246
 90
243
 90
3
 90
247
 90
243
 90
240
 90
3
 90
237
 90
238
 90
226
 90
3
 90
226
 90
238
 90
227
 90
3
 90
238
 90
239
 90
227
 90
3
 90
227
 90
239
 90
228
 90
3
 90
239
 90
240
 90
228
 90
3
 90
228
 90
240
 90
229
 90
3
 90
240
 90
241
 90
229
 90
3
 90
229
 90
241
 90
230
 90
3
 90
241
 90
242
 90
230
 90
3
 90
230
 90
242
 90
231
 90
3
 90
242
 90
243
 90
231
 90
3
 90
231
 90
243
 90
232
 90
3
 90
244
 90
237
 90
233
 90
3
 90
233
 90
237
 90
226
 90
3
 90
243
 90
244
 90
232
 90
3
 90
232
 90
244
 90
233
 90
3
 90
245
 90
246
 90
234
 90
3
 90
234
 90
246
 90
235
 90
3
 90
247
 90
245
 90
236
 90
3
 90
236
 90
245
 90
234
 90
3
 90
246
 90
247
 90
235
 90
3
 90
235
 90
247
 90
236
 90
3
 90
250
 90
251
 90
248
 90
3
 90
249
 90
250
 90
248
 90
3
 90
252
 90
255
 90
254
 90
3
 90
252
 90
254
 90
253
 90
3
 90
252
 90
253
 90
248
 90
3
 90
248
 90
253
 90
249
 90
3
 90
253
 90
254
 90
249
 90
3
 90
249
 90
254
 90
250
 90
3
 90
255
 90
252
 90
251
 90
3
 90
251
 90
252
 90
248
 90
3
 90
254
 90
255
 90
250
 90
3
 90
250
 90
255
 90
251
 90
3
 90
306
 90
307
 90
256
 90
3
 90
305
 90
306
 90
256
 90
3
 90
304
 90
305
 90
256
 90
3
 90
303
 90
304
 90
256
 90
3
 90
302
 90
303
 90
256
 90
3
 90
300
 90
301
 90
302
 90
3
 90
299
 90
300
 90
302
 90
3
 90
298
 90
299
 90
302
 90
3
 90
297
 90
298
 90
302
 90
3
 90
296
 90
297
 90
302
 90
3
 90
294
 90
295
 90
296
 90
3
 90
281
 90
282
 90
283
 90
3
 90
280
 90
281
 90
283
 90
3
 90
279
 90
280
 90
283
 90
3
 90
278
 90
279
 90
283
 90
3
 90
277
 90
278
 90
283
 90
3
 90
276
 90
277
 90
283
 90
3
 90
274
 90
275
 90
276
 90
3
 90
273
 90
274
 90
276
 90
3
 90
272
 90
273
 90
276
 90
3
 90
271
 90
272
 90
276
 90
3
 90
270
 90
271
 90
276
 90
3
 90
268
 90
269
 90
270
 90
3
 90
302
 90
256
 90
257
 90
3
 90
276
 90
283
 90
284
 90
3
 90
302
 90
257
 90
258
 90
3
 90
276
 90
284
 90
285
 90
3
 90
302
 90
258
 90
259
 90
3
 90
276
 90
285
 90
286
 90
3
 90
302
 90
259
 90
260
 90
3
 90
276
 90
286
 90
287
 90
3
 90
302
 90
260
 90
261
 90
3
 90
276
 90
287
 90
288
 90
3
 90
302
 90
261
 90
262
 90
3
 90
276
 90
288
 90
289
 90
3
 90
270
 90
276
 90
289
 90
3
 90
302
 90
262
 90
263
 90
3
 90
296
 90
302
 90
263
 90
3
 90
270
 90
289
 90
290
 90
3
 90
296
 90
263
 90
264
 90
3
 90
270
 90
290
 90
291
 90
3
 90
268
 90
270
 90
291
 90
3
 90
267
 90
268
 90
291
 90
3
 90
296
 90
264
 90
265
 90
3
 90
294
 90
296
 90
265
 90
3
 90
293
 90
294
 90
265
 90
3
 90
292
 90
293
 90
265
 90
3
 90
267
 90
291
 90
292
 90
3
 90
266
 90
267
 90
292
 90
3
 90
265
 90
266
 90
292
 90
3
 90
308
 90
359
 90
358
 90
3
 90
308
 90
358
 90
357
 90
3
 90
308
 90
357
 90
356
 90
3
 90
308
 90
356
 90
355
 90
3
 90
308
 90
355
 90
354
 90
3
 90
354
 90
353
 90
352
 90
3
 90
354
 90
352
 90
351
 90
3
 90
354
 90
351
 90
350
 90
3
 90
354
 90
350
 90
349
 90
3
 90
354
 90
349
 90
348
 90
3
 90
348
 90
347
 90
346
 90
3
 90
335
 90
334
 90
333
 90
3
 90
335
 90
333
 90
332
 90
3
 90
335
 90
332
 90
331
 90
3
 90
335
 90
331
 90
330
 90
3
 90
335
 90
330
 90
329
 90
3
 90
335
 90
329
 90
328
 90
3
 90
328
 90
327
 90
326
 90
3
 90
328
 90
326
 90
325
 90
3
 90
328
 90
325
 90
324
 90
3
 90
328
 90
324
 90
323
 90
3
 90
328
 90
323
 90
322
 90
3
 90
322
 90
321
 90
320
 90
3
 90
309
 90
308
 90
354
 90
3
 90
336
 90
335
 90
328
 90
3
 90
310
 90
309
 90
354
 90
3
 90
337
 90
336
 90
328
 90
3
 90
311
 90
310
 90
354
 90
3
 90
338
 90
337
 90
328
 90
3
 90
312
 90
311
 90
354
 90
3
 90
339
 90
338
 90
328
 90
3
 90
313
 90
312
 90
354
 90
3
 90
340
 90
339
 90
328
 90
3
 90
314
 90
313
 90
354
 90
3
 90
341
 90
340
 90
328
 90
3
 90
341
 90
328
 90
322
 90
3
 90
315
 90
314
 90
354
 90
3
 90
315
 90
354
 90
348
 90
3
 90
342
 90
341
 90
322
 90
3
 90
316
 90
315
 90
348
 90
3
 90
343
 90
342
 90
322
 90
3
 90
343
 90
322
 90
320
 90
3
 90
343
 90
320
 90
319
 90
3
 90
317
 90
316
 90
348
 90
3
 90
317
 90
348
 90
346
 90
3
 90
317
 90
346
 90
345
 90
3
 90
317
 90
345
 90
344
 90
3
 90
344
 90
343
 90
319
 90
3
 90
344
 90
319
 90
318
 90
3
 90
344
 90
318
 90
317
 90
3
 90
308
 90
309
 90
256
 90
3
 90
256
 90
309
 90
257
 90
3
 90
309
 90
310
 90
257
 90
3
 90
257
 90
310
 90
258
 90
3
 90
310
 90
311
 90
258
 90
3
 90
258
 90
311
 90
259
 90
3
 90
311
 90
312
 90
259
 90
3
 90
259
 90
312
 90
260
 90
3
 90
312
 90
313
 90
260
 90
3
 90
260
 90
313
 90
261
 90
3
 90
313
 90
314
 90
261
 90
3
 90
261
 90
314
 90
262
 90
3
 90
314
 90
315
 90
262
 90
3
 90
262
 90
315
 90
263
 90
3
 90
315
 90
316
 90
263
 90
3
 90
263
 90
316
 90
264
 90
3
 90
316
 90
317
 90
264
 90
3
 90
264
 90
317
 90
265
 90
3
 90
317
 90
318
 90
265
 90
3
 90
265
 90
318
 90
266
 90
3
 90
318
 90
319
 90
266
 90
3
 90
266
 90
319
 90
267
 90
3
 90
319
 90
320
 90
267
 90
3
 90
267
 90
320
 90
268
 90
3
 90
320
 90
321
 90
268
 90
3
 90
268
 90
321
 90
269
 90
3
 90
321
 90
322
 90
269
 90
3
 90
269
 90
322
 90
270
 90
3
 90
322
 90
323
 90
270
 90
3
 90
270
 90
323
 90
271
 90
3
 90
323
 90
324
 90
271
 90
3
 90
271
 90
324
 90
272
 90
3
 90
324
 90
325
 90
272
 90
3
 90
272
 90
325
 90
273
 90
3
 90
325
 90
326
 90
273
 90
3
 90
273
 90
326
 90
274
 90
3
 90
326
 90
327
 90
274
 90
3
 90
274
 90
327
 90
275
 90
3
 90
327
 90
328
 90
275
 90
3
 90
275
 90
328
 90
276
 90
3
 90
328
 90
329
 90
276
 90
3
 90
276
 90
329
 90
277
 90
3
 90
329
 90
330
 90
277
 90
3
 90
277
 90
330
 90
278
 90
3
 90
330
 90
331
 90
278
 90
3
 90
278
 90
331
 90
279
 90
3
 90
331
 90
332
 90
279
 90
3
 90
279
 90
332
 90
280
 90
3
 90
332
 90
333
 90
280
 90
3
 90
280
 90
333
 90
281
 90
3
 90
333
 90
334
 90
281
 90
3
 90
281
 90
334
 90
282
 90
3
 90
334
 90
335
 90
282
 90
3
 90
282
 90
335
 90
283
 90
3
 90
335
 90
336
 90
283
 90
3
 90
283
 90
336
 90
284
 90
3
 90
336
 90
337
 90
284
 90
3
 90
284
 90
337
 90
285
 90
3
 90
337
 90
338
 90
285
 90
3
 90
285
 90
338
 90
286
 90
3
 90
338
 90
339
 90
286
 90
3
 90
286
 90
339
 90
287
 90
3
 90
339
 90
340
 90
287
 90
3
 90
287
 90
340
 90
288
 90
3
 90
340
 90
341
 90
288
 90
3
 90
288
 90
341
 90
289
 90
3
 90
341
 90
342
 90
289
 90
3
 90
289
 90
342
 90
290
 90
3
 90
342
 90
343
 90
290
 90
3
 90
290
 90
343
 90
291
 90
3
 90
343
 90
344
 90
291
 90
3
 90
291
 90
344
 90
292
 90
3
 90
344
 90
345
 90
292
 90
3
 90
292
 90
345
 90
293
 90
3
 90
345
 90
346
 90
293
 90
3
 90
293
 90
346
 90
294
 90
3
 90
346
 90
347
 90
294
 90
3
 90
294
 90
347
 90
295
 90
3
 90
347
 90
348
 90
295
 90
3
 90
295
 90
348
 90
296
 90
3
 90
348
 90
349
 90
296
 90
3
 90
296
 90
349
 90
297
 90
3
 90
349
 90
350
 90
297
 90
3
 90
297
 90
350
 90
298
 90
3
 90
350
 90
351
 90
298
 90
3
 90
298
 90
351
 90
299
 90
3
 90
351
 90
352
 90
299
 90
3
 90
299
 90
352
 90
300
 90
3
 90
352
 90
353
 90
300
 90
3
 90
300
 90
353
 90
301
 90
3
 90
353
 90
354
 90
301
 90
3
 90
301
 90
354
 90
302
 90
3
 90
354
 90
355
 90
302
 90
3
 90
302
 90
355
 90
303
 90
3
 90
355
 90
356
 90
303
 90
3
 90
303
 90
356
 90
304
 90
3
 90
356
 90
357
 90
304
 90
3
 90
304
 90
357
 90
305
 90
3
 90
357
 90
358
 90
305
 90
3
 90
305
 90
358
 90
306
 90
3
 90
359
 90
308
 90
307
 90
3
 90
307
 90
308
 90
256
 90
3
 90
358
 90
359
 90
306
 90
3
 90
306
 90
359
 90
307
 90
3
 90
364
 90
365
 90
360
 90
3
 90
362
 90
363
 90
364
 90
3
 90
361
 90
362
 90
364
 90
3
 90
360
 90
361
 90
364
 90
3
 90
366
 90
371
 90
370
 90
3
 90
370
 90
369
 90
368
 90
3
 90
370
 90
368
 90
367
 90
3
 90
370
 90
367
 90
366
 90
3
 90
366
 90
367
 90
360
 90
3
 90
360
 90
367
 90
361
 90
3
 90
367
 90
368
 90
361
 90
3
 90
361
 90
368
 90
362
 90
3
 90
368
 90
369
 90
362
 90
3
 90
362
 90
369
 90
363
 90
3
 90
369
 90
370
 90
363
 90
3
 90
363
 90
370
 90
364
 90
3
 90
371
 90
366
 90
365
 90
3
 90
365
 90
366
 90
360
 90
3
 90
370
 90
371
 90
364
 90
3
 90
364
 90
371
 90
365
 90
3
 90
380
 90
381
 90
382
 90
3
 90
379
 90
380
 90
382
 90
3
 90
378
 90
379
 90
382
 90
3
 90
376
 90
377
 90
378
 90
3
 90
375
 90
376
 90
378
 90
3
 90
372
 90
373
 90
374
 90
3
 90
383
 90
372
 90
374
 90
3
 90
382
 90
383
 90
374
 90
3
 90
375
 90
378
 90
382
 90
3
 90
374
 90
375
 90
382
 90
3
 90
394
 90
393
 90
392
 90
3
 90
394
 90
392
 90
391
 90
3
 90
394
 90
391
 90
390
 90
3
 90
390
 90
389
 90
388
 90
3
 90
390
 90
388
 90
387
 90
3
 90
386
 90
385
 90
384
 90
3
 90
386
 90
384
 90
395
 90
3
 90
386
 90
395
 90
394
 90
3
 90
394
 90
390
 90
387
 90
3
 90
394
 90
387
 90
386
 90
3
 90
384
 90
385
 90
372
 90
3
 90
372
 90
385
 90
373
 90
3
 90
385
 90
386
 90
373
 90
3
 90
373
 90
386
 90
374
 90
3
 90
386
 90
387
 90
374
 90
3
 90
374
 90
387
 90
375
 90
3
 90
387
 90
388
 90
375
 90
3
 90
375
 90
388
 90
376
 90
3
 90
388
 90
389
 90
376
 90
3
 90
376
 90
389
 90
377
 90
3
 90
389
 90
390
 90
377
 90
3
 90
377
 90
390
 90
378
 90
3
 90
390
 90
391
 90
378
 90
3
 90
378
 90
391
 90
379
 90
3
 90
391
 90
392
 90
379
 90
3
 90
379
 90
392
 90
380
 90
3
 90
392
 90
393
 90
380
 90
3
 90
380
 90
393
 90
381
 90
3
 90
393
 90
394
 90
381
 90
3
 90
381
 90
394
 90
382
 90
3
 90
395
 90
384
 90
383
 90
3
 90
383
 90
384
 90
372
 90
3
 90
394
 90
395
 90
382
 90
3
 90
382
 90
395
 90
383
 90
3
 90
412
 90
413
 90
396
 90
3
 90
411
 90
412
 90
396
 90
3
 90
410
 90
411
 90
396
 90
3
 90
409
 90
410
 90
396
 90
3
 90
408
 90
409
 90
396
 90
3
 90
407
 90
408
 90
396
 90
3
 90
406
 90
407
 90
396
 90
3
 90
404
 90
405
 90
406
 90
3
 90
403
 90
404
 90
406
 90
3
 90
402
 90
403
 90
406
 90
3
 90
401
 90
402
 90
406
 90
3
 90
400
 90
401
 90
406
 90
3
 90
399
 90
400
 90
406
 90
3
 90
398
 90
399
 90
406
 90
3
 90
397
 90
398
 90
406
 90
3
 90
396
 90
397
 90
406
 90
3
 90
414
 90
431
 90
430
 90
3
 90
414
 90
430
 90
429
 90
3
 90
414
 90
429
 90
428
 90
3
 90
414
 90
428
 90
427
 90
3
 90
414
 90
427
 90
426
 90
3
 90
414
 90
426
 90
425
 90
3
 90
414
 90
425
 90
424
 90
3
 90
424
 90
423
 90
422
 90
3
 90
424
 90
422
 90
421
 90
3
 90
424
 90
421
 90
420
 90
3
 90
424
 90
420
 90
419
 90
3
 90
424
 90
419
 90
418
 90
3
 90
424
 90
418
 90
417
 90
3
 90
424
 90
417
 90
416
 90
3
 90
424
 90
416
 90
415
 90
3
 90
424
 90
415
 90
414
 90
3
 90
414
 90
415
 90
396
 90
3
 90
396
 90
415
 90
397
 90
3
 90
415
 90
416
 90
397
 90
3
 90
397
 90
416
 90
398
 90
3
 90
416
 90
417
 90
398
 90
3
 90
398
 90
417
 90
399
 90
3
 90
417
 90
418
 90
399
 90
3
 90
399
 90
418
 90
400
 90
3
 90
418
 90
419
 90
400
 90
3
 90
400
 90
419
 90
401
 90
3
 90
419
 90
420
 90
401
 90
3
 90
401
 90
420
 90
402
 90
3
 90
420
 90
421
 90
402
 90
3
 90
402
 90
421
 90
403
 90
3
 90
421
 90
422
 90
403
 90
3
 90
403
 90
422
 90
404
 90
3
 90
422
 90
423
 90
404
 90
3
 90
404
 90
423
 90
405
 90
3
 90
423
 90
424
 90
405
 90
3
 90
405
 90
424
 90
406
 90
3
 90
424
 90
425
 90
406
 90
3
 90
406
 90
425
 90
407
 90
3
 90
425
 90
426
 90
407
 90
3
 90
407
 90
426
 90
408
 90
3
 90
426
 90
427
 90
408
 90
3
 90
408
 90
427
 90
409
 90
3
 90
427
 90
428
 90
409
 90
3
 90
409
 90
428
 90
410
 90
3
 90
428
 90
429
 90
410
 90
3
 90
410
 90
429
 90
411
 90
3
 90
429
 90
430
 90
411
 90
3
 90
411
 90
430
 90
412
 90
3
 90
431
 90
414
 90
413
 90
3
 90
413
 90
414
 90
396
 90
3
 90
430
 90
431
 90
412
 90
3
 90
412
 90
431
 90
413
 94
0
 95
0
 90
0
  0
ENDSEC
  0
SECTION
  2
OBJECTS
  0
DICTIONARY
  5
A
330
0
100
AcDbDictionary
281
1
  3
ACAD_COLOR
350
B
  3
ACAD_GROUP
350
C
  3
ACAD_LAYOUT
350
D
  3
ACAD_MATERIAL
350
E
  3
ACAD_MLEADERSTYLE
350
F
  3
ACAD_MLINESTYLE
350
10
  3
ACAD_PLOTSETTINGS
350
11
  3
ACAD_PLOTSTYLENAME
350
12
  3
ACAD_SCALELIST
350
14
  3
ACAD_TABLESTYLE
350
15
  3
ACAD_VISUALSTYLE
350
16
  3
EZDXF_META
350
2D
  0
DICTIONARY
  5
B
330
A
100
AcDbDictionary
281
1
  0
DICTIONARY
  5
C
330
A
100
AcDbDictionary
281
1
  0
DICTIONARY
  5
D
330
A
100
AcDbDictionary
281
1
  3
Model
350
1A
  3
Layout1
350
1E
  0
DICTIONARY
  5
E
330
A
100
AcDbDictionary
281
1
  3
ByBlock
350
1F
  3
ByLayer
350
20
  3
Global
350
21
  0
DICTIONARY
  5
F
330
A
100
AcDbDictionary
281
1
  3
Standard
350
2C
  0
DICTIONARY
  5
10
330
A
100
AcDbDictionary
281
1
  3
Standard
350
22
  0
DICTIONARY
  5
11
330
A
100
AcDbDictionary
281
1
  0
ACDBDICTIONARYWDFLT
  5
12
330
A
100
AcDbDictionary
281
1
  3
Normal
350
13
100
AcDbDictionaryWithDefault
340
13
  0
ACDBPLACEHOLDER
  5
13
330
12
  0
DICTIONARY
  5
14
330
A
100
AcDbDictionary
281
1
  0
DICTIONARY
  5
15
330
A
100
AcDbDictionary
281
1
  0
DICTIONARY
  5
16
330
A
100
AcDbDictionary
281
1
  3
2dWireframe
350
5A
  3
Basic
350
5B
  3
Brighten
350
5C
  3
ColorChange
350
5D
  3
Conceptual
350
5E
  3
Dim
350
5F
  3
EdgeColorOff
350
60
  3
Facepattern
350
61
  3
Flat
350
62
  3
FlatWithEdges
350
63
  3
Gouraud
350
64
  3
GouraudWithEdges
350
65
  3
Hidden
350
66
  3
JitterOff
350
67
  3
Linepattern
350
68
  3
Modeling
350
69
  3
OverhangOff
350
6A
  3
Realistic
350
6B
  3
Shaded
350
6C
  3
Shaded with edges
350
6D
  3
Shades of Gray
350
6E
  3
Sketchy
350
6F
  3
Thicken
350
70
  3
Wireframe
350
71
  3
X-Ray
350
72
  0
LAYOUT
  5
1A
330
D
100
AcDbPlotSettings
  1

  4
A3
  6

 40
7.5
 41
20.0
 42
7.5
 43
20.0
 44
420.0
 45
297.0
 46
0.0
 47
0.0
 48
0.0
 49
0.0
140
0.0
141
0.0
142
1.0
143
1.0
 70
1024
 72
1
 73
0
 74
5
  7

 75
16
 76
0
 77
2
 78
300
147
1.0
148
0.0
149
0.0
100
AcDbLayout
  1
Model
 70
1
 71
0
 10
0.0
 20
0.0
 11
420.0
 21
297.0
 12
0.0
 22
0.0
 32
0.0
 14
1e+20
 24
1e+20
 34
1e+20
 15
-1e+20
 25
-1e+20
 35
-1e+20
146
0.0
 13
0.0
 23
0.0
 33
0.0
 16
1.0
 26
0.0
 36
0.0
 17
0.0
 27
1.0
 37
0.0
 76
1
330
17
  0
LAYOUT
  5
1E
330
D
100
AcDbPlotSettings
  1

  4
A3
  6

 40
7.5
 41
20.0
 42
7.5
 43
20.0
 44
420.0
 45
297.0
 46
0.0
 47
0.0
 48
0.0
 49
0.0
140
0.0
141
0.0
142
1.0
143
1.0
 70
0
 72
1
 73
0
 74
5
  7

 75
16
 76
0
 77
2
 78
300
147
1.0
148
0.0
149
0.0
100
AcDbLayout
  1
Layout1
 70
1
 71
1
 10
0.0
 20
0.0
 11
420.0
 21
297.0
 12
0.0
 22
0.0
 32
0.0
 14
1e+20
 24
1e+20
 34
1e+20
 15
-1e+20
 25
-1e+20
 35
-1e+20
146
0.0
 13
0.0
 23
0.0
 33
0.0
 16
1.0
 26
0.0
 36
0.0
 17
0.0
 27
1.0
 37
0.0
 76
1
330
1B
  0
MATERIAL
  5
1F
102
{ACAD_REACTORS
330
E
102
}
330
E
100
AcDbMaterial
  1
ByBlock
  2

 70
0
 40
1.0
 71
1
 41
1.0
 91
-1023410177
 42
1.0
 72
1
  3

 73
1
 74
1
 75
1
 44
0.5
 73
0
 45
1.0
 46
1.0
 77
1
  4

 78
1
 79
1
170
1
 48
1.0
171
1
  6

172
1
173
1
174
1
140
1.0
141
1.0
175
1
  7

176
1
177
1
178
1
143
1.0
179
1
  8

270
1
271
1
272
1
145
1.0
146
1.0
273
1
  9

274
1
275
1
276
1
 42
1.0
 72
1
  3

 73
1
 74
1
 75
1
 94
63
  0
MATERIAL
  5
20
102
{ACAD_REACTORS
330
E
102
}
330
E
100
AcDbMaterial
  1
ByLayer
  2

 70
0
 40
1.0
 71
1
 41
1.0
 91
-1023410177
 42
1.0
 72
1
  3

 73
1
 74
1
 75
1
 44
0.5
 73
0
 45
1.0
 46
1.0
 77
1
  4

 78
1
 79
1
170
1
 48
1.0
171
1
  6

172
1
173
1
174
1
140
1.0
141
1.0
175
1
  7

176
1
177
1
178
1
143
1.0
179
1
  8

270
1
271
1
272
1
145
1.0
146
1.0
273
1
  9

274
1
275
1
276
1
 42
1.0
 72
1
  3

 73
1
 74
1
 75
1
 94
63
  0
MATERIAL
  5
21
102
{ACAD_REACTORS
330
E
102
}
330
E
100
AcDbMaterial
  1
Global
  2

 70
0
 40
1.0
 71
1
 41
1.0
 91
-1023410177
 42
1.0
 72
1
  3

 73
1
 74
1
 75
1
 44
0.5
 73
0
 45
1.0
 46
1.0
 77
1
  4

 78
1
 79
1
170
1
 48
1.0
171
1
  6

172
1
173
1
174
1
140
1.0
141
1.0
175
1
  7

176
1
177
1
178
1
143
1.0
179
1
  8

270
1
271
1
272
1
145
1.0
146
1.0
273
1
  9

274
1
275
1
276
1
 42
1.0
 72
1
  3

 73
1
 74
1
 75
1
 94
63
  0
MLINESTYLE
  5
22
102
{ACAD_REACTORS
330
10
102
}
330
10
100
AcDbMlineStyle
  2
Standard
 70
0
  3

 62
256
 51
90.0
 52
90.0
 71
2
 49
0.5
 62
256
  6
BYLAYER
 49
-0.5
 62
256
  6
BYLAYER
  0
MLEADERSTYLE
  5
2C
102
{ACAD_REACTORS
330
F
102
}
330
F
100
AcDbMLeaderStyle
179
2
170
2
171
1
172
0
 90
2
 40
0.0
 41
0.0
173
1
 91
-1056964608
 92
-2
290
1
 42
2.0
291
1
 43
8.0
  3
Standard
 44
4.0
300

342
29
174
1
175
1
176
0
178
1
 93
-1056964608
 45
4.0
292
0
297
0
 46
4.0
 94
-1056964608
 47
1.0
 49
1.0
140
1.0
294
1
141
0.0
177
0
142
1.0
295
0
296
0
143
3.75
271
0
272
9
273
9
  0
DICTIONARY
  5
2D
330
A
100
AcDbDictionary
280
1
281
1
  3
CREATED_BY_EZDXF
350
2E
  3
WRITTEN_BY_EZDXF
350
A8
  0
DICTIONARYVAR
  5
2E
330
2D
100
DictionaryVariables
280
0
  1
1.4.4 @ 2026-09-22T21:07:16.481518+00:00
  0
VISUALSTYLE
  5
5A
102
{ACAD_REACTORS
330
16
102
}
330
16
100
AcDbVisualStyle
  2
2dWireframe
 70
4
 90
0
 40
0.6
 62
7
290
0
291
0
  0
VISUALSTYLE
  5
5B
102
{ACAD_REACTORS
330
16
102
}
330
16
100
AcDbVisualStyle
  2
Basic
 70
7
 90
1
 40
0.6
 62
7
290
0
291
1
  0
VISUALSTYLE
  5
5C
102
{ACAD_REACTORS
330
16
102
}
330
16
100
AcDbVisualStyle
  2
Brighten
 70
12
 90
2
 40
0.6
 62
7
290
0
291
1
  0
VISUALSTYLE
  5
5D
102
{ACAD_REACTORS
330
16
102
}
330
16
100
AcDbVisualStyle
  2
ColorChange
 70
16
 90
2
 40
0.6
 62
8
290
0
291
1
  0
VISUALSTYLE
  5
5E
102
{ACAD_REACTORS
330
16
102
}
330
16
100
AcDbVisualStyle
  2
Conceptual
 70
9
 90
3
 40
0.6
 62
7
290
0
291
0
  0
VISUALSTYLE
  5
5F
102
{ACAD_REACTORS
330
16
102
}
330
16
100
AcDbVisualStyle
  2
Dim
 70
11
 90
2
 40
0.6
 62
7
290
0
291
1
  0
VISUALSTYLE
  5
60
102
{ACAD_REACTORS
330
16
102
}
330
16
100
AcDbVisualStyle
  2
EdgeColorOff
 70
22
 90
2
 40
0.6
 62
7
290
0
291
1
  0
VISUALSTYLE
  5
61
102
{ACAD_REACTORS
330
16
102
}
330
16
100
AcDbVisualStyle
  2
Facepattern
 70
15
 90
2
 40
0.6
 62
7
290
0
291
1
  0
VISUALSTYLE
  5
62
102
{ACAD_REACTORS
330
16
102
}
330
16
100
AcDbVisualStyle
  2
Flat
 70
0
 90
2
 40
0.6
 62
7
290
0
291
1
  0
VISUALSTYLE
  5
63
102
{ACAD_REACTORS
330
16
102
}
330
16
100
AcDbVisualStyle
  2
FlatWithEdges
 70
1
 90
2
 40
0.6
 62
7
290
0
291
1
  0
VISUALSTYLE
  5
64
102
{ACAD_REACTORS
330
16
102
}
330
16
100
AcDbVisualStyle
  2
Gouraud
 70
2
 90
2
 40
0.6
 62
7
290
0
291
1
  0
VISUALSTYLE
  5
65
102
{ACAD_REACTORS
330
16
102
}
330
16
100
AcDbVisualStyle
  2
GouraudWithEdges
 70
3
 90
2
 40
0.6
 62
7
290
0
291
1
  0
VISUALSTYLE
  5
66
102
{ACAD_REACTORS
330
16
102
}
330
16
100
AcDbVisualStyle
  2
Hidden
 70
6
 90
1
 40
0.6
 62
7
290
0
291
0
  0
VISUALSTYLE
  5
67
102
{ACAD_REACTORS
330
16
102
}
330
16
100
AcDbVisualStyle
  2
JitterOff
 70
20
 90
2
 40
0.6
 62
7
290
0
291
1
  0
VISUALSTYLE
  5
68
102
{ACAD_REACTORS
330
16
102
}
330
16
100
AcDbVisualStyle
  2
Linepattern
 70
14
 90
2
 40
0.6
 62
7
290
0
291
1
  0
VISUALSTYLE
  5
69
102
{ACAD_REACTORS
330
16
102
}
330
16
100
AcDbVisualStyle
  2
Modeling
 70
10
 90
2
 40
0.6
 62
7
290
0
291
0
  0
VISUALSTYLE
  5
6A
102
{ACAD_REACTORS
330
16
102
}
330
16
100
AcDbVisualStyle
  2
OverhangOff
 70
21
 90
2
 40
0.6
 62
7
290
0
291
1
  0
VISUALSTYLE
  5
6B
102
{ACAD_REACTORS
330
16
102
}
330
16
100
AcDbVisualStyle
  2
Realistic
 70
8
 90
2
 40
0.6
 62
7
290
0
291
0
  0
VISUALSTYLE
  5
6C
102
{ACAD_REACTORS
330
16
102
}
330
16
100
AcDbVisualStyle
  2
Shaded
 70
27
 90
2
 40
0.6
 62
7
290
0
291
0
  0
VISUALSTYLE
  5
6D
102
{ACAD_REACTORS
330
16
102
}
330
16
100
AcDbVisualStyle
  2
Shaded with edges
 70
26
 90
2
 40
0.6
 62
7
290
0
291
0
  0
VISUALSTYLE
  5
6E
102
{ACAD_REACTORS
330
16
102
}
330
16
100
AcDbVisualStyle
  2
Shades of Gray
 70
23
 90
2
 40
0.6
 62
7
290
0
291
0
  0
VISUALSTYLE
  5
6F
102
{ACAD_REACTORS
330
16
102
}
330
16
100
AcDbVisualStyle
  2
Sketchy
 70
24
 90
1
 40
0.6
 62
7
290
0
291
0
  0
VISUALSTYLE
  5
70
102
{ACAD_REACTORS
330
16
102
}
330
16
100
AcDbVisualStyle
  2
Thicken
 70
13
 90
2
 40
0.6
 62
7
290
0
291
1
  0
VISUALSTYLE
  5
71
102
{ACAD_REACTORS
330
16
102
}
330
16
100
AcDbVisualStyle
  2
Wireframe
 70
5
 90
0
 40
0.6
 62
7
290
0
291
0
  0
VISUALSTYLE
  5
72
102
{ACAD_REACTORS
330
16
102
}
330
16
100
AcDbVisualStyle
  2
X-Ray
 70
25
 90
2
 40
0.5
 62
7
290
0
291
0
  0
DICTIONARYVAR
  5
A8
330
2D
100
DictionaryVariables
280
0
  1
1.4.4 @ 2026-09-22T21:07:16.543213+00:00
  0
ENDSEC
  0
EOF
